transaction_id,store_id,product_id,customer_id,quantity,unit_price,timestamp,payment_method
TXN-0002079,STORE-006,PROD-00044,CUST-000408,5,136.55,26-03-2026,cash
TXN-0000679,STORE-005,PROD-00282,CUST-000487,1,311.97,2026-04-11T02:05:32,mobile_wallet
TXN-0000958,STORE-012,PROD-00004,CUST-000269,2,105.24,05-02-2026,cash
TXN-0002382,STORE-019,PROD-00196,CUST-000010,1,190.23,2026-02-20T12:43:07,mobile_wallet
TXN-0003956,STORE-019,PROD-00265,CUST-000414,2,47.36,2025-08-27T21:23:50,cash
TXN-0003363,STORE-021,PROD-00162,CUST-000074,3,101.72,2026-04-23T04:29:39,card
TXN-0000397,STORE-018,PROD-00172,CUST-000286,1,197.18,31-03-2026,mobile_wallet
TXN-0004529,STORE-009,PROD-00099,CUST-000760,3,139.51,2025-11-03T13:59:50,card
TXN-0000672,STORE-020,PROD-00024,CUST-000252,5,131.49,2026-06-27T13:54:01,cash
TXN-0003518,STORE-012,PROD-00101,CUST-000569,4,102.13,15-04-2026,mobile_wallet
TXN-0000416,STORE-004,PROD-00174,CUST-000213,4,195.74,16-08-2026,card
TXN-0004177,STORE-006,PROD-00160,CUST-000684,2,168.5,2026-07-01T16:57:05,mobile_wallet
TXN-0000072,STORE-014,PROD-00177,CUST-000731,5,52.67,13-11-2025,cash
TXN-0004375,STORE-023,PROD-00207,CUST-000965,2,170.21,2026-07-15T20:41:23,cash
TXN-0003144,STORE-007,PROD-00108,CUST-000874,1,196.31,08-04-2026,mobile_wallet
TXN-0004765,STORE-022,PROD-00016,CUST-000879,3,50.67,10/24/2025 14:23,cash
TXN-0004287,STORE-010,PROD-00278,CUST-000586,4,401.02,03-11-2025,mobile_wallet
TXN-0000356,STORE-002,PROD-00098,CUST-000525,2,258.04,2026-01-29T10:40:27,cash
TXN-0002808,STORE-003,PROD-00144,CUST-000578,-3,362.55,08-09-2025,mobile_wallet
TXN-0003633,STORE-007,PROD-00085,CUST-000783,1,188.57,27-08-2025,card
TXN-0003160,STORE-002,PROD-00114,CUST-000766,1,3.79,23-11-2025,mobile_wallet
TXN-0002176,STORE-001,PROD-00122,CUST-000442,1,427.3,11/19/2025 08:43,cash
TXN-0003057,STORE-004,PROD-00263,CUST-000724,4,265.75,10/16/2025 02:43,card
TXN-0003748,STORE-003,SKU000010,CUST-000265,1,96.14,07/31/2026 00:06,mobile_wallet
TXN-0003707,STORE-017,PROD-00177,CUST-000357,4,52.67,05/26/2026 00:16,card
TXN-0001163,STORE-011,PROD-00288,CUST-000249,3,112.73,03/17/2026 19:06,cash
TXN-0001316,STORE-019,PROD-00029,CUST-000232,5,235.83,17-07-2026,card
TXN-0002976,STORE-011,PROD-00248,CUST-000033,5,31.77,11/13/2025 10:34,mobile_wallet
TXN-0001444,STORE-013,PROD-00046,CUST-000608,5,68.42,01/19/2026 19:21,cash
TXN-0001352,STORE-024,PROD-00239,CUST-000334,2,296.37,15-10-2025,mobile_wallet
TXN-0002710,STORE-004,sku000076 ,CUST-000981,1,27.66,02/21/2026 23:29,mobile_wallet
TXN-0002118,STORE-001,PROD-00276,CUST-000251,5,193.7,08/16/2026 17:04,card
TXN-0004810,STORE-008,PROD-00038,CUST-000552,1,261.73,07/15/2026 04:43,mobile_wallet
TXN-0001200,STORE-005,PROD-00289,CUST-000091,5,265.35,08/30/2025 14:26,mobile_wallet
TXN-0003920,STORE-025,PROD-00267,CUST-000763,2,271.24,08/24/2025 01:34,mobile_wallet
TXN-0001043,STORE-015,PROD-00182,CUST-000305,4,92.63,23-01-2026,card
TXN-0004443,STORE-014,PROD-00241,CUST-000275,4,7.24,16-01-2026,mobile_wallet
TXN-0004138,STORE-007,SKU000031,CUST-000427,1,283.68,05/26/2026 16:34,mobile_wallet
TXN-0002023,STORE-004,SKU000093,CUST-000561,5,253.66,23-10-2025,cash
TXN-0002048,STORE-003,PROD-00032,CUST-000253,2,277.74,2025-09-26T06:57:38,card
TXN-0003485,STORE-008,PROD-00118,CUST-000431,3,265.0,23-05-2026,mobile_wallet
TXN-0002764,STORE-019,PROD-00192,CUST-000963,4,57.16,2026-03-29T02:57:05,cash
TXN-0002916,STORE-004,PROD-00280,CUST-000277,1,30.75,15-01-2026,card
TXN-0002945,STORE-020,PROD-00236,CUST-000795,5,47.02,03/29/2026 19:08,cash
TXN-0002151,STORE-011,PROD-00032,CUST-000133,4,277.74,01/05/2026 20:13,card
TXN-0002950,STORE-020,PROD-00269,CUST-000118,1,340.17,01/11/2026 14:34,card
TXN-0002121,STORE-004,PROD-00149,CUST-000925,4,197.41,07/16/2026 15:46,card
TXN-0000468,STORE-022,PROD-00091,CUST-000505,3,98.64,06/04/2026 00:01,card
TXN-0002482,STORE-010,SKU000119,CUST-000680,3,221.95,25-01-2026,mobile_wallet
TXN-0002437,STORE-016,PROD-00058,CUST-000649,5,230.62,01/09/2026 12:30,mobile_wallet
TXN-0003754,STORE-002,PROD-00088,CUST-000902,2,250.66,11/27/2025 00:55,mobile_wallet
TXN-0001383,STORE-001,PROD-00204,CUST-000333,5,220.1,2026-04-26T14:54:55,mobile_wallet
TXN-0001602,STORE-007,PROD-00294,CUST-000482,4,125.57,2026-02-22T23:38:01,mobile_wallet
TXN-0004178,STORE-013,PROD-00251,CUST-000175,5,304.44,2026-01-20T23:37:50,mobile_wallet
TXN-0004389,STORE-018,PROD-00297,CUST-000123,1,297.41,02/03/2026 05:35,cash
TXN-0001101,STORE-014,PROD-00095,CUST-000474,5,165.36,27-02-2026,cash
TXN-0000802,STORE-019,PROD-00033,CUST-000684,5,182.35,2025-11-10T12:19:19,card
TXN-0001806,STORE-018,PROD-00053,CUST-000794,4,209.68,2025-12-02T08:39:22,card
TXN-0000388,STORE-016,PROD-00051,CUST-000296,2,248.42,14-02-2026,mobile_wallet
TXN-0001485,STORE-011,PROD-00087,CUST-000137,3,347.77,15-07-2026,card
TXN-0000249,STORE-015,PROD-00098,CUST-000501,4,258.04,12/06/2025 15:19,cash
TXN-0002160,STORE-013,PROD-00247,CUST-000134,-1,30.45,2025-09-18T14:40:54,cash
TXN-0004950,STORE-024,PROD-00240,CUST-000054,5,100.07,03-06-2026,card
TXN-0002890,STORE-020,PROD-00188,CUST-000259,1,61.17,01/31/2026 22:01,cash
TXN-0004783,STORE-021,PROD-00288,CUST-000736,4,112.73,2026-06-28T10:15:26,mobile_wallet
TXN-0004836,STORE-014,PROD-00072,CUST-000185,3,73.06,2026-05-23T04:58:50,card
TXN-0002389,STORE-024,PROD-00226,CUST-000143,1,208.87,07/23/2026 11:29,cash
TXN-0001559,STORE-010,PROD-00105,CUST-000450,1,126.39,01/21/2026 05:40,card
TXN-0001039,STORE-014,PROD-00089,CUST-000831,3,18.86,2026-07-10T07:20:43,cash
TXN-0002698,STORE-015,PROD-00070,CUST-000271,4,267.33,2026-01-06T00:35:57,mobile_wallet
TXN-0002475,STORE-024,PROD-00243,CUST-000362,1,190.7,2026-01-27T14:30:00,card
TXN-0002101,STORE-024,PROD-00241,CUST-000652,4,7.24,2026-07-06T10:16:21,mobile_wallet
TXN-0003341,STORE-021,PROD-00238,CUST-000436,2,110.16,06-10-2025,card
TXN-0003019,STORE-022,PROD-00230,CUST-000532,5,29.05,07/03/2026 10:15,mobile_wallet
TXN-0001472,STORE-001,PROD-00130,CUST-000678,4,93.35,2026-08-13T14:44:19,mobile_wallet
TXN-0000603,STORE-012,PROD-00063,CUST-000021,1,222.33,16-06-2026,cash
TXN-0002914,STORE-013,PROD-00122,CUST-000561,4,427.3,09/26/2025 08:05,card
TXN-0003965,STORE-001,PROD-00273,CUST-000277,0,440.02,25-12-2025,mobile_wallet
TXN-0001445,STORE-011,PROD-00243,CUST-000998,2,190.7,14-04-2026,cash
TXN-0000666,STORE-001,SKU000185,CUST-000030,2,329.62,08/31/2025 12:12,mobile_wallet
TXN-0000221,STORE-002,PROD-00058,CUST-000959,2,230.62,09/25/2025 12:11,card
TXN-0001356,STORE-007,SKU999999,CUST-000720,2,246.02,2026-06-14T19:56:01,mobile_wallet
TXN-0000891,STORE-020,PROD-00272,CUST-000275,2,149.44,15-12-2025,mobile_wallet
TXN-0002768,STORE-010,PROD-00141,CUST-000980,5,312.06,2025-12-05T00:58:23,mobile_wallet
TXN-0004751,STORE-013,PROD-00149,CUST-000733,1,197.41,2026-03-08T03:25:36,cash
TXN-0001940,STORE-011,PROD-00293,CUST-000482,5,146.52,01-04-2026,card
TXN-0003220,STORE-022,PROD-00177,CUST-000767,4,52.67,2026-02-22T14:28:28,card
TXN-0003432,STORE-008,PROD-00206,CUST-000470,1,275.13,2026-04-01T19:37:52,mobile_wallet
TXN-0000473,STORE-025,PROD-00299,CUST-000019,3,239.33,08/30/2025 02:36,cash
TXN-0002869,STORE-008,PROD-00266,CUST-000387,3,21.53,02/16/2026 10:35,cash
TXN-0001107,STORE-025,PROD-00044,CUST-000165,5,136.55,2026-07-25T01:56:37,mobile_wallet
TXN-0003837,STORE-019,PROD-00019,CUST-000415,5,114.13,11-03-2026,cash
TXN-0004522,STORE-017,PROD-00033,CUST-000261,4,182.35,26-11-2025,cash
TXN-0001423,STORE-003,PROD-00039,CUST-000102,1,183.97,28-10-2025,cash
TXN-0002955,STORE-015,PROD-00253,CUST-000352,4,288.42,09/05/2025 10:03,mobile_wallet
TXN-0004920,STORE-012,SKU000054,CUST-000395,1,267.97,02-03-2026,mobile_wallet
TXN-0003625,STORE-021,PROD-00228,CUST-000146,2,168.6,2026-06-09T05:33:23,card
TXN-0001380,STORE-019,PROD-00267,CUST-000812,3,271.24,07/30/2026 21:56,cash
TXN-0003270,STORE-023,PROD-00105,CUST-000890,1,126.39,24-02-2026,cash
TXN-0003007,STORE-017,PROD-00104,CUST-000414,5,124.94,15-02-2026,cash
TXN-0001015,STORE-020,PROD-00116,CUST-000760,4,162.81,23-04-2026,mobile_wallet
TXN-0004838,STORE-018,PROD-00069,CUST-000497,5,201.76,05/07/2026 12:47,cash
TXN-0002076,STORE-001,PROD-00225,CUST-000294,5,372.01,02/15/2026 16:01,mobile_wallet
TXN-0001672,STORE-020,PROD-00119,CUST-000727,4,221.95,03-09-2025,card
TXN-0000736,STORE-007,PROD-00085,CUST-000077,2,188.57,03/22/2026 12:10,cash
TXN-0000360,STORE-021,PROD-00073,CUST-000771,1,41.57,2025-08-27T08:59:12,card
TXN-0004683,STORE-008,PROD-00014,CUST-000019,5,26.37,2026-03-02T20:53:07,mobile_wallet
TXN-0001235,STORE-018,PROD-00084,CUST-000215,2,147.66,09-07-2026,cash
TXN-0001652,STORE-024,PROD-00089,CUST-000976,3,18.86,16-12-2025,cash
TXN-0003610,STORE-009,PROD-00253,CUST-000574,3,288.42,10/29/2025 13:22,cash
TXN-0003635,STORE-015,PROD-00244,CUST-000640,4,26.03,08/25/2025 05:11,mobile_wallet
TXN-0001070,STORE-009,PROD-00103,CUST-000175,4,219.77,2026-07-20T12:01:23,mobile_wallet
TXN-0000052,STORE-019,PROD-00155,CUST-000421,5,266.89,10/14/2025 15:57,mobile_wallet
TXN-0002175,STORE-015,PROD-00093,CUST-000196,1,253.66,2026-06-02T18:21:53,mobile_wallet
TXN-0002797,STORE-009,PROD-00268,CUST-000362,2,159.92,03/19/2026 16:29,card
TXN-0002568,STORE-020,PROD-00039,CUST-000189,4,183.97,25-01-2026,card
TXN-0000691,STORE-022,PROD-00005,CUST-000761,3,93.78,09-10-2025,cash
TXN-0000231,STORE-009,PROD-00032,CUST-000392,4,277.74,2025-12-05T18:53:23,mobile_wallet
TXN-0000637,STORE-007,PROD-00088,CUST-000039,5,250.66,2026-02-07T03:40:28,card
TXN-0003476,STORE-011,PROD-00069,CUST-000593,1,201.76,13-01-2026,card
TXN-0004393,STORE-011,PROD-00211,CUST-000595,5,258.83,29-08-2025,mobile_wallet
TXN-0001049,STORE-017,PROD-00300,CUST-000825,1,124.65,01-02-2026,mobile_wallet
TXN-0002122,STORE-023,PROD-00028,CUST-000922,4,282.23,2026-07-17T10:46:24,card
TXN-0001978,STORE-021,PROD-00144,CUST-000669,3,362.55,01/03/2026 11:42,cash
TXN-0000750,STORE-014,PROD-00097,CUST-000725,2,5.72,09/01/2025 10:54,mobile_wallet
TXN-0004274,STORE-007,PROD-00240,CUST-000269,4,100.07,13-06-2026,card
TXN-0001168,STORE-002,PROD-00033,CUST-000736,5,182.35,2026-07-22T09:26:44,mobile_wallet
TXN-0001100,STORE-001,PROD-00197,CUST-000939,4,58.81,2026-03-31T04:00:35,cash
TXN-0004689,STORE-001,PROD-00066,CUST-000911,3,175.34,08/23/2026 06:17,cash
TXN-0000574,STORE-010,PROD-00081,CUST-000087,4,411.67,2025-12-02T00:21:27,card
TXN-0003480,STORE-006,PROD-00089,CUST-000312,5,18.86,08/29/2025 19:37,card
TXN-0000109,STORE-005,PROD-00186,CUST-000447,4,108.59,27-07-2026,cash
TXN-0001781,STORE-009,PROD-00297,CUST-000704,2,297.41,16-04-2026,cash
TXN-0001331,STORE-006,PROD-00203,CUST-000793,2,264.67,02-01-2026,cash
TXN-0000182,STORE-007,PROD-00225,CUST-000533,1,372.01,2026-07-11T14:34:09,cash
TXN-0004109,STORE-008,PROD-00189,CUST-000128,3,371.6,25-01-2026,card
TXN-0002647,STORE-023,PROD-00205,CUST-000474,3,27.76,2025-12-10T18:39:12,card
TXN-0002934,STORE-013,PROD-00029,CUST-000749,3,235.83,2025-08-27T19:23:38,mobile_wallet
TXN-0004686,STORE-005,PROD-00230,CUST-000660,5,29.05,02/20/2026 19:28,mobile_wallet
TXN-0000330,STORE-016,PROD-00079,CUST-000581,4,410.73,02/13/2026 17:43,mobile_wallet
TXN-0002939,STORE-013,PROD-00287,CUST-000489,5,159.36,09/08/2025 10:14,card
TXN-0000343,STORE-015,PROD-00039,CUST-000455,3,183.97,22-06-2026,cash
TXN-0000241,STORE-022,SKU000119,CUST-000916,1,221.95,04/10/2026 05:47,card
TXN-0001947,STORE-018,PROD-00121,CUST-000867,4,360.88,03-11-2025,mobile_wallet
TXN-0003284,STORE-015,PROD-00005,CUST-000455,2,93.78,2026-03-10T19:09:38,cash
TXN-0001902,STORE-022,PROD-00184,CUST-000001,2,232.98,03-02-2026,cash
TXN-0000781,STORE-020,PROD-00267,CUST-000570,5,271.24,13-01-2026,cash
TXN-0003113,STORE-025,PROD-00209,CUST-000686,5,46.91,2026-08-19T20:47:00,card
TXN-0001983,STORE-011,PROD-00003,CUST-000265,4,283.27,07-04-2026,cash
TXN-0002625,STORE-020,PROD-00045,CUST-000433,1,122.63,2025-10-18T06:08:01,mobile_wallet
TXN-0002199,STORE-007,PROD-00285,CUST-000992,4,198.44,11/06/2025 16:51,cash
TXN-0004300,STORE-011,SKU000155,CUST-000110,5,266.89,08/14/2026 17:13,card
TXN-0003310,STORE-005,PROD-00107,CUST-000003,4,70.64,16-07-2026,card
TXN-0000100,STORE-006,PROD-00262,CUST-000456,3,330.85,2026-06-16T00:37:41,card
TXN-0003071,STORE-013,PROD-00156,CUST-000279,3,356.66,06/16/2026 12:50,card
TXN-0002143,STORE-005,PROD-00280,CUST-000866,3,30.75,2026-04-02T19:21:45,cash
TXN-0001182,STORE-005,PROD-00128,CUST-000113,4,102.36,06-03-2026,mobile_wallet
TXN-0003809,STORE-008,PROD-00201,CUST-000975,2,167.96,2026-04-29T23:15:45,cash
TXN-0002191,STORE-009,PROD-00083,CUST-000213,4,243.21,03/26/2026 19:14,card
TXN-0002584,STORE-001,PROD-00036,CUST-000292,4,277.4,2026-02-24T19:57:26,card
TXN-0001302,STORE-021,SKU000050,CUST-000836,1,73.61,2026-06-14T20:55:45,cash
TXN-0000165,STORE-025,PROD-00123,CUST-000812,5,217.36,03/24/2026 11:14,mobile_wallet
TXN-0003105,STORE-015,PROD-00224,CUST-000903,4,109.98,2026-03-09T03:56:45,cash
TXN-0002105,STORE-006,PROD-00168,CUST-000363,4,290.99,03-03-2026,cash
TXN-0003468,STORE-006,PROD-00088,CUST-000597,3,250.66,06-03-2026,card
TXN-0002906,STORE-008,PROD-00010,CUST-000065,5,96.14,08/08/2026 12:59,cash
TXN-0002247,STORE-012,PROD-00047,CUST-000278,2,239.67,2026-04-18T01:43:23,card
TXN-0002027,STORE-010,PROD-00052,CUST-000649,1,403.8,02-06-2026,mobile_wallet
TXN-0004598,STORE-002,PROD-00286,CUST-000008,3,118.06,24-11-2025,mobile_wallet
TXN-0003678,STORE-001,PROD-00262,CUST-000654,3,330.85,08-08-2026,mobile_wallet
TXN-0001567,STORE-025,PROD-00121,CUST-000943,3,360.88,05/09/2026 19:50,cash
TXN-0003612,STORE-014,PROD-00272,CUST-000557,2,-149.44,2026-03-14T17:06:41,mobile_wallet
TXN-0004542,STORE-024,PROD-00248,CUST-000775,3,31.77,2026-05-18T13:09:37,card
TXN-0000218,STORE-012,PROD-00212,CUST-000016,3,171.06,27-07-2026,card
TXN-0003711,STORE-002,PROD-00224,CUST-000751,1,109.98,03/12/2026 21:36,mobile_wallet
TXN-0004263,STORE-012,PROD-00216,CUST-000073,3,188.81,12-01-2026,card
TXN-0002096,STORE-008,PROD-00209,CUST-000449,2,46.91,2026-03-07T21:08:38,cash
TXN-0002073,STORE-019,PROD-00258,CUST-000392,3,46.18,2025-12-30T02:20:01,mobile_wallet
TXN-0002984,STORE-017,PROD-00231,CUST-000817,4,101.96,09-08-2026,mobile_wallet
TXN-0000444,STORE-016,PROD-00010,CUST-000312,4,96.14,18-12-2025,mobile_wallet
TXN-0002586,STORE-003,PROD-00185,CUST-000450,0,329.62,12-12-2025,cash
TXN-0002038,STORE-011,PROD-00055,CUST-000877,3,305.58,18-11-2025,mobile_wallet
TXN-0001908,STORE-017,SKU000004,CUST-000179,4,105.24,04/20/2026 00:52,card
TXN-0002947,STORE-005,PROD-00073,CUST-000395,2,41.57,2025-08-31T10:27:26,cash
TXN-0002154,STORE-015,PROD-00116,CUST-000353,2,162.81,2025-11-11T14:45:42,card
TXN-0002726,STORE-014,PROD-00065,CUST-000588,4,66.03,2026-06-26T07:41:53,cash
TXN-0000393,STORE-010,PROD-00272,CUST-000391,4,149.44,10-11-2025,mobile_wallet
TXN-0001662,STORE-008,PROD-00283,CUST-000460,2,28.3,2026-02-03T17:15:41,card
TXN-0001307,STORE-010,PROD-00076,CUST-000063,4,27.66,2026-06-11T06:12:43,mobile_wallet
TXN-0004767,STORE-001,PROD-00009,CUST-000078,2,229.81,16-07-2026,mobile_wallet
TXN-0001756,STORE-006,PROD-00048,CUST-000138,4,363.63,07/23/2026 08:40,mobile_wallet
TXN-0001224,STORE-003,PROD-00192,CUST-000489,2,57.16,2025-09-03T21:09:59,mobile_wallet
TXN-0001490,STORE-012,PROD-00233,CUST-000658,2,381.82,2025-10-18T21:17:02,cash
TXN-0002116,STORE-014,PROD-00286,CUST-000927,4,118.06,05/08/2026 19:14,cash
TXN-0000580,STORE-011,PROD-00044,CUST-000360,4,136.55,2026-07-08T07:00:37,cash
TXN-0004500,STORE-003,PROD-00125,CUST-000356,4,373.21,28-03-2026,mobile_wallet
TXN-0002510,STORE-013,PROD-00143,CUST-000536,4,370.32,06-01-2026,cash
TXN-0004479,STORE-012,PROD-00185,CUST-000928,5,329.62,2026-07-18T16:19:12,cash
TXN-0003501,STORE-016,SKU000050,CUST-000589,3,73.61,12-03-2026,card
TXN-0003296,STORE-020,PROD-00125,CUST-000622,1,373.21,01/26/2026 15:56,cash
TXN-0002108,STORE-011,PROD-00134,CUST-000303,1,58.95,30-01-2026,mobile_wallet
TXN-0004546,STORE-014,PROD-00212,CUST-000248,3,171.06,2026-02-25T13:08:38,card
TXN-0001499,STORE-006,PROD-00265,CUST-000975,4,47.36,11-01-2026,mobile_wallet
TXN-0001227,STORE-003,PROD-00226,CUST-000456,4,208.87,26-01-2026,mobile_wallet
TXN-0002277,STORE-006,PROD-00098,CUST-000665,4,258.04,2026-03-31T10:49:54,card
TXN-0004923,STORE-020,sku000242 ,CUST-000602,2,12.79,03/10/2026 21:09,card
TXN-0004350,STORE-009,PROD-00056,CUST-000229,1,405.5,28-01-2026,cash
TXN-0003694,STORE-020,PROD-00059,CUST-000872,4,138.3,2025-12-16T21:23:02,mobile_wallet
TXN-0001379,STORE-009,PROD-00128,CUST-000017,2,102.36,11-04-2026,cash
TXN-0003032,STORE-014,PROD-00262,CUST-000564,3,330.85,2025-10-28T04:41:06,card
TXN-0001820,STORE-023,PROD-00086,CUST-000881,5,24.26,01-02-2026,mobile_wallet
TXN-0003648,STORE-020,PROD-00249,CUST-000315,3,70.32,15-07-2026,card
TXN-0002814,STORE-023,PROD-00217,CUST-000974,1,123.22,11-03-2026,cash
TXN-0002370,STORE-008,PROD-00065,CUST-000148,1,66.03,07/16/2026 05:38,cash
TXN-0000466,STORE-011,PROD-00134,CUST-000207,5,58.95,2025-09-24T10:55:31,cash
TXN-0002824,STORE-001,PROD-00225,CUST-000115,3,372.01,2026-01-02T02:48:36,cash
TXN-0002695,STORE-011,PROD-00258,CUST-000591,4,46.18,2026-05-28T08:09:43,mobile_wallet
TXN-0001519,STORE-013,PROD-00139,CUST-000169,3,109.66,11/17/2025 18:24,cash
TXN-0004584,STORE-014,PROD-00289,CUST-000479,5,265.35,2025-11-23T10:44:09,cash
TXN-0004990,STORE-021,PROD-00061,CUST-000959,3,142.82,2026-07-22T17:53:08,card
TXN-0002990,STORE-007,PROD-00074,CUST-000278,2,121.72,06/04/2026 21:43,card
TXN-0003813,STORE-013,PROD-00288,CUST-000474,5,112.73,01/06/2026 06:37,mobile_wallet
TXN-0000134,STORE-025,PROD-00252,CUST-000387,5,86.28,29-04-2026,card
TXN-0001061,STORE-006,PROD-00263,CUST-000350,2,265.75,10/12/2025 23:53,cash
TXN-0001955,STORE-025,PROD-00278,CUST-000351,3,401.02,2026-02-03T12:08:53,mobile_wallet
TXN-0000292,STORE-005,PROD-00228,CUST-000502,1,168.6,2026-07-16T11:50:24,cash
TXN-0000032,STORE-015,PROD-00202,CUST-000697,2,87.32,12/04/2025 15:34,card
TXN-0001722,STORE-019,PROD-00183,CUST-000032,1,103.14,03/30/2026 00:01,card
TXN-0004257,STORE-016,PROD-00050,CUST-000329,5,73.61,02-07-2026,card
TXN-0000878,STORE-010,PROD-00145,CUST-000300,2,210.66,12-08-2026,mobile_wallet
TXN-0003637,STORE-010,PROD-00108,CUST-000132,2,196.31,09/18/2025 07:48,mobile_wallet
TXN-0000174,STORE-022,PROD-00049,CUST-000499,2,11.75,11/22/2025 09:22,cash
TXN-0000946,STORE-017,PROD-00209,CUST-000380,1,46.91,2026-05-31T10:38:06,mobile_wallet
TXN-0001956,STORE-019,PROD-00202,CUST-000489,4,87.32,23-03-2026,cash
TXN-0000286,STORE-002,PROD-00003,CUST-000337,5,283.27,2025-11-10T23:48:45,card
TXN-0002637,STORE-018,PROD-00252,CUST-000284,2,86.28,2026-06-10T03:14:31,mobile_wallet
TXN-0000597,STORE-006,PROD-00214,CUST-000003,2,53.88,09/09/2025 10:29,card
TXN-0000975,STORE-001,PROD-00016,CUST-000693,5,50.67,06/11/2026 07:50,card
TXN-0001206,STORE-021,PROD-00086,CUST-000789,3,24.26,09-09-2025,cash
TXN-0003077,STORE-022,PROD-00148,CUST-000719,3,322.32,2026-05-31T09:32:14,card
TXN-0000874,STORE-024,PROD-00055,CUST-000404,4,305.58,15-10-2025,mobile_wallet
TXN-0003235,STORE-014,PROD-00150,CUST-000471,4,90.56,08/01/2026 10:25,card
TXN-0001077,STORE-009,PROD-00149,CUST-000656,4,197.41,2026-06-26T08:19:48,cash
TXN-0001666,STORE-019,PROD-00158,CUST-000088,5,8.9,2025-10-17T09:26:39,card
TXN-0003892,STORE-017,PROD-00179,CUST-000591,4,120.71,2026-03-27T23:00:03,mobile_wallet
TXN-0003219,STORE-016,PROD-00232,CUST-000813,4,179.91,01/31/2026 09:25,card
TXN-0002119,STORE-017,PROD-00099,CUST-000833,5,139.51,10/02/2025 14:39,cash
TXN-0004947,STORE-004,PROD-00113,CUST-000224,4,188.3,01/19/2026 19:03,card
TXN-0004978,STORE-015,PROD-00256,CUST-000341,2,278.69,2026-03-31T20:15:44,card
TXN-0002746,STORE-013,PROD-00119,CUST-000404,2,221.95,02/10/2026 21:57,cash
TXN-0004702,STORE-024,PROD-00234,CUST-000741,2,218.66,25-02-2026,card
TXN-0001661,STORE-014,PROD-00142,CUST-000055,2,70.8,10-12-2025,cash
TXN-0002364,STORE-017,PROD-00136,CUST-000819,5,39.83,06-04-2026,cash
TXN-0000652,STORE-013,PROD-00006,CUST-000443,4,82.96,07-06-2026,card
TXN-0000745,STORE-025,PROD-00131,CUST-000476,3,154.11,01-12-2025,cash
TXN-0002500,STORE-017,PROD-00225,CUST-000012,3,372.01,09/23/2025 15:04,card
TXN-0004153,STORE-003,PROD-00271,CUST-000323,5,15.73,08/15/2026 05:21,card
TXN-0000939,STORE-021,PROD-00139,CUST-000069,2,109.66,11/25/2025 14:25,card
TXN-0001048,STORE-010,PROD-00050,CUST-000899,5,73.61,2026-07-18T13:26:44,card
TXN-0004934,STORE-004,PROD-00096,CUST-000348,2,221.49,2026-03-23T13:25:35,card
TXN-0002066,STORE-011,PROD-00090,CUST-000155,4,197.2,12-07-2026,mobile_wallet
TXN-0000368,STORE-021,PROD-00046,CUST-000464,5,68.42,09/29/2025 16:43,mobile_wallet
TXN-0000342,STORE-006,PROD-00290,CUST-000738,1,322.63,12/31/2025 16:29,mobile_wallet
TXN-0000151,STORE-015,PROD-00203,CUST-000680,3,264.67,07/11/2026 10:50,cash
TXN-0004145,STORE-016,PROD-00145,CUST-000719,5,210.66,14-09-2025,card
TXN-0001631,STORE-002,PROD-00060,CUST-000361,2,134.16,30-09-2025,mobile_wallet
TXN-0001455,STORE-013,PROD-00281,CUST-000106,4,218.94,2026-05-09T07:07:42,cash
TXN-0003184,STORE-022,PROD-00050,CUST-000569,5,73.61,03/20/2026 16:11,card
TXN-0003020,STORE-009,PROD-00166,CUST-000887,1,249.26,07/10/2026 11:05,cash
TXN-0001942,STORE-001,PROD-00280,CUST-000802,2,30.75,03/24/2026 22:34,card
TXN-0002874,STORE-016,PROD-00293,CUST-000859,2,146.52,08-12-2025,mobile_wallet
TXN-0004486,STORE-009,PROD-00214,CUST-000869,1,53.88,21-01-2026,mobile_wallet
TXN-0003519,STORE-008,PROD-00025,CUST-000993,1,233.72,06/20/2026 15:50,cash
TXN-0001838,STORE-025,PROD-00090,CUST-000868,3,197.2,01/30/2026 07:24,cash
TXN-0000270,STORE-010,PROD-00120,CUST-000931,-1,305.8,2026-03-22T18:19:05,mobile_wallet
TXN-0000615,STORE-014,PROD-00079,CUST-000438,2,410.73,2026-07-13T05:46:06,card
TXN-0002978,STORE-012,PROD-00295,CUST-000023,4,213.54,06-07-2026,mobile_wallet
TXN-0000685,STORE-023,PROD-00141,CUST-000413,5,312.06,13-03-2026,mobile_wallet
TXN-0004396,STORE-016,PROD-00255,CUST-000767,4,31.8,01/07/2026 17:10,cash
TXN-0000305,STORE-013,PROD-00158,CUST-000882,1,8.9,14-11-2025,cash
TXN-0000359,STORE-022,PROD-00268,CUST-000572,5,159.92,2025-09-04T14:35:35,card
TXN-0001208,STORE-012,PROD-00013,CUST-000739,4,125.91,09/27/2025 21:11,card
TXN-0004962,STORE-008,PROD-00281,CUST-000401,-1,218.94,2026-04-03T18:57:48,card
TXN-0001936,STORE-001,PROD-00076,CUST-000800,3,27.66,2026-08-07T10:31:20,card
TXN-0003509,STORE-003,SKU000264,CUST-000411,4,163.32,08-11-2025,cash
TXN-0000585,STORE-012,PROD-00227,CUST-000109,4,38.54,2025-10-05T00:56:40,card
TXN-0000815,STORE-003,PROD-00281,CUST-000966,3,218.94,04/12/2026 10:35,cash
TXN-0004656,STORE-014,PROD-00142,CUST-000387,3,70.8,22-04-2026,mobile_wallet
TXN-0004842,STORE-014,PROD-00157,CUST-000170,2,141.14,2026-02-01T10:13:03,cash
TXN-0001809,STORE-020,PROD-00129,CUST-000529,5,159.98,2026-06-25T14:37:10,card
TXN-0000214,STORE-024,PROD-00244,CUST-000273,1,26.03,05/04/2026 22:59,mobile_wallet
TXN-0004925,STORE-003,SKU000166,CUST-000937,2,249.26,06-03-2026,mobile_wallet
TXN-0002663,STORE-017,PROD-00115,CUST-000910,2,345.35,2026-02-04T00:47:25,mobile_wallet
TXN-0000120,STORE-013,PROD-00181,CUST-000307,4,231.93,29-12-2025,mobile_wallet
TXN-0000883,STORE-004,PROD-00005,CUST-000136,5,93.78,22-12-2025,card
TXN-0001967,STORE-008,PROD-00171,CUST-000288,3,389.02,11/15/2025 09:37,card
TXN-0000171,STORE-003,PROD-00017,CUST-000358,2,73.06,2026-03-10T07:53:58,mobile_wallet
TXN-0003056,STORE-003,PROD-00059,CUST-000574,-1,138.3,2026-04-02T06:07:17,card
TXN-0003731,STORE-020,PROD-00074,CUST-000697,5,121.72,01/26/2026 02:35,card
TXN-0000861,STORE-005,PROD-00079,CUST-000030,2,410.73,22-01-2026,cash
TXN-0000284,STORE-025,PROD-00269,CUST-000429,3,340.17,03-04-2026,mobile_wallet
TXN-0002650,STORE-019,PROD-00173,CUST-001000,3,124.21,2026-03-15T16:04:48,mobile_wallet
TXN-0000942,STORE-014,PROD-00102,CUST-000510,4,281.32,2026-02-17T11:29:26,mobile_wallet
TXN-0004753,STORE-003,PROD-00223,CUST-000030,4,244.67,05-02-2026,card
TXN-0003653,STORE-018,PROD-00149,CUST-000216,3,197.41,2026-06-27T05:47:28,mobile_wallet
TXN-0003780,STORE-004,PROD-00031,CUST-000209,3,283.68,26-08-2025,card
TXN-0003285,STORE-015,PROD-00244,CUST-000562,1,26.03,04/24/2026 19:40,card
TXN-0004215,STORE-005,PROD-00266,CUST-000361,1,21.53,01/26/2026 08:14,card
TXN-0001440,STORE-017,PROD-00292,CUST-000382,4,228.17,22-01-2026,mobile_wallet
TXN-0001403,STORE-021,PROD-00131,CUST-000004,4,154.11,07-08-2026,mobile_wallet
TXN-0002487,STORE-007,PROD-00170,CUST-000673,3,204.4,06/22/2026 00:02,cash
TXN-0003297,STORE-002,PROD-00125,CUST-000726,1,373.21,20-10-2025,card
TXN-0002776,STORE-002,PROD-00215,CUST-000588,4,320.74,12/05/2025 20:10,cash
TXN-0000996,STORE-023,PROD-00054,CUST-000333,4,267.97,02-02-2026,cash
TXN-0004793,STORE-014,PROD-00128,CUST-000219,5,102.36,04/11/2026 13:55,card
TXN-0002011,STORE-002,PROD-00097,CUST-000587,1,5.72,25-08-2025,mobile_wallet
TXN-0003388,STORE-006,PROD-00194,CUST-000508,5,137.35,04/29/2026 19:10,cash
TXN-0004461,STORE-013,PROD-00184,CUST-000537,3,-232.98,2026-02-18T05:42:04,card
TXN-0003266,STORE-012,PROD-00235,CUST-000805,5,100.21,13-02-2026,card
TXN-0001265,STORE-002,PROD-00292,CUST-000572,1,228.17,03-07-2026,mobile_wallet
TXN-0004472,STORE-011,PROD-00051,CUST-000764,2,248.42,04/04/2026 00:46,mobile_wallet
TXN-0001482,STORE-006,PROD-00033,CUST-000513,2,182.35,2025-09-13T19:52:46,cash
TXN-0001546,STORE-021,PROD-00082,CUST-000360,3,208.22,2025-10-19T17:29:44,mobile_wallet
TXN-0000842,STORE-007,PROD-00083,CUST-000032,4,243.21,2026-03-20T20:32:30,cash
TXN-0004819,STORE-022,PROD-00041,CUST-000818,4,40.95,04/13/2026 00:40,card
TXN-0004457,STORE-007,PROD-00111,CUST-000722,2,15.96,07-04-2026,cash
TXN-0001103,STORE-024,PROD-00015,CUST-000688,5,287.92,19-10-2025,mobile_wallet
TXN-0004577,STORE-005,PROD-00014,CUST-000420,4,26.37,2026-05-03T23:59:07,card
TXN-0000886,STORE-002,PROD-00011,CUST-000868,1,25.8,11/17/2025 19:41,card
TXN-0002626,STORE-018,PROD-00170,CUST-000447,1,204.4,18-02-2026,card
TXN-0004532,STORE-011,PROD-00012,CUST-000427,4,272.48,2026-04-14T20:44:52,cash
TXN-0002439,STORE-018,PROD-00057,CUST-000096,1,65.86,04/20/2026 07:37,cash
TXN-0003914,STORE-021,PROD-00060,CUST-000367,4,134.16,2026-07-05T14:29:56,cash
TXN-0002689,STORE-008,SKU000237,CUST-000521,0,56.05,09/28/2025 16:15,mobile_wallet
TXN-0001253,STORE-024,PROD-00178,CUST-000475,1,181.72,2025-10-03T06:59:35,card
TXN-0001192,STORE-020,PROD-00105,CUST-000738,3,126.39,02/02/2026 12:35,card
TXN-0001523,STORE-008,PROD-00293,CUST-000278,1,-146.52,2026-03-21T22:12:54,mobile_wallet
TXN-0003777,STORE-023,PROD-00034,CUST-000311,3,134.98,2025-12-14T06:32:05,cash
TXN-0002202,STORE-011,PROD-00019,CUST-000156,1,114.13,26-11-2025,mobile_wallet
TXN-0000814,STORE-001,PROD-00223,CUST-000727,5,244.67,16-04-2026,card
TXN-0003788,STORE-019,PROD-00074,CUST-000837,1,121.72,09-10-2025,card
TXN-0000086,STORE-019,PROD-00290,CUST-000177,2,322.63,07/23/2026 17:02,card
TXN-0002298,STORE-022,SKU000212,CUST-000200,4,171.06,26-01-2026,card
TXN-0000721,STORE-004,PROD-00119,CUST-000214,3,-221.95,19-06-2026,cash
TXN-0001560,STORE-025,PROD-00189,CUST-000453,2,371.6,2026-05-21T16:29:46,mobile_wallet
TXN-0001855,STORE-008,PROD-00207,CUST-000071,3,170.21,09/22/2025 09:27,card
TXN-0000522,STORE-022,PROD-00182,CUST-000634,5,92.63,2026-01-18T22:58:02,cash
TXN-0001505,STORE-011,PROD-00229,CUST-000728,2,238.08,01-12-2025,card
TXN-0002504,STORE-020,PROD-00267,CUST-000157,2,271.24,10/28/2025 01:04,mobile_wallet
TXN-0000901,STORE-025,sku000185 ,CUST-000066,2,329.62,30-12-2025,cash
TXN-0003022,STORE-015,PROD-00021,CUST-000893,2,130.87,20-01-2026,card
TXN-0000753,STORE-010,sku000204 ,CUST-000933,1,220.1,2026-07-06T09:04:17,card
TXN-0003533,STORE-003,PROD-00293,CUST-000287,1,146.52,08/12/2026 10:35,mobile_wallet
TXN-0002531,STORE-017,PROD-00161,CUST-000309,5,244.6,11/04/2025 18:50,mobile_wallet
TXN-0000528,STORE-022,PROD-00285,CUST-000827,4,198.44,2026-05-09T16:45:25,card
TXN-0001127,STORE-024,PROD-00234,CUST-000099,1,218.66,04/27/2026 23:07,cash
TXN-0004552,STORE-023,PROD-00092,CUST-000113,5,35.56,31-03-2026,mobile_wallet
TXN-0000759,STORE-016,PROD-00121,CUST-000035,0,360.88,2025-11-16T14:19:42,mobile_wallet
TXN-0001845,STORE-012,PROD-00236,CUST-000457,1,47.02,31-07-2026,card
TXN-0001585,STORE-015,PROD-00001,CUST-000400,4,50.1,2025-12-08T17:47:09,card
TXN-0000385,STORE-024,PROD-00143,CUST-000257,4,370.32,06/21/2026 21:56,cash
TXN-0001747,STORE-014,PROD-00280,CUST-000269,1,30.75,12-02-2026,cash
TXN-0001052,STORE-004,PROD-00127,CUST-000579,4,96.44,01/20/2026 23:04,card
TXN-0001086,STORE-025,PROD-00029,CUST-000313,2,235.83,05-04-2026,mobile_wallet
TXN-0000057,STORE-011,PROD-00021,CUST-000926,4,130.87,10/02/2025 06:53,cash
TXN-0004499,STORE-013,PROD-00119,CUST-000883,5,221.95,10-05-2026,mobile_wallet
TXN-0002720,STORE-008,PROD-00193,CUST-000707,1,70.07,11-06-2026,cash
TXN-0002649,STORE-015,PROD-00272,CUST-000486,-3,149.44,05/25/2026 17:40,card
TXN-0004002,STORE-012,SKU999999,CUST-000329,4,244.6,2026-03-22T18:20:13,card
TXN-0001517,STORE-018,PROD-00042,CUST-000955,1,3.53,20-03-2026,card
TXN-0000257,STORE-010,PROD-00215,CUST-000856,4,320.74,2025-09-15T14:33:15,card
TXN-0001075,STORE-013,PROD-00219,CUST-000392,1,192.5,17-07-2026,cash
TXN-0002615,STORE-019,PROD-00073,CUST-000025,3,-41.57,17-11-2025,cash
TXN-0001239,STORE-010,PROD-00263,CUST-000306,5,265.75,2025-10-01T12:32:33,mobile_wallet
TXN-0002670,STORE-012,PROD-00282,CUST-000723,4,311.97,2026-07-22T11:27:04,card
TXN-0000040,STORE-018,PROD-00092,CUST-000866,3,35.56,23-03-2026,cash
TXN-0004342,STORE-003,PROD-00068,CUST-000829,2,219.43,2025-12-11T13:25:08,cash
TXN-0002788,STORE-012,PROD-00113,CUST-000797,4,188.3,13-02-2026,cash
TXN-0003308,STORE-018,PROD-00073,CUST-000300,4,41.57,12-07-2026,mobile_wallet
TXN-0002581,STORE-013,PROD-00105,CUST-000349,5,126.39,2025-11-06T22:07:28,mobile_wallet
TXN-0003668,STORE-015,PROD-00027,CUST-000081,2,103.95,12/18/2025 05:02,cash
TXN-0000601,STORE-010,PROD-00192,CUST-000400,4,57.16,05-06-2026,cash
TXN-0003578,STORE-009,PROD-00238,CUST-000209,5,110.16,2026-06-05T19:32:47,cash
TXN-0003231,STORE-020,PROD-00195,CUST-000735,2,66.89,17-11-2025,mobile_wallet
TXN-0000529,STORE-009,PROD-00019,CUST-000198,2,114.13,10/05/2025 09:22,card
TXN-0002868,STORE-001,SKU000070,CUST-000685,3,267.33,2025-11-17T18:23:31,card
TXN-0004565,STORE-004,PROD-00226,CUST-000798,2,208.87,15-06-2026,card
TXN-0002836,STORE-009,PROD-00240,CUST-000173,1,100.07,09/27/2025 23:37,mobile_wallet
TXN-0000383,STORE-021,PROD-00081,CUST-000411,5,411.67,05-11-2025,card
TXN-0001641,STORE-017,PROD-00124,CUST-000557,3,410.1,15-06-2026,card
TXN-0003372,STORE-012,PROD-00027,CUST-000896,4,103.95,03-02-2026,mobile_wallet
TXN-0004003,STORE-004,PROD-00021,CUST-000357,4,130.87,03/26/2026 22:01,cash
TXN-0004186,STORE-001,PROD-00158,CUST-000308,2,8.9,23-05-2026,mobile_wallet
TXN-0004360,STORE-006,PROD-00286,CUST-000555,5,118.06,2026-03-03T02:06:28,cash
TXN-0002253,STORE-018,PROD-00049,CUST-000424,5,11.75,10/17/2025 21:31,card
TXN-0000790,STORE-021,PROD-00156,CUST-000648,2,356.66,12/21/2025 12:31,cash
TXN-0004174,STORE-006,SKU999999,CUST-000494,2,246.02,29-07-2026,mobile_wallet
TXN-0004166,STORE-025,PROD-00195,CUST-000800,2,66.89,04/20/2026 08:19,card
TXN-0003188,STORE-010,PROD-00026,CUST-000367,3,57.84,13-01-2026,cash
TXN-0004905,STORE-020,PROD-00030,CUST-000675,4,142.56,03/04/2026 18:58,card
TXN-0002748,STORE-001,PROD-00073,CUST-000140,5,41.57,2025-09-26T02:38:09,card
TXN-0002232,STORE-010,PROD-00100,CUST-000058,3,413.06,12/06/2025 10:39,card
TXN-0002761,STORE-024,PROD-00099,CUST-000691,5,139.51,01-08-2026,cash
TXN-0004833,STORE-013,PROD-00226,CUST-000733,4,208.87,07/26/2026 02:55,cash
TXN-0001704,STORE-005,PROD-00137,CUST-000450,2,278.35,11/03/2025 14:57,card
TXN-0003156,STORE-018,PROD-00035,CUST-000966,3,241.08,08/01/2026 22:03,card
TXN-0004515,STORE-011,PROD-00128,CUST-000943,3,102.36,18-07-2026,card
TXN-0003549,STORE-017,PROD-00116,CUST-000913,4,162.81,2026-01-30T00:16:17,mobile_wallet
TXN-0001685,STORE-005,PROD-00025,CUST-000562,2,233.72,05/03/2026 20:14,mobile_wallet
TXN-0001416,STORE-002,PROD-00229,CUST-000336,3,238.08,06/24/2026 02:56,card
TXN-0003475,STORE-023,PROD-00277,CUST-000282,1,72.79,06/26/2026 05:12,cash
TXN-0004874,STORE-015,PROD-00055,CUST-000923,1,305.58,12/29/2025 11:34,card
TXN-0001886,STORE-014,PROD-00271,CUST-000466,1,15.73,02-10-2025,mobile_wallet
TXN-0002192,STORE-018,PROD-00200,CUST-000070,-1,88.0,07/03/2026 12:06,mobile_wallet
TXN-0002911,STORE-001,PROD-00296,CUST-000028,3,-246.02,16-12-2025,cash
TXN-0001851,STORE-010,PROD-00158,CUST-000534,2,8.9,30-11-2025,card
TXN-0001758,STORE-023,PROD-00268,CUST-000184,5,159.92,24-05-2026,cash
TXN-0001532,STORE-012,PROD-00219,CUST-000743,2,192.5,13-08-2026,cash
TXN-0002823,STORE-001,PROD-00215,CUST-000352,4,320.74,04/11/2026 19:34,mobile_wallet
TXN-0003141,STORE-018,PROD-00078,CUST-000383,4,62.45,12/03/2025 09:52,mobile_wallet
TXN-0000323,STORE-011,PROD-00294,CUST-000238,4,125.57,11/15/2025 00:59,cash
TXN-0002281,STORE-020,PROD-00051,CUST-000959,4,248.42,01/03/2026 06:43,mobile_wallet
TXN-0001572,STORE-013,PROD-00164,CUST-000333,0,231.45,29-12-2025,mobile_wallet
TXN-0000030,STORE-021,SKU000182,CUST-000691,3,92.63,2026-01-29T13:41:58,card
TXN-0000657,STORE-019,PROD-00184,CUST-000337,5,232.98,08/09/2026 01:25,mobile_wallet
TXN-0002381,STORE-021,PROD-00283,CUST-000529,3,28.3,02-12-2025,cash
TXN-0003138,STORE-007,PROD-00253,CUST-000678,1,288.42,12-07-2026,card
TXN-0003369,STORE-024,PROD-00041,CUST-000900,1,40.95,07/01/2026 22:09,mobile_wallet
TXN-0002417,STORE-009,SKU000213,CUST-000604,2,158.8,03/02/2026 19:43,card
TXN-0001877,STORE-001,PROD-00188,CUST-000851,3,61.17,11/11/2025 14:18,cash
TXN-0000160,STORE-010,SKU000046,CUST-000151,3,68.42,2026-08-08T11:17:17,card
TXN-0001916,STORE-001,SKU000071,CUST-000639,5,133.13,03/26/2026 01:33,mobile_wallet
TXN-0001742,STORE-015,SKU000276,CUST-000652,1,-193.7,01-02-2026,mobile_wallet
TXN-0002161,STORE-003,PROD-00197,CUST-000515,3,58.81,08-09-2025,cash
TXN-0004302,STORE-001,PROD-00001,CUST-000879,2,50.1,03/02/2026 23:03,card
TXN-0003606,STORE-023,PROD-00177,CUST-000817,3,52.67,09-10-2025,mobile_wallet
TXN-0000329,STORE-006,PROD-00121,CUST-000172,5,360.88,2026-01-25T14:16:13,card
TXN-0002648,STORE-023,SKU000052,CUST-000051,5,403.8,16-11-2025,card
TXN-0004290,STORE-005,PROD-00166,CUST-000033,2,249.26,11-09-2025,mobile_wallet
TXN-0003325,STORE-024,PROD-00015,CUST-000555,1,287.92,03/30/2026 21:41,mobile_wallet
TXN-0001177,STORE-014,PROD-00193,CUST-000501,1,70.07,06/25/2026 21:35,cash
TXN-0001760,STORE-020,PROD-00086,CUST-000115,4,24.26,2026-01-01T20:47:11,mobile_wallet
TXN-0002124,STORE-013,PROD-00243,CUST-000337,2,190.7,04/11/2026 14:00,card
TXN-0002499,STORE-025,PROD-00242,CUST-000964,3,12.79,2026-01-15T10:46:33,cash
TXN-0003598,STORE-025,PROD-00271,CUST-000756,4,15.73,17-04-2026,mobile_wallet
TXN-0004212,STORE-006,PROD-00110,CUST-000006,5,33.91,08/10/2026 16:27,mobile_wallet
TXN-0000128,STORE-023,PROD-00275,CUST-000922,3,320.55,10-10-2025,mobile_wallet
TXN-0000347,STORE-015,PROD-00055,CUST-000209,3,305.58,05-08-2026,mobile_wallet
TXN-0003392,STORE-005,PROD-00009,CUST-000534,5,229.81,05/14/2026 18:24,mobile_wallet
TXN-0004170,STORE-003,PROD-00297,CUST-000939,3,297.41,2025-11-26T05:08:03,card
TXN-0000304,STORE-019,PROD-00250,CUST-000432,5,27.33,05/12/2026 00:59,card
TXN-0004228,STORE-004,PROD-00272,CUST-000663,1,149.44,11-07-2026,cash
TXN-0001193,STORE-024,PROD-00170,CUST-000426,2,204.4,03/19/2026 23:42,card
TXN-0003773,STORE-016,PROD-00193,CUST-000838,1,70.07,13-08-2026,cash
TXN-0002284,STORE-012,PROD-00096,CUST-000119,1,221.49,2025-09-30T11:27:31,cash
TXN-0000491,STORE-006,PROD-00019,CUST-000418,3,114.13,02/02/2026 20:53,mobile_wallet
TXN-0001727,STORE-016,PROD-00084,CUST-000478,4,147.66,06/11/2026 10:43,mobile_wallet
TXN-0004567,STORE-015,PROD-00241,CUST-000943,5,7.24,07/06/2026 04:47,cash
TXN-0003402,STORE-011,PROD-00088,CUST-000558,5,250.66,2026-06-09T08:45:12,card
TXN-0003523,STORE-010,PROD-00140,CUST-000817,2,234.87,11-12-2025,cash
TXN-0003463,STORE-021,PROD-00238,CUST-000709,3,110.16,17-11-2025,mobile_wallet
TXN-0001636,STORE-025,PROD-00262,CUST-000359,1,330.85,2026-01-16T16:07:15,mobile_wallet
TXN-0004865,STORE-011,PROD-00254,CUST-000065,5,316.24,2026-07-31T11:02:31,mobile_wallet
TXN-0003124,STORE-005,PROD-00285,CUST-000748,4,198.44,2025-11-10T18:06:11,card
TXN-0000987,STORE-004,PROD-00270,CUST-000548,5,191.88,01-06-2026,card
TXN-0002312,STORE-013,PROD-00063,CUST-000163,5,222.33,29-11-2025,cash
TXN-0000810,STORE-020,PROD-00066,CUST-000470,4,175.34,02/12/2026 21:28,mobile_wallet
TXN-0003390,STORE-014,PROD-00154,CUST-000259,5,45.56,2025-12-31T05:10:44,card
TXN-0003988,STORE-024,PROD-00201,CUST-000612,3,167.96,19-01-2026,card
TXN-0003087,STORE-004,PROD-00281,CUST-000425,1,218.94,19-09-2025,cash
TXN-0003326,STORE-016,PROD-00051,CUST-000930,4,248.42,02-11-2025,mobile_wallet
TXN-0003746,STORE-022,PROD-00058,CUST-000292,5,230.62,03/18/2026 20:45,card
TXN-0000061,STORE-022,PROD-00034,CUST-000236,2,134.98,2026-05-13T04:48:18,card
TXN-0000273,STORE-018,PROD-00154,CUST-000577,3,45.56,04/08/2026 14:47,cash
TXN-0000530,STORE-023,PROD-00227,CUST-000226,5,38.54,25-12-2025,card
TXN-0003016,STORE-015,PROD-00121,CUST-000663,2,360.88,12/29/2025 11:04,mobile_wallet
TXN-0000593,STORE-025,PROD-00299,CUST-000752,3,239.33,10/13/2025 05:33,cash
TXN-0003547,STORE-010,PROD-00134,CUST-000996,3,-58.95,11/03/2025 03:50,mobile_wallet
TXN-0001914,STORE-016,PROD-00009,CUST-000748,4,229.81,2025-12-05T15:51:01,card
TXN-0003784,STORE-019,PROD-00084,CUST-000857,5,147.66,23-08-2026,cash
TXN-0004663,STORE-019,PROD-00219,CUST-000926,5,192.5,2025-08-24T23:14:01,cash
TXN-0000860,STORE-011,PROD-00280,CUST-000755,3,30.75,2026-08-04T09:45:59,mobile_wallet
TXN-0003735,STORE-011,PROD-00070,CUST-000227,2,267.33,2026-04-01T05:43:56,cash
TXN-0002679,STORE-010,PROD-00148,CUST-000669,5,322.32,01/29/2026 20:53,card
TXN-0001124,STORE-021,PROD-00258,CUST-000103,5,46.18,2025-09-26T05:47:10,mobile_wallet
TXN-0002853,STORE-022,PROD-00249,CUST-000247,2,70.32,03/18/2026 17:47,card
TXN-0002227,STORE-018,PROD-00090,CUST-000957,3,197.2,10/11/2025 13:26,mobile_wallet
TXN-0004246,STORE-007,SKU000223,CUST-000916,3,244.67,04/08/2026 18:23,mobile_wallet
TXN-0002519,STORE-023,PROD-00169,CUST-000126,5,262.44,08-05-2026,mobile_wallet
TXN-0004146,STORE-010,PROD-00079,CUST-000983,-3,410.73,2026-07-24T20:48:21,card
TXN-0003860,STORE-013,PROD-00162,CUST-000953,5,101.72,03/03/2026 02:39,cash
TXN-0003715,STORE-018,PROD-00001,CUST-000346,3,50.1,12-07-2026,cash
TXN-0004471,STORE-005,PROD-00264,CUST-000356,4,163.32,27-04-2026,cash
TXN-0003315,STORE-021,PROD-00089,CUST-000345,2,18.86,2026-05-07T00:25:50,cash
TXN-0000812,STORE-003,PROD-00275,CUST-000261,3,320.55,2026-01-16T03:49:46,mobile_wallet
TXN-0000146,STORE-014,PROD-00177,CUST-000139,1,52.67,08-07-2026,card
TXN-0001349,STORE-010,PROD-00276,CUST-000888,5,193.7,2026-06-08T16:53:46,mobile_wallet
TXN-0002981,STORE-001,PROD-00124,CUST-000507,5,410.1,2026-05-22T16:19:50,cash
TXN-0003201,STORE-020,PROD-00174,CUST-000094,3,195.74,2026-05-06T07:25:33,cash
TXN-0004383,STORE-006,PROD-00080,CUST-000127,5,189.59,2025-12-16T14:01:15,mobile_wallet
TXN-0003708,STORE-023,PROD-00067,CUST-000554,-1,234.05,05/02/2026 12:47,mobile_wallet
TXN-0002283,STORE-008,PROD-00174,CUST-000255,2,195.74,06/28/2026 22:59,cash
TXN-0001599,STORE-018,PROD-00254,CUST-000094,4,316.24,21-07-2026,cash
TXN-0003356,STORE-017,PROD-00243,CUST-000849,-3,190.7,03/27/2026 23:59,card
TXN-0000204,STORE-018,PROD-00284,CUST-000553,5,334.85,2026-01-24T06:02:12,cash
TXN-0002068,STORE-014,PROD-00136,CUST-000869,2,39.83,29-05-2026,cash
TXN-0002495,STORE-011,PROD-00165,CUST-000901,2,131.68,2026-04-28T03:18:34,mobile_wallet
TXN-0001564,STORE-014,PROD-00014,CUST-000405,3,26.37,2026-06-27T22:22:04,mobile_wallet
TXN-0000856,STORE-011,PROD-00252,CUST-000190,3,86.28,17-06-2026,mobile_wallet
TXN-0004734,STORE-019,PROD-00206,CUST-000918,2,275.13,2026-05-25T11:35:32,card
TXN-0000540,STORE-021,PROD-00207,CUST-000055,2,170.21,03/21/2026 09:45,mobile_wallet
TXN-0001881,STORE-006,PROD-00109,CUST-000970,2,121.34,2025-10-30T21:01:58,cash
TXN-0003883,STORE-020,PROD-00019,CUST-000379,1,114.13,06/13/2026 12:16,cash
TXN-0000027,STORE-017,PROD-00156,CUST-000445,5,356.66,04/27/2026 00:53,cash
TXN-0004769,STORE-023,PROD-00270,CUST-000056,2,191.88,11/26/2025 16:35,cash
TXN-0001142,STORE-017,PROD-00108,CUST-000281,3,196.31,2026-01-25T17:11:20,cash
TXN-0001036,STORE-009,sku000045 ,CUST-000796,2,122.63,10-06-2026,card
TXN-0001874,STORE-014,PROD-00072,CUST-000355,2,73.06,2025-10-13T01:54:19,mobile_wallet
TXN-0000773,STORE-014,PROD-00046,CUST-000637,1,68.42,08/01/2026 04:22,cash
TXN-0001282,STORE-006,PROD-00149,CUST-000897,4,197.41,2026-06-09T19:33:51,cash
TXN-0004667,STORE-017,PROD-00234,CUST-000696,4,218.66,2026-06-25T18:18:26,card
TXN-0000465,STORE-016,PROD-00267,CUST-000201,4,271.24,06/12/2026 20:10,mobile_wallet
TXN-0001938,STORE-025,PROD-00188,CUST-000871,3,61.17,2026-06-09T13:24:05,mobile_wallet
TXN-0000201,STORE-024,PROD-00282,CUST-000434,3,311.97,11/03/2025 20:20,card
TXN-0004273,STORE-002,SKU000112,CUST-000372,2,196.87,18-02-2026,card
TXN-0002655,STORE-001,PROD-00271,CUST-000574,2,15.73,29-08-2025,mobile_wallet
TXN-0003268,STORE-015,PROD-00250,CUST-000369,5,27.33,10-09-2025,card
TXN-0003903,STORE-002,PROD-00028,CUST-000854,1,282.23,2026-03-20T12:30:28,mobile_wallet
TXN-0003657,STORE-021,PROD-00294,CUST-000840,3,125.57,05/07/2026 08:05,mobile_wallet
TXN-0004671,STORE-003,PROD-00168,CUST-000964,3,290.99,2026-05-12T00:51:56,mobile_wallet
TXN-0001276,STORE-023,PROD-00108,CUST-000616,2,196.31,2025-10-07T20:26:07,mobile_wallet
TXN-0001566,STORE-003,PROD-00068,CUST-000590,1,219.43,2025-11-21T05:53:59,mobile_wallet
TXN-0003701,STORE-014,PROD-00043,CUST-000100,3,98.85,10/15/2025 02:19,card
TXN-0001433,STORE-011,PROD-00244,CUST-000693,1,26.03,14-11-2025,cash
TXN-0002132,STORE-025,PROD-00198,CUST-000843,5,11.18,21-06-2026,card
TXN-0000051,STORE-015,SKU000003,CUST-000358,2,283.27,03-02-2026,card
TXN-0004284,STORE-016,PROD-00131,CUST-000081,2,154.11,03-04-2026,cash
TXN-0000429,STORE-021,PROD-00154,CUST-000882,4,45.56,07/03/2026 04:42,cash
TXN-0000406,STORE-019,PROD-00172,CUST-000210,3,197.18,03/03/2026 23:27,mobile_wallet
TXN-0004211,STORE-012,PROD-00161,CUST-000796,2,244.6,15-11-2025,card
TXN-0001844,STORE-014,PROD-00241,CUST-000965,2,7.24,11-04-2026,mobile_wallet
TXN-0004503,STORE-010,PROD-00083,CUST-000571,1,243.21,23-03-2026,mobile_wallet
TXN-0004876,STORE-009,PROD-00066,CUST-000090,2,175.34,2025-12-13T11:18:21,card
TXN-0004135,STORE-002,PROD-00188,CUST-000994,4,61.17,24-02-2026,mobile_wallet
TXN-0004716,STORE-023,PROD-00252,CUST-000061,1,86.28,2025-12-31T14:58:03,mobile_wallet
TXN-0004860,STORE-021,PROD-00293,CUST-000561,3,146.52,05/29/2026 13:50,card
TXN-0004428,STORE-024,PROD-00097,CUST-000399,5,5.72,10/12/2025 13:53,cash
TXN-0002600,STORE-011,PROD-00102,CUST-000793,2,281.32,11/26/2025 21:15,cash
TXN-0002962,STORE-002,PROD-00008,CUST-000467,2,195.87,12-02-2026,mobile_wallet
TXN-0000509,STORE-006,PROD-00043,CUST-000320,2,98.85,27-03-2026,card
TXN-0002377,STORE-002,PROD-00282,CUST-000737,2,311.97,04/10/2026 03:07,card
TXN-0002262,STORE-005,PROD-00077,CUST-000218,2,466.02,2026-04-08T20:32:23,mobile_wallet
TXN-0000080,STORE-009,PROD-00042,CUST-000936,2,3.53,01-02-2026,mobile_wallet
TXN-0004611,STORE-019,PROD-00101,CUST-000485,1,102.13,11/20/2025 00:40,card
TXN-0000581,STORE-021,PROD-00019,CUST-000097,2,114.13,05-05-2026,mobile_wallet
TXN-0002865,STORE-010,PROD-00037,CUST-000548,-3,153.17,06/05/2026 17:42,cash
TXN-0003945,STORE-009,PROD-00276,CUST-000606,2,193.7,2025-10-07T22:16:07,mobile_wallet
TXN-0001367,STORE-005,PROD-00166,CUST-000660,2,-249.26,18-05-2026,card
TXN-0003570,STORE-014,PROD-00053,CUST-000891,1,209.68,11-08-2026,cash
TXN-0003394,STORE-014,PROD-00058,CUST-000467,2,230.62,2026-07-29T08:00:36,mobile_wallet
TXN-0000045,STORE-008,PROD-00288,CUST-000266,5,112.73,26-08-2025,cash
TXN-0000346,STORE-021,SKU000202,CUST-000897,4,87.32,01/22/2026 07:40,card
TXN-0002740,STORE-019,PROD-00047,CUST-000912,1,239.67,28-12-2025,cash
TXN-0001728,STORE-008,PROD-00206,CUST-000223,3,275.13,01/23/2026 16:19,card
TXN-0001426,STORE-022,PROD-00281,CUST-000552,3,218.94,10-05-2026,card
TXN-0003413,STORE-002,PROD-00095,CUST-000395,1,165.36,15-01-2026,mobile_wallet
TXN-0004964,STORE-020,PROD-00038,CUST-000624,5,261.73,03/19/2026 20:21,card
TXN-0000628,STORE-008,PROD-00232,CUST-000995,3,179.91,07-03-2026,cash
TXN-0004097,STORE-003,PROD-00174,CUST-000482,2,195.74,01-10-2025,cash
TXN-0003354,STORE-014,PROD-00281,CUST-000075,2,218.94,2025-10-13T22:21:10,cash
TXN-0003395,STORE-008,PROD-00258,CUST-000771,5,46.18,27-02-2026,card
TXN-0000566,STORE-016,PROD-00185,CUST-000515,2,329.62,15-09-2025,card
TXN-0003994,STORE-022,PROD-00099,CUST-000715,1,-139.51,06-06-2026,mobile_wallet
TXN-0000794,STORE-014,PROD-00174,CUST-000497,2,195.74,2026-04-27T11:13:20,card
TXN-0003681,STORE-022,PROD-00134,CUST-000014,2,58.95,03/22/2026 14:23,mobile_wallet
TXN-0002479,STORE-018,PROD-00225,CUST-000303,3,372.01,06-06-2026,cash
TXN-0002716,STORE-016,PROD-00204,CUST-000797,1,220.1,2026-02-24T14:18:57,cash
TXN-0000751,STORE-013,PROD-00273,CUST-000105,5,440.02,16-08-2026,card
TXN-0001986,STORE-015,PROD-00114,CUST-000016,4,3.79,11/03/2025 05:59,card
TXN-0004740,STORE-017,PROD-00079,CUST-000122,2,410.73,2026-03-04T03:36:17,mobile_wallet
TXN-0002325,STORE-004,PROD-00009,CUST-000044,5,229.81,07/03/2026 13:10,mobile_wallet
TXN-0001592,STORE-006,PROD-00239,CUST-000744,1,296.37,2026-03-02T00:34:26,cash
TXN-0002544,STORE-017,PROD-00069,CUST-000991,2,201.76,2025-11-26T21:56:22,card
TXN-0001414,STORE-011,PROD-00013,CUST-000851,1,125.91,2026-03-24T17:25:58,mobile_wallet
TXN-0004416,STORE-012,PROD-00243,CUST-000848,5,190.7,04-03-2026,cash
TXN-0003233,STORE-011,PROD-00292,CUST-000040,2,228.17,2025-10-06T17:36:15,card
TXN-0000431,STORE-016,PROD-00186,CUST-000288,5,108.59,23-02-2026,cash
TXN-0003232,STORE-016,SKU000133,CUST-000544,5,372.3,05/13/2026 17:33,cash
TXN-0000013,STORE-021,PROD-00071,CUST-000570,2,133.13,06-09-2025,cash
TXN-0002275,STORE-014,PROD-00019,CUST-000011,4,114.13,29-04-2026,card
TXN-0003319,STORE-021,PROD-00071,CUST-000825,4,133.13,19-10-2025,cash
TXN-0004803,STORE-016,PROD-00111,CUST-000740,1,15.96,21-05-2026,card
TXN-0001217,STORE-022,PROD-00009,CUST-000955,3,229.81,09-12-2025,mobile_wallet
TXN-0001313,STORE-015,PROD-00183,CUST-000788,5,103.14,06-04-2026,mobile_wallet
TXN-0002223,STORE-022,PROD-00202,CUST-000704,5,87.32,20-03-2026,card
TXN-0001582,STORE-016,PROD-00171,CUST-000829,4,389.02,10/08/2025 12:25,mobile_wallet
TXN-0000665,STORE-018,PROD-00184,CUST-000161,1,232.98,16-09-2025,mobile_wallet
TXN-0001598,STORE-019,PROD-00209,CUST-000341,4,46.91,02/04/2026 08:29,card
TXN-0004897,STORE-015,PROD-00171,CUST-000127,3,389.02,2025-11-06T11:54:07,mobile_wallet
TXN-0004364,STORE-003,PROD-00257,CUST-000232,2,70.06,2025-12-23T19:03:20,card
TXN-0001437,STORE-012,PROD-00033,CUST-000926,1,182.35,10/25/2025 12:27,mobile_wallet
TXN-0001233,STORE-023,PROD-00018,CUST-000333,1,398.31,2026-02-04T02:53:05,card
TXN-0001321,STORE-016,PROD-00227,CUST-000113,2,38.54,29-12-2025,cash
TXN-0004766,STORE-003,PROD-00188,CUST-000908,2,61.17,2025-08-28T20:33:49,card
TXN-0004491,STORE-021,PROD-00058,CUST-000322,2,230.62,07-11-2025,card
TXN-0001063,STORE-016,PROD-00193,CUST-000911,5,70.07,22-09-2025,mobile_wallet
TXN-0000363,STORE-007,PROD-00113,CUST-000350,4,188.3,24-02-2026,mobile_wallet
TXN-0003592,STORE-017,PROD-00132,CUST-000121,5,131.99,27-03-2026,card
TXN-0002993,STORE-007,PROD-00079,CUST-000086,5,410.73,2026-01-29T20:23:26,mobile_wallet
TXN-0003050,STORE-019,PROD-00020,CUST-000466,1,55.46,18-07-2026,mobile_wallet
TXN-0002813,STORE-005,SKU000293,CUST-000998,1,146.52,08-11-2025,mobile_wallet
TXN-0004732,STORE-004,PROD-00080,CUST-000565,1,189.59,23-02-2026,card
TXN-0004230,STORE-025,PROD-00250,CUST-000982,1,27.33,14-01-2026,cash
TXN-0001576,STORE-017,PROD-00285,CUST-000158,4,198.44,27-09-2025,cash
TXN-0004591,STORE-017,SKU000255,CUST-000362,4,31.8,03/19/2026 05:47,mobile_wallet
TXN-0004617,STORE-005,PROD-00059,CUST-000892,5,138.3,12/15/2025 10:04,card
TXN-0000060,STORE-004,PROD-00043,CUST-000782,2,98.85,02-12-2025,card
TXN-0001147,STORE-005,PROD-00228,CUST-000499,4,168.6,11-12-2025,card
TXN-0000995,STORE-012,PROD-00063,CUST-000893,5,222.33,2026-02-10T07:17:20,card
TXN-0003168,STORE-005,PROD-00052,CUST-000787,5,403.8,2025-10-06T08:48:51,card
TXN-0000256,STORE-022,PROD-00290,CUST-000509,2,322.63,21-09-2025,card
TXN-0004458,STORE-023,PROD-00224,CUST-000645,3,109.98,2025-09-13T15:10:38,card
TXN-0001651,STORE-018,PROD-00186,CUST-000268,5,108.59,22-10-2025,mobile_wallet
TXN-0003977,STORE-016,PROD-00004,CUST-000316,3,105.24,2026-05-26T22:51:36,mobile_wallet
TXN-0003483,STORE-001,PROD-00077,CUST-000780,4,466.02,25-01-2026,card
TXN-0003670,STORE-024,PROD-00213,CUST-000371,4,158.8,29-08-2025,card
TXN-0003924,STORE-021,PROD-00029,CUST-000476,4,235.83,06/07/2026 15:49,mobile_wallet
TXN-0002587,STORE-024,PROD-00043,CUST-000600,1,98.85,05/01/2026 18:37,cash
TXN-0000017,STORE-020,PROD-00225,CUST-000621,4,372.01,21-05-2026,mobile_wallet
TXN-0002028,STORE-011,PROD-00072,CUST-000656,1,73.06,2026-04-18T11:13:36,card
TXN-0001236,STORE-014,PROD-00295,CUST-000478,4,213.54,24-11-2025,cash
TXN-0003414,STORE-002,PROD-00052,CUST-000468,4,403.8,11/14/2025 23:28,card
TXN-0003327,STORE-007,PROD-00278,CUST-000846,4,401.02,29-04-2026,mobile_wallet
TXN-0002233,STORE-013,PROD-00011,CUST-000250,4,25.8,2025-09-27T15:12:10,cash
TXN-0003312,STORE-020,PROD-00112,CUST-000424,2,196.87,2025-12-28T04:51:39,card
TXN-0000227,STORE-010,PROD-00056,CUST-000295,4,405.5,14-02-2026,card
TXN-0002747,STORE-022,PROD-00164,CUST-000677,5,231.45,08/31/2025 04:17,card
TXN-0001617,STORE-025,PROD-00159,CUST-000039,4,269.69,2026-02-13T21:21:25,mobile_wallet
TXN-0003192,STORE-018,PROD-00154,CUST-000277,1,45.56,2025-10-25T13:44:03,mobile_wallet
TXN-0000043,STORE-009,PROD-00029,CUST-000485,2,235.83,2026-03-01T22:59:55,card
TXN-0004966,STORE-003,PROD-00040,CUST-000582,4,330.8,06-12-2025,cash
TXN-0002905,STORE-010,SKU000207,CUST-000391,4,170.21,2026-07-03T17:41:11,card
TXN-0002182,STORE-006,PROD-00137,CUST-000767,2,278.35,15-05-2026,mobile_wallet
TXN-0004625,STORE-022,PROD-00133,CUST-000989,1,372.3,2026-04-10T00:25:21,card
TXN-0002787,STORE-015,PROD-00287,CUST-000218,3,159.36,11/30/2025 17:41,card
TXN-0002440,STORE-023,PROD-00011,CUST-000729,2,25.8,09/14/2025 16:46,card
TXN-0003984,STORE-019,PROD-00146,CUST-000036,5,128.46,01-09-2025,cash
TXN-0002261,STORE-021,PROD-00065,CUST-000096,1,66.03,2025-12-21T11:59:44,cash
TXN-0004508,STORE-005,PROD-00140,CUST-000759,1,234.87,11-09-2025,card
TXN-0003536,STORE-011,PROD-00053,CUST-000093,5,209.68,05/09/2026 08:56,cash
TXN-0002575,STORE-018,PROD-00007,CUST-000118,4,150.71,2026-07-11T01:48:37,card
TXN-0000078,STORE-012,SKU000224,CUST-000197,2,109.98,06/29/2026 03:15,cash
TXN-0001261,STORE-006,sku000278 ,CUST-000694,3,-401.02,08/12/2026 20:21,cash
TXN-0001259,STORE-002,PROD-00233,CUST-000088,4,381.82,04/22/2026 09:49,cash
TXN-0001890,STORE-021,PROD-00294,CUST-000972,4,125.57,07/14/2026 03:18,mobile_wallet
TXN-0002690,STORE-009,PROD-00190,CUST-000249,4,244.93,2026-02-08T13:02:12,cash
TXN-0004056,STORE-024,PROD-00179,CUST-000378,2,120.71,18-06-2026,cash
TXN-0000701,STORE-023,PROD-00104,CUST-000145,4,-124.94,2025-09-28T08:43:13,cash
TXN-0003061,STORE-022,PROD-00208,CUST-000923,2,270.9,2026-05-20T04:55:23,card
TXN-0002940,STORE-008,PROD-00096,CUST-000396,4,221.49,2026-05-21T09:12:40,mobile_wallet
TXN-0000954,STORE-021,PROD-00054,CUST-000708,1,267.97,04/01/2026 00:15,mobile_wallet
TXN-0000339,STORE-004,PROD-00051,CUST-000331,4,248.42,09/06/2025 03:36,card
TXN-0001225,STORE-002,PROD-00068,CUST-000429,4,219.43,2025-10-08T12:09:47,mobile_wallet
TXN-0000619,STORE-014,sku000238 ,CUST-000503,1,110.16,2025-11-21T00:03:15,card
TXN-0004311,STORE-005,PROD-00107,CUST-000567,1,70.64,04/09/2026 20:11,card
TXN-0002672,STORE-004,PROD-00084,CUST-000396,4,147.66,05/11/2026 23:34,mobile_wallet
TXN-0004033,STORE-015,PROD-00163,CUST-000775,4,414.19,11/10/2025 14:50,card
TXN-0002628,STORE-015,PROD-00017,CUST-000798,5,73.06,05/06/2026 11:01,cash
TXN-0002629,STORE-003,PROD-00013,CUST-000925,2,125.91,09/06/2025 23:23,card
TXN-0001301,STORE-011,PROD-00212,CUST-000125,2,171.06,2025-10-22T22:11:09,cash
TXN-0001132,STORE-006,PROD-00102,CUST-000068,-1,281.32,06-06-2026,mobile_wallet
TXN-0004841,STORE-022,PROD-00270,CUST-000975,3,191.88,07/09/2026 08:00,card
TXN-0004072,STORE-005,PROD-00254,CUST-000564,1,316.24,08-10-2025,card
TXN-0001772,STORE-018,PROD-00282,CUST-000711,1,311.97,11-10-2025,mobile_wallet
TXN-0000207,STORE-016,PROD-00167,CUST-000229,2,331.85,04-12-2025,mobile_wallet
TXN-0002594,STORE-014,PROD-00275,CUST-000057,3,320.55,11-09-2025,mobile_wallet
TXN-0003816,STORE-002,PROD-00050,CUST-000066,2,73.61,02-02-2026,mobile_wallet
TXN-0000626,STORE-013,PROD-00154,CUST-000708,1,45.56,02/13/2026 21:25,cash
TXN-0004286,STORE-014,SKU000170,CUST-000807,3,204.4,2026-07-09T15:46:36,cash
TXN-0003335,STORE-011,PROD-00273,CUST-000909,1,440.02,03/21/2026 03:38,card
TXN-0002483,STORE-016,PROD-00023,CUST-000664,3,206.36,26-02-2026,cash
TXN-0002432,STORE-008,PROD-00269,CUST-000128,3,340.17,04/09/2026 11:10,mobile_wallet
TXN-0003041,STORE-015,PROD-00206,CUST-000693,1,275.13,26-02-2026,mobile_wallet
TXN-0002058,STORE-009,PROD-00064,CUST-000524,-3,103.31,2025-09-11T01:08:12,mobile_wallet
TXN-0004376,STORE-015,PROD-00131,CUST-000548,4,154.11,2025-10-16T16:36:17,cash
TXN-0003649,STORE-002,PROD-00210,CUST-000632,2,163.54,04/20/2026 02:17,mobile_wallet
TXN-0001702,STORE-017,PROD-00222,CUST-000252,1,219.35,29-08-2025,mobile_wallet
TXN-0003336,STORE-025,PROD-00226,CUST-000615,4,208.87,2025-08-24T08:20:23,mobile_wallet
TXN-0004615,STORE-004,PROD-00300,CUST-000407,1,124.65,2026-03-11T23:56:42,mobile_wallet
TXN-0001866,STORE-011,PROD-00255,CUST-000239,4,31.8,07/17/2026 16:41,mobile_wallet
TXN-0003226,STORE-021,PROD-00071,CUST-000150,5,133.13,04/26/2026 17:28,cash
TXN-0004773,STORE-012,SKU000096,CUST-000717,1,221.49,2026-07-02T01:44:53,cash
TXN-0001358,STORE-010,PROD-00107,CUST-000418,2,70.64,2026-05-28T04:49:54,cash
TXN-0003506,STORE-003,PROD-00288,CUST-000088,4,112.73,2026-01-25T20:52:58,cash
TXN-0002346,STORE-004,PROD-00159,CUST-000808,5,269.69,05/24/2026 08:28,cash
TXN-0003433,STORE-023,PROD-00075,CUST-000009,5,374.2,02/14/2026 18:52,card
TXN-0000344,STORE-025,PROD-00132,CUST-000912,1,131.99,06/27/2026 05:54,cash
TXN-0002093,STORE-020,PROD-00270,CUST-000410,5,191.88,2026-02-15T06:56:37,card
TXN-0001216,STORE-004,PROD-00032,CUST-000065,5,277.74,10-06-2026,mobile_wallet
TXN-0000299,STORE-012,PROD-00145,CUST-000506,5,210.66,12/04/2025 10:06,mobile_wallet
TXN-0000734,STORE-021,PROD-00099,CUST-000596,2,139.51,2026-01-01T07:33:41,mobile_wallet
TXN-0003065,STORE-005,PROD-00040,CUST-000059,3,330.8,05/02/2026 02:58,card
TXN-0000458,STORE-019,PROD-00206,CUST-000478,1,275.13,2025-10-18T10:50:11,card
TXN-0003904,STORE-011,PROD-00029,CUST-000113,4,235.83,10-04-2026,cash
TXN-0002958,STORE-020,PROD-00161,CUST-000439,5,244.6,09/06/2025 16:15,card
TXN-0001458,STORE-017,PROD-00165,CUST-000828,5,131.68,01/21/2026 13:07,mobile_wallet
TXN-0000780,STORE-013,PROD-00275,CUST-000115,4,320.55,01-05-2026,card
TXN-0000250,STORE-010,PROD-00086,CUST-000695,5,24.26,2026-01-14T16:07:39,cash
TXN-0002866,STORE-021,PROD-00078,CUST-000659,5,62.45,28-09-2025,mobile_wallet
TXN-0001808,STORE-007,PROD-00231,CUST-000060,1,101.96,2026-01-05T04:54:19,card
TXN-0004004,STORE-009,PROD-00185,CUST-000831,4,329.62,2026-01-25T14:07:13,card
TXN-0004265,STORE-021,PROD-00269,CUST-000339,1,340.17,09/01/2025 13:13,cash
TXN-0004908,STORE-023,PROD-00017,CUST-000980,3,73.06,10-07-2026,cash
TXN-0001483,STORE-008,PROD-00036,CUST-000893,5,277.4,2026-06-05T06:09:07,mobile_wallet
TXN-0004092,STORE-003,PROD-00097,CUST-000130,1,5.72,12-08-2026,mobile_wallet
TXN-0004436,STORE-025,PROD-00028,CUST-000931,5,282.23,2025-12-28T06:14:34,card
TXN-0003059,STORE-019,PROD-00030,CUST-000872,3,142.56,07/11/2026 05:34,cash
TXN-0001909,STORE-025,PROD-00029,CUST-000233,4,235.83,01-08-2026,card
TXN-0003317,STORE-009,PROD-00026,CUST-000085,2,57.84,2025-08-30T23:20:05,card
TXN-0002642,STORE-002,PROD-00082,CUST-000762,2,208.22,2026-02-23T14:00:55,mobile_wallet
TXN-0004752,STORE-006,PROD-00013,CUST-000376,3,125.91,27-10-2025,card
TXN-0002767,STORE-006,PROD-00129,CUST-000759,1,159.98,2025-12-20T23:31:43,card
TXN-0002035,STORE-020,PROD-00064,CUST-000838,2,103.31,11/16/2025 13:04,card
TXN-0002115,STORE-002,PROD-00129,CUST-000988,3,159.98,27-08-2025,cash
TXN-0003639,STORE-019,PROD-00002,CUST-000691,3,97.99,2025-12-17T00:48:56,cash
TXN-0002215,STORE-001,PROD-00087,CUST-000044,4,347.77,2025-08-26T07:30:16,cash
TXN-0003618,STORE-002,PROD-00260,CUST-000507,-1,88.49,07/05/2026 06:37,mobile_wallet
TXN-0000193,STORE-018,PROD-00032,CUST-000754,4,277.74,2026-01-06T01:54:34,mobile_wallet
TXN-0001223,STORE-019,PROD-00096,CUST-000889,1,221.49,2026-07-24T17:30:45,mobile_wallet
TXN-0000155,STORE-021,PROD-00080,CUST-000487,4,189.59,11/12/2025 09:09,cash
TXN-0004847,STORE-007,PROD-00039,CUST-000197,4,183.97,11/15/2025 13:43,cash
TXN-0002965,STORE-019,PROD-00112,CUST-000766,5,196.87,04-02-2026,mobile_wallet
TXN-0001256,STORE-012,PROD-00231,CUST-000145,4,101.96,03/25/2026 09:26,card
TXN-0002169,STORE-015,PROD-00001,CUST-000430,5,50.1,04-01-2026,cash
TXN-0004251,STORE-025,PROD-00120,CUST-000627,2,305.8,08-04-2026,mobile_wallet
TXN-0004570,STORE-013,PROD-00043,CUST-000312,5,98.85,01-07-2026,mobile_wallet
TXN-0003176,STORE-001,PROD-00068,CUST-000085,4,219.43,02-09-2025,cash
TXN-0000539,STORE-008,PROD-00131,CUST-000897,4,154.11,2026-02-06T10:39:04,cash
TXN-0001381,STORE-024,PROD-00075,CUST-000839,1,374.2,13-06-2026,card
TXN-0002426,STORE-019,PROD-00023,CUST-000995,5,206.36,2025-11-12T15:44:16,card
TXN-0002961,STORE-014,PROD-00220,CUST-000443,2,218.32,11/27/2025 19:19,card
TXN-0000064,STORE-019,PROD-00286,CUST-000111,2,118.06,10/07/2025 13:45,mobile_wallet
TXN-0002514,STORE-002,PROD-00019,CUST-000224,5,114.13,2026-03-18T14:33:49,mobile_wallet
TXN-0004081,STORE-009,PROD-00036,CUST-000673,1,277.4,2026-05-19T12:57:02,mobile_wallet
TXN-0003313,STORE-002,SKU000020,CUST-000826,5,55.46,2026-06-11T15:37:35,mobile_wallet
TXN-0001828,STORE-018,PROD-00038,CUST-000585,5,261.73,2026-02-06T03:10:08,cash
TXN-0002668,STORE-007,PROD-00062,CUST-000693,4,189.58,05/06/2026 10:38,cash
TXN-0002413,STORE-017,PROD-00010,CUST-000451,5,96.14,12/18/2025 23:36,card
TXN-0004559,STORE-023,PROD-00034,CUST-000333,3,134.98,07/26/2026 19:43,card
TXN-0003645,STORE-004,PROD-00250,CUST-000987,4,27.33,08/19/2026 15:43,cash
TXN-0000145,STORE-024,PROD-00050,CUST-000352,3,73.61,12-07-2026,cash
TXN-0004419,STORE-025,PROD-00218,CUST-000057,3,279.94,12/24/2025 05:38,mobile_wallet
TXN-0004357,STORE-007,PROD-00066,CUST-000937,3,175.34,2026-01-14T13:55:15,card
TXN-0000136,STORE-004,PROD-00090,CUST-000648,5,197.2,2026-07-02T12:52:31,mobile_wallet
TXN-0004707,STORE-019,PROD-00042,CUST-000825,3,3.53,2025-08-24T20:08:49,mobile_wallet
TXN-0002565,STORE-021,PROD-00018,CUST-000137,3,398.31,09/07/2025 22:33,cash
TXN-0003926,STORE-023,PROD-00078,CUST-000969,3,62.45,06/02/2026 14:01,card
TXN-0003987,STORE-008,PROD-00146,CUST-000228,3,128.46,09-04-2026,card
TXN-0002491,STORE-004,PROD-00179,CUST-000858,2,120.71,17-08-2026,card
TXN-0003227,STORE-016,PROD-00113,CUST-000828,1,188.3,16-01-2026,cash
TXN-0000353,STORE-018,PROD-00047,CUST-000199,3,239.67,04/02/2026 08:21,mobile_wallet
TXN-0002033,STORE-012,PROD-00168,CUST-000182,4,290.99,2026-05-21T22:02:28,card
TXN-0002301,STORE-006,PROD-00144,CUST-000889,2,362.55,07/21/2026 12:54,mobile_wallet
TXN-0001757,STORE-020,PROD-00010,CUST-000160,1,96.14,07/13/2026 17:13,card
TXN-0000262,STORE-003,PROD-00153,CUST-000878,1,389.07,2025-12-21T17:22:04,mobile_wallet
TXN-0004395,STORE-025,PROD-00054,CUST-000799,4,267.97,11/07/2025 21:45,mobile_wallet
TXN-0004094,STORE-011,PROD-00214,CUST-000742,3,53.88,07/04/2026 08:48,mobile_wallet
TXN-0004187,STORE-024,PROD-00086,CUST-000026,1,24.26,14-06-2026,mobile_wallet
TXN-0000157,STORE-018,SKU000240,CUST-000920,3,100.07,07-03-2026,mobile_wallet
TXN-0001609,STORE-001,PROD-00013,CUST-000969,3,125.91,13-08-2026,card
TXN-0004802,STORE-020,PROD-00259,CUST-000084,2,172.49,08-04-2026,cash
TXN-0001533,STORE-006,PROD-00145,CUST-000711,1,210.66,04-10-2025,card
TXN-0000203,STORE-008,PROD-00154,CUST-000531,2,45.56,12-10-2025,cash
TXN-0003557,STORE-018,PROD-00113,CUST-000337,5,188.3,2025-09-20T17:20:49,mobile_wallet
TXN-0000835,STORE-012,PROD-00250,CUST-000183,1,27.33,04/30/2026 14:09,card
TXN-0003295,STORE-023,PROD-00103,CUST-000136,2,219.77,2025-10-24T09:06:02,cash
TXN-0003368,STORE-008,PROD-00120,CUST-000868,4,305.8,06/13/2026 15:34,card
TXN-0004023,STORE-005,PROD-00065,CUST-000317,5,66.03,27-09-2025,cash
TXN-0001149,STORE-012,PROD-00060,CUST-000247,1,134.16,2026-07-07T07:40:16,cash
TXN-0003304,STORE-010,PROD-00199,CUST-000827,2,49.88,2026-05-03T10:23:17,card
TXN-0004397,STORE-007,PROD-00188,CUST-000603,3,61.17,2026-06-30T02:27:42,cash
TXN-0000196,STORE-021,PROD-00128,CUST-000058,2,102.36,10-07-2026,card
TXN-0001849,STORE-021,PROD-00097,CUST-000689,1,5.72,02-01-2026,card
TXN-0004738,STORE-020,PROD-00293,CUST-000134,3,146.52,13-10-2025,card
TXN-0002083,STORE-014,PROD-00058,CUST-000592,1,230.62,2025-11-11T06:33:01,card
TXN-0003738,STORE-005,PROD-00160,CUST-000971,5,168.5,03/23/2026 05:37,cash
TXN-0001971,STORE-005,PROD-00137,CUST-000431,1,278.35,2026-08-17T06:54:52,card
TXN-0003682,STORE-007,PROD-00268,CUST-000576,2,159.92,2026-02-22T01:26:17,card
TXN-0004041,STORE-022,PROD-00069,CUST-000505,3,201.76,14-09-2025,cash
TXN-0000277,STORE-024,PROD-00212,CUST-000786,1,171.06,23-02-2026,mobile_wallet
TXN-0003582,STORE-006,PROD-00283,CUST-000623,2,28.3,03/24/2026 09:14,cash
TXN-0003117,STORE-018,PROD-00147,CUST-000357,3,80.88,29-03-2026,mobile_wallet
TXN-0001515,STORE-006,PROD-00251,CUST-000874,1,304.44,10/06/2025 04:38,cash
TXN-0003150,STORE-016,PROD-00163,CUST-000466,1,414.19,05/20/2026 14:07,cash
TXN-0002948,STORE-014,PROD-00001,CUST-000655,5,50.1,2025-12-14T03:31:02,mobile_wallet
TXN-0000693,STORE-021,PROD-00170,CUST-000603,5,204.4,10/08/2025 18:11,cash
TXN-0002271,STORE-016,PROD-00061,CUST-000311,1,142.82,11-04-2026,cash
TXN-0000289,STORE-005,PROD-00061,CUST-000995,2,-142.82,15-01-2026,mobile_wallet
TXN-0003948,STORE-005,PROD-00140,CUST-000093,3,234.87,2025-09-10T17:03:21,mobile_wallet
TXN-0000722,STORE-007,PROD-00007,CUST-000807,4,150.71,04/04/2026 15:36,mobile_wallet
TXN-0002055,STORE-019,PROD-00041,CUST-000138,1,40.95,17-11-2025,cash
TXN-0004924,STORE-025,PROD-00126,CUST-000618,5,120.27,06/20/2026 05:28,mobile_wallet
TXN-0002474,STORE-016,PROD-00022,CUST-000836,3,30.81,2025-10-14T22:03:52,mobile_wallet
TXN-0001260,STORE-020,PROD-00188,CUST-000502,3,61.17,04/15/2026 05:19,card
TXN-0000178,STORE-008,PROD-00062,CUST-000630,1,189.58,15-06-2026,cash
TXN-0001526,STORE-003,PROD-00042,CUST-000480,-3,3.53,2026-03-06T23:55:39,mobile_wallet
TXN-0001680,STORE-021,PROD-00027,CUST-000992,2,103.95,01/10/2026 22:51,card
TXN-0000754,STORE-023,PROD-00036,CUST-000758,4,277.4,16-07-2026,cash
TXN-0003458,STORE-002,PROD-00208,CUST-000732,1,270.9,18-05-2026,mobile_wallet
TXN-0003453,STORE-011,PROD-00258,CUST-000513,4,46.18,2025-12-25T02:15:32,mobile_wallet
TXN-0002485,STORE-012,PROD-00166,CUST-000160,5,249.26,2026-05-06T05:18:43,cash
TXN-0002859,STORE-020,SKU000254,CUST-000389,2,316.24,2025-12-19T20:14:24,cash
TXN-0000455,STORE-015,PROD-00160,CUST-000316,2,168.5,05/02/2026 03:17,card
TXN-0001737,STORE-005,PROD-00022,CUST-000317,2,30.81,03/11/2026 23:16,card
TXN-0003067,STORE-003,PROD-00279,CUST-000894,2,114.72,29-03-2026,card
TXN-0004921,STORE-018,PROD-00198,CUST-000980,1,11.18,09/17/2025 10:31,card
TXN-0000948,STORE-006,PROD-00280,CUST-000758,5,30.75,2026-06-09T01:50:46,mobile_wallet
TXN-0003198,STORE-018,PROD-00056,CUST-000960,3,405.5,07-06-2026,card
TXN-0001251,STORE-010,PROD-00218,CUST-000677,3,279.94,2026-05-21T21:54:57,cash
TXN-0000439,STORE-018,PROD-00270,CUST-000591,5,191.88,09/13/2025 09:23,cash
TXN-0001196,STORE-006,PROD-00240,CUST-000558,1,100.07,2026-01-27T20:17:12,cash
TXN-0001434,STORE-008,sku000284 ,CUST-000914,4,334.85,07/29/2026 20:04,mobile_wallet
TXN-0004670,STORE-004,PROD-00171,CUST-000868,2,389.02,14-11-2025,card
TXN-0001959,STORE-009,PROD-00208,CUST-000628,1,270.9,2025-09-20T05:59:20,mobile_wallet
TXN-0002583,STORE-014,PROD-00144,CUST-000543,1,362.55,2025-09-18T10:11:09,mobile_wallet
TXN-0003631,STORE-019,PROD-00289,CUST-000169,1,265.35,10/11/2025 10:54,cash
TXN-0003644,STORE-017,PROD-00188,CUST-000376,3,61.17,02/20/2026 15:15,cash
TXN-0001016,STORE-007,PROD-00138,CUST-000939,2,56.89,11/11/2025 02:20,mobile_wallet
TXN-0000936,STORE-009,PROD-00244,CUST-000432,4,26.03,09/25/2025 14:36,card
TXN-0000118,STORE-020,PROD-00100,CUST-000594,5,413.06,2026-07-12T09:30:50,mobile_wallet
TXN-0004646,STORE-006,PROD-00121,CUST-000706,5,360.88,2026-01-21T13:46:49,mobile_wallet
TXN-0001377,STORE-016,PROD-00050,CUST-000035,5,73.61,2025-11-10T06:15:26,card
TXN-0004566,STORE-022,PROD-00283,CUST-000938,2,28.3,26-10-2025,mobile_wallet
TXN-0000849,STORE-006,PROD-00258,CUST-000422,2,46.18,16-10-2025,card
TXN-0000089,STORE-023,SKU000166,CUST-000544,5,249.26,23-07-2026,cash
TXN-0002942,STORE-008,PROD-00222,CUST-000771,2,219.35,02-05-2026,mobile_wallet
TXN-0000378,STORE-008,PROD-00057,CUST-000258,1,65.86,2026-02-18T16:30:42,cash
TXN-0002550,STORE-016,SKU000136,CUST-000994,4,39.83,03-04-2026,card
TXN-0003921,STORE-017,sku000278 ,CUST-000088,1,401.02,2026-01-04T05:13:52,cash
TXN-0001464,STORE-012,PROD-00198,CUST-000702,5,11.18,09/18/2025 05:53,mobile_wallet
TXN-0003848,STORE-021,PROD-00265,CUST-000279,2,47.36,2025-12-15T15:33:46,cash
TXN-0003971,STORE-010,PROD-00010,CUST-000931,3,96.14,08/30/2025 15:16,cash
TXN-0001274,STORE-020,PROD-00216,CUST-000126,3,188.81,23-02-2026,card
TXN-0001449,STORE-013,PROD-00003,CUST-000498,3,283.27,25-03-2026,cash
TXN-0000147,STORE-021,PROD-00296,CUST-000164,5,246.02,12/06/2025 17:48,cash
TXN-0000649,STORE-005,PROD-00034,CUST-000913,1,134.98,03/02/2026 10:40,mobile_wallet
TXN-0002522,STORE-017,PROD-00071,CUST-000283,5,133.13,01/28/2026 01:43,card
TXN-0002385,STORE-018,PROD-00084,CUST-000912,5,147.66,01/15/2026 21:18,card
TXN-0002182,STORE-006,PROD-00137,CUST-000767,2,278.35,15-05-2026,mobile_wallet
TXN-0004464,STORE-003,PROD-00183,CUST-000697,5,103.14,2026-08-21T01:33:26,cash
TXN-0001687,STORE-013,PROD-00022,CUST-000692,0,30.81,03/17/2026 22:29,mobile_wallet
TXN-0003656,STORE-002,PROD-00016,CUST-000105,1,50.67,05/03/2026 17:40,cash
TXN-0002041,STORE-010,PROD-00217,CUST-000060,5,123.22,22-05-2026,cash
TXN-0002873,STORE-001,PROD-00126,CUST-000405,4,120.27,03-12-2025,cash
TXN-0000190,STORE-002,PROD-00092,CUST-000012,2,35.56,2026-04-22T07:52:44,mobile_wallet
TXN-0001650,STORE-020,PROD-00097,CUST-000506,2,5.72,2025-08-30T19:47:42,mobile_wallet
TXN-0003194,STORE-010,PROD-00152,CUST-000797,4,131.51,2025-11-21T14:23:56,cash
TXN-0000785,STORE-011,PROD-00193,CUST-000189,2,70.07,06-03-2026,card
TXN-0000269,STORE-019,PROD-00067,CUST-000629,4,234.05,12/09/2025 02:16,card
TXN-0004216,STORE-020,PROD-00268,CUST-000840,3,159.92,2025-09-11T07:17:41,cash
TXN-0001486,STORE-001,PROD-00004,CUST-000424,5,105.24,28-01-2026,card
TXN-0004210,STORE-003,PROD-00287,CUST-000147,3,159.36,25-08-2025,card
TXN-0003477,STORE-003,PROD-00198,CUST-000800,1,11.18,06/21/2026 23:43,cash
TXN-0002837,STORE-020,PROD-00058,CUST-000582,4,230.62,01/22/2026 06:39,cash
TXN-0002139,STORE-010,PROD-00125,CUST-000724,2,373.21,05-09-2025,mobile_wallet
TXN-0004009,STORE-009,PROD-00003,CUST-000945,3,283.27,06/08/2026 08:11,mobile_wallet
TXN-0003632,STORE-005,PROD-00190,CUST-000873,5,244.93,2026-01-26T19:06:52,cash
TXN-0000855,STORE-016,PROD-00109,CUST-000950,3,121.34,2026-08-16T17:47:13,cash
TXN-0000272,STORE-021,PROD-00109,CUST-000942,2,121.34,2025-09-03T10:28:55,cash
TXN-0001068,STORE-002,PROD-00129,CUST-000432,1,159.98,01-08-2026,card
TXN-0003740,STORE-021,PROD-00282,CUST-000383,4,311.97,2026-07-06T13:54:23,card
TXN-0002246,STORE-015,PROD-00131,CUST-000452,1,154.11,07/29/2026 03:32,card
TXN-0000956,STORE-008,PROD-00216,CUST-000731,4,188.81,08/17/2026 19:46,card
TXN-0003348,STORE-023,PROD-00148,CUST-000909,3,322.32,2025-10-05T06:56:23,mobile_wallet
TXN-0004930,STORE-017,PROD-00111,CUST-000575,3,-15.96,2025-11-11T03:00:49,card
TXN-0001554,STORE-025,PROD-00074,CUST-000190,1,121.72,2026-01-12T03:30:54,cash
TXN-0003386,STORE-010,PROD-00125,CUST-000050,3,373.21,03-05-2026,card
TXN-0004046,STORE-008,PROD-00146,CUST-000017,4,128.46,18-12-2025,cash
TXN-0002666,STORE-017,PROD-00283,CUST-000367,1,28.3,2026-07-10T08:23:28,card
TXN-0002997,STORE-009,PROD-00070,CUST-000369,3,267.33,2026-08-12T09:13:42,card
TXN-0001088,STORE-005,PROD-00219,CUST-000917,1,192.5,04/28/2026 16:57,cash
TXN-0002046,STORE-002,PROD-00217,CUST-000568,-1,123.22,21-03-2026,cash
TXN-0002757,STORE-021,PROD-00221,CUST-000494,4,89.36,2025-12-17T22:08:58,card
TXN-0003040,STORE-005,PROD-00053,CUST-000875,2,209.68,2026-06-13T01:51:40,card
TXN-0002851,STORE-005,PROD-00078,CUST-000163,2,62.45,11/17/2025 02:02,mobile_wallet
TXN-0000478,STORE-023,PROD-00251,CUST-000970,2,304.44,09-07-2026,cash
TXN-0003718,STORE-010,PROD-00297,CUST-000064,4,297.41,2026-04-01T22:54:26,card
TXN-0000463,STORE-004,PROD-00069,CUST-000161,1,201.76,2026-04-08T17:53:01,card
TXN-0003116,STORE-021,PROD-00101,CUST-000309,5,102.13,2025-10-09T02:27:45,mobile_wallet
TXN-0000632,STORE-013,PROD-00064,CUST-000138,5,103.31,03-04-2026,card
TXN-0003922,STORE-002,PROD-00114,CUST-000924,4,3.79,04-01-2026,card
TXN-0004862,STORE-014,PROD-00201,CUST-000868,4,167.96,07-04-2026,card
TXN-0000578,STORE-014,PROD-00071,CUST-000328,4,133.13,21-11-2025,mobile_wallet
TXN-0004644,STORE-004,PROD-00077,CUST-000582,5,466.02,2025-10-11T18:12:47,card
TXN-0004888,STORE-023,PROD-00227,CUST-000293,5,38.54,14-02-2026,card
TXN-0004347,STORE-011,PROD-00212,CUST-000819,5,171.06,06/15/2026 11:11,mobile_wallet
TXN-0000039,STORE-007,PROD-00112,CUST-000848,5,196.87,29-03-2026,card
TXN-0002006,STORE-015,SKU000060,CUST-000024,5,134.16,02/11/2026 18:39,card
TXN-0003203,STORE-006,PROD-00223,CUST-000523,5,244.67,2025-11-26T18:53:56,cash
TXN-0004756,STORE-002,PROD-00202,CUST-000758,2,87.32,2025-10-15T23:38:39,mobile_wallet
TXN-0000317,STORE-006,PROD-00182,CUST-000017,4,92.63,19-01-2026,card
TXN-0001317,STORE-023,PROD-00126,CUST-000274,4,120.27,04/27/2026 13:11,mobile_wallet
TXN-0004368,STORE-010,PROD-00143,CUST-000656,3,370.32,28-08-2025,cash
TXN-0002335,STORE-014,PROD-00189,CUST-000952,3,371.6,31-07-2026,cash
TXN-0001332,STORE-024,PROD-00214,CUST-000009,3,53.88,11/18/2025 06:46,cash
TXN-0000511,STORE-010,PROD-00168,CUST-000586,2,290.99,05/13/2026 11:16,cash
TXN-0001642,STORE-018,PROD-00214,CUST-000385,1,53.88,11-05-2026,card
TXN-0001287,STORE-014,PROD-00298,CUST-000733,4,43.12,15-06-2026,card
TXN-0002435,STORE-007,PROD-00092,CUST-000462,-3,35.56,01/08/2026 02:13,card
TXN-0004141,STORE-006,PROD-00047,CUST-000793,3,239.67,26-02-2026,mobile_wallet
TXN-0001829,STORE-018,PROD-00134,CUST-000955,2,58.95,12/01/2025 10:53,card
TXN-0002811,STORE-020,PROD-00264,CUST-000322,5,163.32,2026-02-21T02:26:44,mobile_wallet
TXN-0003870,STORE-020,PROD-00136,CUST-000156,5,39.83,11/19/2025 01:44,card
TXN-0003492,STORE-009,SKU000169,CUST-000834,4,262.44,2025-10-19T12:55:46,card
TXN-0001082,STORE-019,PROD-00253,CUST-000701,5,288.42,2026-07-11T18:56:34,cash
TXN-0004956,STORE-018,PROD-00164,CUST-000495,3,231.45,2026-04-29T23:55:01,card
TXN-0000464,STORE-022,PROD-00196,CUST-000837,3,190.23,2025-12-06T07:26:46,card
TXN-0000513,STORE-015,PROD-00046,CUST-000813,2,68.42,2025-12-06T11:49:46,cash
TXN-0004687,STORE-018,PROD-00282,CUST-000198,4,311.97,2025-11-16T07:06:46,card
TXN-0002697,STORE-017,PROD-00096,CUST-000906,3,221.49,01/21/2026 14:34,cash
TXN-0004558,STORE-004,PROD-00170,CUST-000146,5,204.4,11/03/2025 18:02,card
TXN-0001976,STORE-011,PROD-00030,CUST-000882,5,142.56,09/07/2025 18:39,mobile_wallet
TXN-0003567,STORE-010,PROD-00122,CUST-000386,3,427.3,16-01-2026,mobile_wallet
TXN-0003936,STORE-024,PROD-00128,CUST-000372,5,102.36,2026-05-29T11:09:52,mobile_wallet
TXN-0000225,STORE-002,PROD-00131,CUST-000298,3,154.11,05/03/2026 20:33,card
TXN-0004592,STORE-020,PROD-00123,CUST-000204,5,217.36,26-07-2026,mobile_wallet
TXN-0000887,STORE-008,PROD-00001,CUST-000209,1,50.1,01/04/2026 06:25,mobile_wallet
TXN-0003564,STORE-010,PROD-00031,CUST-000430,0,283.68,04-11-2025,mobile_wallet
TXN-0003589,STORE-019,PROD-00071,CUST-000893,1,133.13,24-02-2026,card
TXN-0003102,STORE-005,PROD-00146,CUST-000859,2,128.46,10/31/2025 08:39,cash
TXN-0003439,STORE-019,PROD-00130,CUST-000792,4,93.35,09/15/2025 08:02,mobile_wallet
TXN-0001359,STORE-015,PROD-00014,CUST-000681,1,26.37,11/19/2025 12:58,mobile_wallet
TXN-0000158,STORE-020,PROD-00091,CUST-000580,4,98.64,14-06-2026,cash
TXN-0000395,STORE-002,PROD-00187,CUST-000465,1,300.08,2026-07-05T05:40:50,cash
TXN-0004987,STORE-013,PROD-00048,CUST-000158,2,363.63,08/24/2025 22:33,card
TXN-0004487,STORE-014,PROD-00175,CUST-000071,4,215.19,02-08-2026,card
TXN-0000334,STORE-015,PROD-00148,CUST-000426,4,322.32,14-09-2025,card
TXN-0004047,STORE-023,PROD-00195,CUST-000296,2,66.89,2025-12-03T21:22:08,mobile_wallet
TXN-0000391,STORE-015,PROD-00013,CUST-000803,4,125.91,09/28/2025 19:42,card
TXN-0004669,STORE-024,PROD-00283,CUST-000832,3,28.3,11/26/2025 23:32,mobile_wallet
TXN-0003482,STORE-020,PROD-00009,CUST-000377,2,229.81,07/28/2026 19:30,mobile_wallet
TXN-0001745,STORE-013,PROD-00297,CUST-000687,-1,297.41,10/15/2025 08:36,card
TXN-0001995,STORE-020,sku000167 ,CUST-000600,1,331.85,04-04-2026,mobile_wallet
TXN-0000563,STORE-023,PROD-00178,CUST-000993,4,181.72,2025-11-14T13:38:08,cash
TXN-0001939,STORE-019,PROD-00136,CUST-000339,2,39.83,2026-01-30T23:23:02,card
TXN-0003873,STORE-014,SKU000115,CUST-000850,4,345.35,16-08-2026,mobile_wallet
TXN-0000112,STORE-012,PROD-00158,CUST-000707,4,8.9,06-01-2026,card
TXN-0003585,STORE-013,PROD-00170,CUST-000176,3,204.4,12/26/2025 00:21,cash
TXN-0003223,STORE-008,PROD-00080,CUST-000941,1,189.59,18-08-2026,mobile_wallet
TXN-0000302,STORE-023,PROD-00175,CUST-000799,5,215.19,19-05-2026,cash
TXN-0000559,STORE-023,PROD-00053,CUST-000851,4,209.68,10-03-2026,mobile_wallet
TXN-0003494,STORE-009,PROD-00109,CUST-000408,3,121.34,01/07/2026 07:28,mobile_wallet
TXN-0004451,STORE-009,PROD-00006,CUST-000274,5,82.96,2026-07-04T17:07:51,cash
TXN-0004071,STORE-005,PROD-00021,CUST-000317,2,130.87,2026-05-28T10:14:10,cash
TXN-0004235,STORE-015,PROD-00203,CUST-000712,2,264.67,03-08-2026,cash
TXN-0001600,STORE-012,PROD-00071,CUST-000955,4,133.13,09-10-2025,card
TXN-0003055,STORE-018,PROD-00294,CUST-000226,3,125.57,12/19/2025 01:12,cash
TXN-0002864,STORE-010,PROD-00035,CUST-000397,2,241.08,29-01-2026,mobile_wallet
TXN-0000575,STORE-005,PROD-00187,CUST-000275,1,300.08,09/01/2025 16:17,card
TXN-0002952,STORE-023,SKU000224,CUST-000598,5,109.98,2026-06-11T21:31:30,card
TXN-0002255,STORE-019,PROD-00080,CUST-000034,4,189.59,03/04/2026 06:54,cash
TXN-0001247,STORE-013,SKU999999,CUST-000641,5,279.94,15-09-2025,mobile_wallet
TXN-0004441,STORE-016,PROD-00139,CUST-000872,5,109.66,2025-09-14T11:41:04,cash
TXN-0001283,STORE-025,PROD-00143,CUST-000805,3,370.32,30-09-2025,mobile_wallet
TXN-0000119,STORE-008,PROD-00019,CUST-000496,1,114.13,06/17/2026 08:12,cash
TXN-0003830,STORE-010,PROD-00206,CUST-000260,2,275.13,2026-07-14T02:27:16,mobile_wallet
TXN-0004162,STORE-025,PROD-00233,CUST-000620,2,381.82,01/22/2026 02:48,card
TXN-0001685,STORE-005,PROD-00025,CUST-000562,2,233.72,05/03/2026 20:14,mobile_wallet
TXN-0002007,STORE-006,PROD-00096,CUST-000547,4,221.49,2026-02-07T18:00:28,mobile_wallet
TXN-0000510,STORE-011,PROD-00211,CUST-000229,4,258.83,09/01/2025 20:41,card
TXN-0003309,STORE-001,SKU999999,CUST-000411,3,137.35,12/17/2025 16:15,cash
TXN-0000216,STORE-019,PROD-00203,CUST-000203,2,264.67,28-10-2025,card
TXN-0004404,STORE-001,PROD-00007,CUST-000980,5,150.71,01/15/2026 22:12,cash
TXN-0001589,STORE-001,PROD-00244,CUST-000341,1,26.03,02-12-2025,mobile_wallet
TXN-0000515,STORE-017,PROD-00008,CUST-000064,4,195.87,10-07-2026,cash
TXN-0001692,STORE-011,PROD-00192,CUST-000722,4,-57.16,05/08/2026 14:19,mobile_wallet
TXN-0004106,STORE-017,PROD-00077,CUST-000129,4,466.02,01/03/2026 16:09,cash
TXN-0004512,STORE-003,PROD-00168,CUST-000366,5,290.99,06/09/2026 06:04,cash
TXN-0002941,STORE-001,PROD-00136,CUST-000166,1,39.83,15-02-2026,cash
TXN-0001404,STORE-010,PROD-00250,CUST-000239,2,27.33,09-08-2026,mobile_wallet
TXN-0000113,STORE-023,PROD-00118,CUST-000232,2,265.0,10/05/2025 22:51,mobile_wallet
TXN-0002454,STORE-019,PROD-00190,CUST-000902,-3,244.93,27-04-2026,cash
TXN-0004063,STORE-006,PROD-00258,CUST-000050,3,46.18,04/15/2026 12:07,cash
TXN-0002196,STORE-014,PROD-00237,CUST-000111,5,-56.05,06/23/2026 17:31,cash
TXN-0004926,STORE-021,PROD-00117,CUST-000461,2,15.6,15-03-2026,card
TXN-0000309,STORE-012,PROD-00223,CUST-000064,1,244.67,04-10-2025,cash
TXN-0004536,STORE-018,PROD-00107,CUST-000579,-1,70.64,25-11-2025,mobile_wallet
TXN-0001413,STORE-013,PROD-00268,CUST-000148,4,159.92,28-05-2026,card
TXN-0002701,STORE-016,PROD-00259,CUST-000377,5,172.49,06-07-2026,card
TXN-0000170,STORE-011,PROD-00253,CUST-000548,4,288.42,01/09/2026 23:28,cash
TXN-0003497,STORE-002,PROD-00222,CUST-000327,1,219.35,2026-04-01T20:22:14,card
TXN-0004869,STORE-005,PROD-00239,CUST-000909,3,296.37,2025-09-21T11:36:01,card
TXN-0004527,STORE-021,PROD-00218,CUST-000191,3,279.94,10/01/2025 10:30,card
TXN-0004948,STORE-024,PROD-00271,CUST-000860,2,15.73,21-05-2026,card
TXN-0004080,STORE-010,PROD-00241,CUST-000358,3,7.24,07/08/2026 20:37,cash
TXN-0003571,STORE-002,PROD-00048,CUST-000819,5,363.63,08/04/2026 00:29,card
TXN-0002348,STORE-004,PROD-00024,CUST-000705,5,131.49,09/16/2025 21:17,cash
TXN-0002241,STORE-008,PROD-00202,CUST-000949,2,-87.32,11-06-2026,cash
TXN-0002104,STORE-003,PROD-00050,CUST-000640,4,73.61,2026-06-10T01:34:38,card
TXN-0002515,STORE-008,PROD-00009,CUST-000374,3,229.81,02-11-2025,mobile_wallet
TXN-0001478,STORE-023,PROD-00043,CUST-000155,1,98.85,07/30/2026 06:37,mobile_wallet
TXN-0000894,STORE-005,PROD-00076,CUST-000805,4,27.66,04/21/2026 04:32,card
TXN-0004811,STORE-019,PROD-00260,CUST-000381,3,88.49,2026-03-21T20:51:20,card
TXN-0001376,STORE-016,PROD-00160,CUST-000990,3,168.5,08/05/2026 14:25,mobile_wallet
TXN-0002131,STORE-025,PROD-00118,CUST-000096,4,265.0,14-01-2026,mobile_wallet
TXN-0001991,STORE-014,PROD-00267,CUST-000166,3,271.24,30-11-2025,cash
TXN-0002564,STORE-021,PROD-00135,CUST-000143,2,288.86,2026-02-11T16:38:19,mobile_wallet
TXN-0003767,STORE-015,PROD-00172,CUST-000588,3,197.18,12/30/2025 21:42,card
TXN-0000971,STORE-001,PROD-00052,CUST-000421,4,403.8,2026-03-04T19:26:43,card
TXN-0001213,STORE-021,PROD-00242,CUST-000063,4,12.79,22-12-2025,mobile_wallet
TXN-0002661,STORE-017,PROD-00027,CUST-000404,3,103.95,09-11-2025,cash
TXN-0000217,STORE-009,PROD-00125,CUST-000040,4,373.21,2026-07-24T09:44:40,card
TXN-0004266,STORE-003,PROD-00214,CUST-000778,3,53.88,16-04-2026,cash
TXN-0003764,STORE-016,PROD-00102,CUST-000711,5,281.32,2026-03-15T20:28:02,cash
TXN-0003827,STORE-009,PROD-00199,CUST-000108,5,49.88,13-07-2026,mobile_wallet
TXN-0001802,STORE-012,PROD-00290,CUST-000831,1,322.63,2026-06-22T11:43:51,cash
TXN-0004043,STORE-001,PROD-00134,CUST-000556,5,58.95,2025-11-05T05:44:56,cash
TXN-0002737,STORE-007,PROD-00107,CUST-000972,2,70.64,2026-07-03T15:02:49,cash
TXN-0004422,STORE-015,PROD-00141,CUST-000344,3,312.06,05-01-2026,mobile_wallet
TXN-0001738,STORE-002,PROD-00093,CUST-000937,1,253.66,13-07-2026,cash
TXN-0001066,STORE-022,PROD-00055,CUST-000761,4,305.58,30-07-2026,card
TXN-0002967,STORE-024,PROD-00018,CUST-000826,5,398.31,2026-03-09T06:03:04,cash
TXN-0001339,STORE-022,PROD-00024,CUST-000468,4,131.49,02/23/2026 00:28,card
TXN-0002533,STORE-019,PROD-00063,CUST-000394,2,222.33,2026-06-14T20:10:42,mobile_wallet
TXN-0000834,STORE-010,PROD-00202,CUST-000548,5,87.32,07/31/2026 17:42,mobile_wallet
TXN-0000558,STORE-010,PROD-00125,CUST-000418,5,373.21,08/11/2026 05:58,card
TXN-0004805,STORE-008,PROD-00133,CUST-000194,4,372.3,2026-04-02T03:36:58,cash
TXN-0000377,STORE-019,PROD-00228,CUST-000353,3,168.6,06/29/2026 14:50,card
TXN-0000608,STORE-021,PROD-00013,CUST-000273,3,125.91,05-08-2026,card
TXN-0001803,STORE-011,PROD-00024,CUST-000751,3,131.49,01/14/2026 09:27,cash
TXN-0004345,STORE-002,PROD-00056,CUST-000838,3,-405.5,07/17/2026 18:28,mobile_wallet
TXN-0004363,STORE-005,PROD-00023,CUST-000616,5,206.36,09/12/2025 19:46,mobile_wallet
TXN-0002184,STORE-022,PROD-00284,CUST-000928,3,334.85,2025-09-05T11:13:10,cash
TXN-0004042,STORE-013,PROD-00043,CUST-000991,1,98.85,20-08-2026,mobile_wallet
TXN-0004863,STORE-017,PROD-00181,CUST-000472,2,231.93,05/23/2026 20:43,card
TXN-0000200,STORE-024,SKU000221,CUST-000902,3,89.36,2025-09-01T12:09:56,cash
TXN-0002988,STORE-009,PROD-00196,CUST-000138,3,190.23,10/15/2025 04:15,cash
TXN-0002190,STORE-016,SKU999999,CUST-000708,5,142.56,05-07-2026,card
TXN-0001257,STORE-014,PROD-00092,CUST-000766,5,35.56,2026-07-11T02:11:24,card
TXN-0004537,STORE-016,PROD-00040,CUST-000287,1,330.8,15-11-2025,card
TXN-0004115,STORE-015,PROD-00297,CUST-000690,4,297.41,2026-04-11T04:28:39,cash
TXN-0000998,STORE-009,PROD-00156,CUST-000462,3,356.66,07/20/2026 10:25,cash
TXN-0000600,STORE-019,PROD-00062,CUST-000416,3,189.58,04/02/2026 08:43,cash
TXN-0001988,STORE-003,PROD-00108,CUST-000700,5,196.31,13-07-2026,mobile_wallet
TXN-0004994,STORE-012,SKU000259,CUST-000535,1,172.49,11/09/2025 16:32,cash
TXN-0002595,STORE-007,PROD-00216,CUST-000442,4,188.81,2026-06-05T20:21:22,mobile_wallet
TXN-0001900,STORE-012,PROD-00002,CUST-000448,4,97.99,2026-03-02T12:05:34,mobile_wallet
TXN-0000462,STORE-005,PROD-00262,CUST-000763,4,330.85,08/12/2026 10:34,card
TXN-0003010,STORE-018,PROD-00185,CUST-000404,4,329.62,2026-03-08T10:12:15,cash
TXN-0001234,STORE-011,PROD-00216,CUST-000728,3,188.81,08/25/2025 03:03,cash
TXN-0004022,STORE-003,PROD-00013,CUST-000128,2,125.91,2026-01-01T17:53:10,mobile_wallet
TXN-0003281,STORE-021,PROD-00163,CUST-000384,3,414.19,2025-09-11T02:41:05,cash
TXN-0003751,STORE-016,PROD-00142,CUST-000383,5,70.8,2026-02-23T12:40:38,card
TXN-0002770,STORE-002,PROD-00176,CUST-000986,5,122.92,2025-12-05T07:35:40,cash
TXN-0002796,STORE-021,PROD-00157,CUST-000771,4,141.14,06/19/2026 14:11,mobile_wallet
TXN-0001179,STORE-012,PROD-00202,CUST-000375,5,87.32,05-03-2026,card
TXN-0003710,STORE-004,PROD-00287,CUST-000647,5,159.36,09/14/2025 02:20,cash
TXN-0004588,STORE-022,PROD-00272,CUST-000913,5,149.44,10/24/2025 10:12,cash
TXN-0001552,STORE-025,PROD-00049,CUST-000589,2,11.75,02/24/2026 11:10,cash
TXN-0000048,STORE-019,PROD-00189,CUST-000652,5,371.6,28-02-2026,card
TXN-0003974,STORE-004,SKU000086,CUST-000621,2,24.26,15-04-2026,cash
TXN-0002986,STORE-009,PROD-00241,CUST-000566,0,7.24,03/24/2026 07:40,mobile_wallet
TXN-0000283,STORE-001,PROD-00228,CUST-000577,4,168.6,08/20/2026 23:00,cash
TXN-0001607,STORE-017,PROD-00001,CUST-000060,1,50.1,08-06-2026,cash
TXN-0002553,STORE-009,PROD-00254,CUST-000122,5,316.24,2025-08-27T22:40:19,mobile_wallet
TXN-0003911,STORE-003,PROD-00071,CUST-000442,5,133.13,2025-11-30T20:09:56,cash
TXN-0000639,STORE-022,PROD-00141,CUST-000651,1,312.06,19-10-2025,mobile_wallet
TXN-0000085,STORE-020,PROD-00123,CUST-000270,2,217.36,2026-06-13T04:01:43,card
TXN-0002953,STORE-023,PROD-00016,CUST-000414,4,50.67,2026-08-01T03:39:17,mobile_wallet
TXN-0002369,STORE-021,PROD-00099,CUST-000291,4,139.51,09-05-2026,card
TXN-0000730,STORE-011,PROD-00228,CUST-000146,2,168.6,2025-08-26T23:00:48,mobile_wallet
TXN-0001761,STORE-022,SKU000117,CUST-000162,4,15.6,11/12/2025 08:59,mobile_wallet
TXN-0004782,STORE-018,PROD-00077,CUST-000210,-1,466.02,2026-08-01T10:30:44,card
TXN-0002579,STORE-011,PROD-00125,CUST-000466,5,373.21,01/10/2026 19:37,card
TXN-0001368,STORE-016,PROD-00072,CUST-000478,1,73.06,10-03-2026,mobile_wallet
TXN-0001401,STORE-022,PROD-00242,CUST-000419,4,12.79,24-07-2026,mobile_wallet
TXN-0001746,STORE-014,PROD-00204,CUST-000250,1,220.1,08/27/2025 11:52,mobile_wallet
TXN-0000895,STORE-014,PROD-00058,CUST-000707,3,230.62,2025-09-29T06:40:46,card
TXN-0000784,STORE-023,PROD-00141,CUST-000270,5,312.06,12/29/2025 13:16,cash
TXN-0004157,STORE-010,PROD-00251,CUST-000925,1,304.44,23-09-2025,card
TXN-0000704,STORE-020,PROD-00153,CUST-000219,2,389.07,11-06-2026,mobile_wallet
TXN-0000177,STORE-021,PROD-00058,CUST-000673,4,230.62,12/11/2025 18:44,mobile_wallet
TXN-0001521,STORE-022,PROD-00231,CUST-000157,1,101.96,15-10-2025,card
TXN-0000877,STORE-006,PROD-00093,CUST-000280,2,253.66,26-06-2026,card
TXN-0003155,STORE-014,PROD-00170,CUST-000815,5,204.4,2025-11-22T12:55:46,cash
TXN-0004385,STORE-023,PROD-00219,CUST-000191,2,192.5,2026-07-24T22:11:59,cash
TXN-0000029,STORE-015,PROD-00187,CUST-000679,1,300.08,2025-12-17T20:35:47,cash
TXN-0004624,STORE-009,PROD-00152,CUST-000488,4,131.51,15-04-2026,cash
TXN-0003588,STORE-007,PROD-00122,CUST-000101,4,427.3,04-06-2026,card
TXN-0000240,STORE-020,PROD-00014,CUST-000155,5,26.37,2026-05-18T06:17:55,mobile_wallet
TXN-0001439,STORE-015,PROD-00111,CUST-000256,3,15.96,10/09/2025 16:51,card
TXN-0004149,STORE-018,PROD-00237,CUST-000305,4,56.05,08/04/2026 19:21,card
TXN-0000957,STORE-015,sku000180 ,CUST-000512,4,73.62,24-04-2026,cash
TXN-0003134,STORE-009,PROD-00291,CUST-000205,5,387.67,2025-08-25T20:37:50,card
TXN-0000758,STORE-003,PROD-00041,CUST-000301,4,40.95,2026-05-16T06:06:34,mobile_wallet
TXN-0004829,STORE-023,PROD-00004,CUST-000706,3,105.24,12/23/2025 19:57,cash
TXN-0000587,STORE-010,PROD-00262,CUST-000039,5,330.85,2025-09-05T03:11:32,card
TXN-0002857,STORE-024,PROD-00080,CUST-000398,5,189.59,2026-02-05T11:06:26,card
TXN-0004189,STORE-009,PROD-00260,CUST-000010,2,88.49,01/16/2026 11:53,card
TXN-0004414,STORE-019,PROD-00003,CUST-000393,4,283.27,27-09-2025,mobile_wallet
TXN-0000314,STORE-022,PROD-00079,CUST-000923,2,410.73,2025-09-06T06:22:51,card
TXN-0000044,STORE-025,PROD-00152,CUST-000261,5,131.51,2025-11-14T14:33:40,mobile_wallet
TXN-0003099,STORE-007,PROD-00059,CUST-000239,3,138.3,03-07-2026,card
TXN-0004881,STORE-020,SKU000058,CUST-000213,1,230.62,29-11-2025,card
TXN-0003793,STORE-020,PROD-00293,CUST-000513,2,146.52,20-09-2025,cash
TXN-0001338,STORE-006,PROD-00039,CUST-000049,3,183.97,01-09-2025,cash
TXN-0004028,STORE-017,PROD-00215,CUST-000199,5,320.74,02/09/2026 08:12,cash
TXN-0000598,STORE-017,PROD-00263,CUST-000381,1,265.75,2025-09-12T01:18:49,mobile_wallet
TXN-0003009,STORE-021,PROD-00082,CUST-000166,2,208.22,2026-05-01T18:52:31,mobile_wallet
TXN-0001998,STORE-015,PROD-00111,CUST-000102,2,15.96,2025-10-06T10:28:15,card
TXN-0000702,STORE-013,PROD-00033,CUST-000868,5,182.35,19-01-2026,cash
TXN-0004985,STORE-001,SKU000160,CUST-000867,4,168.5,2026-03-21T19:51:36,cash
TXN-0001604,STORE-008,PROD-00085,CUST-000959,3,188.57,03/25/2026 19:14,mobile_wallet
TXN-0004272,STORE-014,PROD-00213,CUST-000838,3,158.8,17-06-2026,cash
TXN-0003211,STORE-002,PROD-00044,CUST-000897,1,136.55,13-05-2026,mobile_wallet
TXN-0002075,STORE-017,PROD-00183,CUST-000919,2,103.14,29-10-2025,cash
TXN-0001721,STORE-001,PROD-00078,CUST-000815,4,62.45,10/25/2025 09:55,mobile_wallet
TXN-0001108,STORE-009,PROD-00141,CUST-000838,3,312.06,07-12-2025,card
TXN-0003540,STORE-005,PROD-00191,CUST-000268,3,177.43,10-06-2026,cash
TXN-0004804,STORE-024,PROD-00057,CUST-000566,3,65.86,18-06-2026,card
TXN-0004691,STORE-002,PROD-00034,CUST-000356,1,134.98,2026-01-31T08:19:14,card
TXN-0001092,STORE-020,PROD-00161,CUST-000078,2,244.6,09/06/2025 16:11,cash
TXN-0003603,STORE-001,PROD-00254,CUST-000145,5,316.24,07-02-2026,card
TXN-0000367,STORE-006,SKU000193,CUST-000206,1,70.07,2025-09-15T18:36:40,card
TXN-0000081,STORE-003,PROD-00040,CUST-000595,1,330.8,03-03-2026,mobile_wallet
TXN-0000602,STORE-010,PROD-00025,CUST-000945,3,233.72,06/01/2026 11:44,card
TXN-0001574,STORE-012,PROD-00252,CUST-000854,1,86.28,2025-12-21T20:05:15,cash
TXN-0000725,STORE-025,PROD-00199,CUST-000962,2,49.88,06-06-2026,cash
TXN-0001493,STORE-013,PROD-00181,CUST-000799,4,231.93,08/25/2025 05:07,cash
TXN-0001960,STORE-016,PROD-00173,CUST-000404,2,124.21,2026-02-14T11:40:53,mobile_wallet
TXN-0004295,STORE-014,PROD-00149,CUST-000424,1,197.41,2025-09-09T04:46:10,card
TXN-0002719,STORE-007,PROD-00299,CUST-000102,2,239.33,08/15/2026 05:50,cash
TXN-0003894,STORE-008,PROD-00041,CUST-000719,3,40.95,06/22/2026 21:45,mobile_wallet
TXN-0000206,STORE-019,PROD-00154,CUST-000943,4,45.56,2026-01-05T21:56:26,mobile_wallet
TXN-0002893,STORE-006,PROD-00280,CUST-000407,1,30.75,2026-01-31T07:38:03,mobile_wallet
TXN-0000670,STORE-023,PROD-00223,CUST-000123,1,244.67,2026-01-16T20:59:38,card
TXN-0004895,STORE-013,PROD-00147,CUST-000048,3,80.88,15-10-2025,cash
TXN-0002743,STORE-006,PROD-00191,CUST-000379,1,177.43,01-10-2025,cash
TXN-0004868,STORE-008,PROD-00109,CUST-000729,2,121.34,03-05-2026,mobile_wallet
TXN-0002790,STORE-024,PROD-00275,CUST-000416,2,320.55,06/14/2026 23:41,mobile_wallet
TXN-0003890,STORE-019,PROD-00233,CUST-000008,3,381.82,2026-08-15T08:56:16,cash
TXN-0003251,STORE-024,SKU000205,CUST-000879,-1,27.76,2026-06-19T11:16:42,mobile_wallet
TXN-0000973,STORE-020,PROD-00291,CUST-000173,1,387.67,02/06/2026 06:08,cash
TXN-0000818,STORE-012,PROD-00049,CUST-000689,5,11.75,06-04-2026,card
TXN-0001284,STORE-018,PROD-00163,CUST-000145,5,414.19,04/09/2026 12:20,cash
TXN-0001677,STORE-023,PROD-00118,CUST-000649,2,265.0,2026-03-05T16:42:46,cash
TXN-0001857,STORE-017,PROD-00263,CUST-000164,5,265.75,2026-05-24T02:04:39,mobile_wallet
TXN-0004318,STORE-022,PROD-00068,CUST-000171,2,219.43,15-04-2026,card
TXN-0004759,STORE-009,PROD-00256,CUST-000580,5,278.69,08/18/2026 02:58,mobile_wallet
TXN-0001701,STORE-012,PROD-00168,CUST-000055,1,290.99,03/17/2026 08:40,cash
TXN-0002731,STORE-006,PROD-00024,CUST-000869,1,131.49,04/22/2026 17:04,card
TXN-0000332,STORE-013,PROD-00086,CUST-000212,4,24.26,04-05-2026,card
TXN-0004710,STORE-021,PROD-00184,CUST-000926,3,232.98,10-01-2026,cash
TXN-0002200,STORE-024,PROD-00060,CUST-000852,1,134.16,12-06-2026,card
TXN-0000254,STORE-004,PROD-00064,CUST-000785,4,103.31,25-03-2026,cash
TXN-0001057,STORE-013,PROD-00141,CUST-000219,1,312.06,2026-06-23T15:41:20,card
TXN-0002017,STORE-025,PROD-00296,CUST-000850,5,246.02,2026-01-24T22:49:08,cash
TXN-0004323,STORE-010,PROD-00025,CUST-000512,3,233.72,2025-12-29T10:01:20,card
TXN-0002954,STORE-025,PROD-00080,CUST-000471,4,189.59,2026-02-05T21:01:15,card
TXN-0000535,STORE-004,PROD-00192,CUST-000816,3,57.16,16-07-2026,mobile_wallet
TXN-0004206,STORE-008,PROD-00109,CUST-000973,2,121.34,05-07-2026,mobile_wallet
TXN-0000836,STORE-024,PROD-00003,CUST-000078,2,-283.27,05/30/2026 12:22,cash
TXN-0003316,STORE-020,PROD-00279,CUST-000759,2,114.72,19-07-2026,card
TXN-0002809,STORE-007,PROD-00221,CUST-000961,5,89.36,2025-12-10T13:56:06,cash
TXN-0004343,STORE-024,SKU000078,CUST-000688,4,-62.45,08/02/2026 17:03,mobile_wallet
TXN-0003255,STORE-001,PROD-00296,CUST-000424,5,246.02,06-05-2026,mobile_wallet
TXN-0001084,STORE-024,PROD-00067,CUST-000680,1,234.05,2026-05-07T17:56:09,mobile_wallet
TXN-0003410,STORE-014,PROD-00211,CUST-000569,1,258.83,25-10-2025,mobile_wallet
TXN-0001160,STORE-006,PROD-00218,CUST-000390,4,279.94,03/23/2026 19:37,mobile_wallet
TXN-0003189,STORE-003,PROD-00008,CUST-000696,1,195.87,2025-12-01T21:03:17,card
TXN-0002713,STORE-008,PROD-00296,CUST-000503,1,246.02,01/21/2026 07:47,mobile_wallet
TXN-0004207,STORE-003,PROD-00250,CUST-000064,1,27.33,03/27/2026 05:51,mobile_wallet
TXN-0003516,STORE-010,PROD-00111,CUST-000554,3,15.96,07/02/2026 19:53,mobile_wallet
TXN-0003224,STORE-013,PROD-00227,CUST-000722,4,38.54,2025-08-25T16:00:46,card
TXN-0002964,STORE-011,PROD-00230,CUST-000694,5,29.05,2026-08-13T18:59:26,mobile_wallet
TXN-0004700,STORE-016,PROD-00143,CUST-000577,2,370.32,17-12-2025,cash
TXN-0003045,STORE-025,PROD-00013,CUST-000081,2,125.91,07/17/2026 05:06,cash
TXN-0000173,STORE-025,SKU000128,CUST-000863,4,102.36,2026-06-03T21:30:46,cash
TXN-0002613,STORE-015,PROD-00126,CUST-000431,1,120.27,2025-09-26T05:26:24,cash
TXN-0000350,STORE-023,PROD-00002,CUST-000388,4,97.99,30-05-2026,card
TXN-0003789,STORE-015,PROD-00222,CUST-000593,4,219.35,05/26/2026 13:20,cash
TXN-0004292,STORE-009,PROD-00119,CUST-000135,5,221.95,2026-05-28T19:16:08,card
TXN-0004568,STORE-002,PROD-00228,CUST-000158,3,168.6,23-01-2026,card
TXN-0003703,STORE-001,PROD-00177,CUST-000110,2,52.67,2026-08-11T08:40:45,card
TXN-0001467,STORE-021,PROD-00106,CUST-000547,0,172.64,18-05-2026,card
TXN-0004954,STORE-007,sku000007 ,CUST-000754,1,150.71,2025-11-30T16:40:00,card
TXN-0001194,STORE-006,PROD-00163,CUST-000028,2,414.19,2025-09-01T12:13:52,cash
TXN-0003867,STORE-007,PROD-00036,CUST-000703,1,277.4,07/25/2026 19:43,cash
TXN-0001846,STORE-002,PROD-00065,CUST-000655,3,66.03,02/19/2026 10:57,cash
TXN-0001067,STORE-006,PROD-00054,CUST-000068,4,267.97,2026-02-11T03:05:03,card
TXN-0000991,STORE-019,PROD-00010,CUST-000886,1,96.14,05/04/2026 21:53,card
TXN-0002189,STORE-018,PROD-00084,CUST-000631,5,147.66,03/07/2026 08:21,card
TXN-0003120,STORE-017,PROD-00115,CUST-000365,1,345.35,23-05-2026,mobile_wallet
TXN-0000922,STORE-017,PROD-00083,CUST-000541,5,243.21,06-10-2025,cash
TXN-0001237,STORE-022,PROD-00173,CUST-000006,4,124.21,2026-03-04T09:18:42,mobile_wallet
TXN-0001541,STORE-006,PROD-00078,CUST-000497,2,62.45,2025-08-29T12:11:36,cash
TXN-0004213,STORE-018,PROD-00252,CUST-000254,1,86.28,2026-01-21T06:51:37,cash
TXN-0002164,STORE-022,PROD-00162,CUST-000792,1,101.72,2026-01-15T20:09:55,cash
TXN-0002401,STORE-002,PROD-00163,CUST-000557,5,414.19,05/12/2026 19:14,mobile_wallet
TXN-0000219,STORE-012,PROD-00157,CUST-000439,5,141.14,21-11-2025,card
TXN-0002252,STORE-024,PROD-00161,CUST-000598,4,244.6,08-10-2025,mobile_wallet
TXN-0001717,STORE-010,PROD-00190,CUST-000481,2,244.93,05/11/2026 08:52,mobile_wallet
TXN-0002340,STORE-007,PROD-00158,CUST-000101,5,8.9,29-07-2026,cash
TXN-0001271,STORE-014,PROD-00140,CUST-000645,0,234.87,12/17/2025 03:49,cash
TXN-0002172,STORE-013,PROD-00208,CUST-000433,5,-270.9,2025-10-06T14:06:09,mobile_wallet
TXN-0004576,STORE-021,SKU000218,CUST-000486,2,279.94,2026-04-11T02:03:05,cash
TXN-0003651,STORE-001,PROD-00155,CUST-000949,-1,266.89,09-06-2026,cash
TXN-0004199,STORE-001,PROD-00238,CUST-000594,4,110.16,06-06-2026,cash
TXN-0004470,STORE-003,PROD-00192,CUST-000751,5,57.16,15-03-2026,card
TXN-0000169,STORE-023,PROD-00138,CUST-000546,4,56.89,2026-06-09T18:23:35,card
TXN-0000716,STORE-023,PROD-00053,CUST-000753,3,209.68,2026-06-07T17:28:30,cash
TXN-0002612,STORE-022,PROD-00264,CUST-000197,2,163.32,2025-09-28T20:50:43,mobile_wallet
TXN-0000929,STORE-010,PROD-00187,CUST-000276,4,300.08,16-11-2025,card
TXN-0003998,STORE-005,PROD-00045,CUST-000974,4,122.63,2026-03-11T00:25:04,cash
TXN-0003622,STORE-009,PROD-00249,CUST-000790,4,70.32,2025-11-09T05:27:33,card
TXN-0004636,STORE-004,PROD-00058,CUST-000625,-1,230.62,26-12-2025,cash
TXN-0001069,STORE-004,PROD-00090,CUST-000076,4,197.2,29-01-2026,mobile_wallet
TXN-0003314,STORE-004,PROD-00228,CUST-000499,1,168.6,04-09-2025,card
TXN-0002754,STORE-024,PROD-00192,CUST-000417,3,57.16,2026-03-30T18:45:03,mobile_wallet
TXN-0001694,STORE-008,PROD-00009,CUST-000659,4,229.81,16-09-2025,cash
TXN-0002235,STORE-013,PROD-00109,CUST-000211,3,121.34,2026-07-31T03:26:02,cash
TXN-0000803,STORE-020,PROD-00061,CUST-000621,0,142.82,2025-12-27T07:21:27,card
TXN-0001798,STORE-022,PROD-00126,CUST-000555,5,120.27,30-10-2025,card
TXN-0001655,STORE-018,PROD-00193,CUST-000567,-1,70.07,02/08/2026 11:43,cash
TXN-0000005,STORE-017,PROD-00052,CUST-000564,3,403.8,11/30/2025 11:43,card
TXN-0003217,STORE-010,PROD-00170,CUST-000795,4,204.4,03/20/2026 17:46,card
TXN-0003566,STORE-022,PROD-00282,CUST-000400,3,311.97,04-01-2026,cash
TXN-0004517,STORE-019,PROD-00285,CUST-000221,4,198.44,06/30/2026 16:33,cash
TXN-0003545,STORE-002,SKU000199,CUST-000795,3,49.88,2026-03-15T04:05:13,card
TXN-0001014,STORE-002,PROD-00028,CUST-000867,5,282.23,2026-06-29T15:01:17,cash
TXN-0003264,STORE-013,sku000179 ,CUST-000571,5,120.71,11/09/2025 01:27,card
TXN-0003798,STORE-006,PROD-00052,CUST-000643,2,403.8,04/20/2026 18:26,card
TXN-0004662,STORE-020,PROD-00041,CUST-000499,5,40.95,2025-09-03T22:32:07,mobile_wallet
TXN-0004059,STORE-018,PROD-00230,CUST-000727,1,29.05,2026-02-28T18:43:46,mobile_wallet
TXN-0000071,STORE-013,PROD-00294,CUST-000368,5,125.57,2026-06-27T22:55:04,mobile_wallet
TXN-0004039,STORE-023,PROD-00104,CUST-000462,4,124.94,13-10-2025,cash
TXN-0001133,STORE-004,PROD-00241,CUST-000244,2,7.24,2026-06-11T05:47:03,mobile_wallet
TXN-0003757,STORE-013,PROD-00285,CUST-000008,5,-198.44,2025-08-24T13:53:39,card
TXN-0003928,STORE-010,PROD-00166,CUST-000034,1,-249.26,03-07-2026,cash
TXN-0001134,STORE-005,PROD-00086,CUST-000701,5,24.26,01/08/2026 20:46,cash
TXN-0002739,STORE-008,PROD-00276,CUST-000929,1,193.7,02/23/2026 08:14,cash
TXN-0000570,STORE-018,PROD-00117,CUST-000127,2,15.6,03/15/2026 14:11,card
TXN-0001503,STORE-002,PROD-00005,CUST-000551,3,93.78,03/14/2026 11:44,card
TXN-0004130,STORE-020,sku000221 ,CUST-000474,3,89.36,09-08-2026,cash
TXN-0002979,STORE-009,PROD-00275,CUST-000246,4,320.55,27-01-2026,cash
TXN-0004250,STORE-002,PROD-00107,CUST-000338,2,-70.64,2025-11-15T12:34:49,card
TXN-0000417,STORE-013,PROD-00158,CUST-000909,5,8.9,2026-05-26T05:10:08,cash
TXN-0003641,STORE-004,PROD-00238,CUST-000508,1,110.16,05/03/2026 20:32,mobile_wallet
TXN-0000906,STORE-024,PROD-00094,CUST-000198,2,215.98,02/02/2026 02:18,cash
TXN-0000940,STORE-023,PROD-00153,CUST-000012,4,389.07,14-03-2026,cash
TXN-0004633,STORE-016,PROD-00192,CUST-000595,5,57.16,02/27/2026 04:24,card
TXN-0003760,STORE-004,PROD-00236,CUST-000854,3,47.02,01/29/2026 03:24,cash
TXN-0001295,STORE-003,PROD-00237,CUST-000404,1,56.05,08/02/2026 01:18,mobile_wallet
TXN-0000872,STORE-020,PROD-00069,CUST-000984,3,201.76,2025-12-27T14:59:53,cash
TXN-0004233,STORE-024,PROD-00223,CUST-000888,3,244.67,03-06-2026,card
TXN-0004463,STORE-006,PROD-00238,CUST-000799,1,110.16,02-04-2026,mobile_wallet
TXN-0003427,STORE-021,PROD-00153,CUST-000341,1,389.07,2025-08-26T23:27:57,card
TXN-0000682,STORE-003,PROD-00136,CUST-000929,3,39.83,25-08-2025,mobile_wallet
TXN-0001474,STORE-011,PROD-00094,CUST-000658,2,215.98,12-01-2026,mobile_wallet
TXN-0004055,STORE-021,PROD-00133,CUST-000307,2,372.3,06/15/2026 11:10,card
TXN-0001875,STORE-003,PROD-00259,CUST-000264,2,172.49,02/16/2026 09:01,card
TXN-0004854,STORE-007,PROD-00087,CUST-000353,4,347.77,05-08-2026,cash
TXN-0002043,STORE-014,PROD-00129,CUST-000869,1,159.98,2026-06-13T22:06:11,mobile_wallet
TXN-0000325,STORE-016,PROD-00032,CUST-000444,5,277.74,02/23/2026 22:18,mobile_wallet
TXN-0003790,STORE-017,PROD-00075,CUST-000334,4,374.2,10/25/2025 22:41,cash
TXN-0004165,STORE-025,PROD-00029,CUST-000715,4,235.83,2026-07-09T01:44:38,mobile_wallet
TXN-0002969,STORE-013,PROD-00132,CUST-000060,1,131.99,13-11-2025,mobile_wallet
TXN-0004530,STORE-015,PROD-00262,CUST-000566,3,330.85,10/26/2025 04:03,card
TXN-0003503,STORE-011,PROD-00295,CUST-000812,1,213.54,12/08/2025 20:39,cash
TXN-0001527,STORE-011,PROD-00041,CUST-000321,5,40.95,18-09-2025,cash
TXN-0000373,STORE-002,PROD-00107,CUST-000197,2,70.64,06/29/2026 09:21,cash
TXN-0000474,STORE-022,PROD-00180,CUST-000636,2,73.62,07-04-2026,card
TXN-0004344,STORE-020,PROD-00268,CUST-000581,3,159.92,07/15/2026 07:44,card
TXN-0003365,STORE-022,PROD-00182,CUST-000409,2,92.63,02/16/2026 16:55,cash
TXN-0004445,STORE-004,PROD-00112,CUST-000058,2,196.87,06/03/2026 18:00,mobile_wallet
TXN-0000168,STORE-005,PROD-00165,CUST-000295,1,131.68,2026-05-03T16:08:39,cash
TXN-0003831,STORE-019,SKU000225,CUST-000671,-1,372.01,07-04-2026,cash
TXN-0002251,STORE-018,PROD-00224,CUST-000731,3,109.98,14-09-2025,mobile_wallet
TXN-0002125,STORE-006,PROD-00054,CUST-000750,3,267.97,09/10/2025 13:00,mobile_wallet
TXN-0000819,STORE-011,PROD-00025,CUST-000298,4,233.72,04-08-2026,mobile_wallet
TXN-0004038,STORE-011,PROD-00218,CUST-000594,4,279.94,01-02-2026,card
TXN-0002904,STORE-013,PROD-00176,CUST-000844,2,122.92,17-08-2026,mobile_wallet
TXN-0004831,STORE-023,PROD-00238,CUST-000918,4,110.16,12/23/2025 06:48,mobile_wallet
TXN-0003352,STORE-018,PROD-00220,CUST-000748,5,218.32,28-01-2026,card
TXN-0004797,STORE-010,PROD-00100,CUST-000514,5,413.06,11/12/2025 14:46,card
TXN-0003601,STORE-005,PROD-00270,CUST-000858,2,191.88,14-08-2026,mobile_wallet
TXN-0004672,STORE-024,PROD-00182,CUST-000535,1,92.63,10/22/2025 14:08,cash
TXN-0004998,STORE-001,PROD-00123,CUST-000344,1,217.36,09/12/2025 04:30,cash
TXN-0000023,STORE-008,PROD-00252,CUST-000076,3,86.28,2025-12-31T12:12:32,mobile_wallet
TXN-0000687,STORE-019,PROD-00208,CUST-000899,1,270.9,2026-06-17T19:22:41,cash
TXN-0002727,STORE-021,PROD-00086,CUST-000503,3,24.26,11/28/2025 23:33,cash
TXN-0004298,STORE-022,SKU000295,CUST-000154,4,213.54,19-02-2026,cash
TXN-0003857,STORE-004,PROD-00135,CUST-000477,5,288.86,08/23/2025 12:47,card
TXN-0001167,STORE-013,SKU000011,CUST-000328,1,25.8,08/24/2025 11:30,mobile_wallet
TXN-0003569,STORE-002,SKU000175,CUST-000720,4,215.19,09-04-2026,mobile_wallet
TXN-0001166,STORE-020,PROD-00057,CUST-000782,5,65.86,2025-11-28T05:34:18,mobile_wallet
TXN-0000056,STORE-012,PROD-00059,CUST-000267,4,138.3,28-07-2026,card
TXN-0002274,STORE-010,PROD-00186,CUST-000186,5,108.59,12/05/2025 15:49,cash
TXN-0002447,STORE-016,PROD-00105,CUST-000892,4,126.39,12/14/2025 01:28,mobile_wallet
TXN-0002839,STORE-002,PROD-00062,CUST-000425,2,189.58,09-12-2025,cash
TXN-0002155,STORE-021,PROD-00058,CUST-000531,5,230.62,2025-10-29T19:23:44,mobile_wallet
TXN-0001407,STORE-014,PROD-00261,CUST-000961,3,132.7,2026-06-29T12:24:19,mobile_wallet
TXN-0001470,STORE-021,PROD-00293,CUST-000403,3,146.52,04-04-2026,cash
TXN-0002201,STORE-010,PROD-00243,CUST-000808,5,190.7,20-06-2026,card
TXN-0003250,STORE-019,PROD-00029,CUST-000434,3,235.83,08/01/2026 05:21,cash
TXN-0001396,STORE-024,PROD-00107,CUST-000085,5,70.64,09/08/2025 03:47,card
TXN-0002772,STORE-008,PROD-00044,CUST-000103,2,136.55,17-06-2026,card
TXN-0003706,STORE-016,PROD-00052,CUST-000494,1,403.8,2026-04-21T16:55:45,card
TXN-0001724,STORE-016,PROD-00201,CUST-000003,1,167.96,30-12-2025,card
TXN-0003996,STORE-001,PROD-00165,CUST-000538,2,131.68,07-09-2025,mobile_wallet
TXN-0000953,STORE-010,PROD-00224,CUST-000044,5,109.98,2025-10-11T21:08:42,card
TXN-0004449,STORE-001,PROD-00061,CUST-000624,4,142.82,09/30/2025 04:47,mobile_wallet
TXN-0001782,STORE-020,PROD-00131,CUST-000661,-1,154.11,2025-09-12T17:46:37,mobile_wallet
TXN-0003146,STORE-016,PROD-00166,CUST-000477,1,249.26,10/23/2025 18:11,card
TXN-0001131,STORE-003,PROD-00161,CUST-000976,4,244.6,15-04-2026,cash
TXN-0001033,STORE-010,PROD-00034,CUST-000586,1,134.98,24-12-2025,card
TXN-0001981,STORE-010,PROD-00080,CUST-000278,3,189.59,2025-09-05T06:37:58,card
TXN-0001297,STORE-025,SKU999999,CUST-000134,5,189.58,2026-06-13T17:59:59,cash
TXN-0003510,STORE-025,PROD-00294,CUST-000166,4,125.57,11-10-2025,cash
TXN-0003804,STORE-010,PROD-00175,CUST-000664,1,215.19,09/12/2025 15:05,cash
TXN-0002148,STORE-001,PROD-00283,CUST-000447,3,28.3,2025-10-29T19:45:52,mobile_wallet
TXN-0002694,STORE-025,PROD-00272,CUST-000969,2,149.44,2025-11-09T04:35:51,cash
TXN-0001004,STORE-013,PROD-00111,CUST-000376,2,15.96,04-10-2025,mobile_wallet
TXN-0001076,STORE-016,PROD-00052,CUST-000976,2,403.8,2025-12-06T04:30:16,card
TXN-0000001,STORE-017,PROD-00012,CUST-000826,2,272.48,2026-03-13T22:18:32,cash
TXN-0004035,STORE-013,PROD-00157,CUST-000552,5,141.14,23-11-2025,card
TXN-0003033,STORE-014,PROD-00162,CUST-000834,4,101.72,05/20/2026 22:41,mobile_wallet
TXN-0004938,STORE-009,PROD-00272,CUST-000286,2,149.44,12/29/2025 14:13,card
TXN-0002998,STORE-020,PROD-00186,CUST-000807,3,108.59,2026-04-03T15:59:46,cash
TXN-0001032,STORE-010,PROD-00268,CUST-000654,5,159.92,10/25/2025 20:57,cash
TXN-0001620,STORE-019,PROD-00025,CUST-000554,1,233.72,12/29/2025 11:18,cash
TXN-0002977,STORE-023,PROD-00026,CUST-000589,1,57.84,01-09-2025,cash
TXN-0003416,STORE-007,PROD-00054,CUST-000024,0,267.97,2026-04-12T05:22:28,mobile_wallet
TXN-0000042,STORE-001,PROD-00217,CUST-000430,5,123.22,2025-10-15T01:43:47,mobile_wallet
TXN-0002828,STORE-004,PROD-00114,CUST-000962,3,3.79,2026-01-01T11:04:56,card
TXN-0003291,STORE-013,PROD-00244,CUST-000449,3,26.03,07/25/2026 21:16,cash
TXN-0002877,STORE-013,PROD-00162,CUST-000537,0,101.72,2025-09-12T09:29:31,mobile_wallet
TXN-0000968,STORE-009,PROD-00194,CUST-000798,1,137.35,28-05-2026,card
TXN-0001678,STORE-009,PROD-00041,CUST-000331,4,40.95,02/19/2026 15:21,cash
TXN-0002308,STORE-002,PROD-00266,CUST-000105,1,21.53,09-03-2026,card
TXN-0004352,STORE-023,PROD-00279,CUST-000677,3,114.72,2026-07-26T04:36:50,cash
TXN-0001910,STORE-001,PROD-00172,CUST-000003,1,197.18,2026-03-22T10:56:50,mobile_wallet
TXN-0000415,STORE-010,SKU999999,CUST-000748,5,190.7,27-07-2026,cash
TXN-0004394,STORE-009,PROD-00191,CUST-000992,2,177.43,13-10-2025,card
TXN-0003884,STORE-012,SKU000045,CUST-000075,3,122.63,04/16/2026 17:46,card
TXN-0003846,STORE-013,PROD-00020,CUST-000242,4,55.46,2025-11-02T21:35:31,card
TXN-0002638,STORE-015,PROD-00065,CUST-000902,2,66.03,01-02-2026,cash
TXN-0002573,STORE-004,SKU000089,CUST-000311,1,18.86,2026-08-04T20:41:31,card
TXN-0001539,STORE-005,PROD-00238,CUST-000296,2,110.16,2025-09-21T11:16:07,card
TXN-0001250,STORE-007,PROD-00097,CUST-000834,3,5.72,16-09-2025,card
TXN-0002336,STORE-009,PROD-00169,CUST-000174,1,262.44,18-03-2026,mobile_wallet
TXN-0004638,STORE-001,PROD-00165,CUST-000954,1,131.68,2025-09-25T03:54:12,card
TXN-0003479,STORE-013,PROD-00124,CUST-000128,4,410.1,05/14/2026 10:58,mobile_wallet
TXN-0000962,STORE-021,PROD-00220,CUST-000619,4,218.32,10/11/2025 01:57,mobile_wallet
TXN-0001347,STORE-004,PROD-00012,CUST-000525,4,272.48,2026-02-11T19:01:47,mobile_wallet
TXN-0002542,STORE-013,PROD-00198,CUST-000914,2,11.18,06/27/2026 10:32,cash
TXN-0003968,STORE-023,PROD-00169,CUST-000957,3,262.44,2025-10-08T00:39:34,card
TXN-0001513,STORE-023,PROD-00165,CUST-000784,1,131.68,06/10/2026 00:24,card
TXN-0003556,STORE-012,PROD-00193,CUST-000489,5,70.07,2026-01-25T03:04:29,mobile_wallet
TXN-0000621,STORE-015,PROD-00291,CUST-000966,1,387.67,2026-03-21T08:15:48,cash
TXN-0001611,STORE-013,PROD-00154,CUST-000821,3,45.56,05-10-2025,cash
TXN-0004969,STORE-022,PROD-00153,CUST-000774,1,389.07,11-06-2026,mobile_wallet
TXN-0001171,STORE-013,PROD-00053,CUST-000614,4,209.68,2025-11-22T04:23:37,card
TXN-0003896,STORE-011,PROD-00118,CUST-000868,4,265.0,27-09-2025,card
TXN-0001162,STORE-010,PROD-00121,CUST-000623,3,360.88,09/23/2025 16:31,card
TXN-0002696,STORE-009,PROD-00089,CUST-000955,4,18.86,2025-10-01T00:04:06,cash
TXN-0000067,STORE-022,PROD-00055,CUST-000706,3,305.58,04/05/2026 08:46,cash
TXN-0000583,STORE-012,PROD-00161,CUST-000944,1,244.6,26-09-2025,card
TXN-0002082,STORE-023,PROD-00182,CUST-000488,1,92.63,08-01-2026,cash
TXN-0003688,STORE-017,PROD-00280,CUST-000896,4,30.75,2026-02-08T08:25:53,mobile_wallet
TXN-0002472,STORE-018,PROD-00010,CUST-000369,2,96.14,06/27/2026 18:08,mobile_wallet
TXN-0004108,STORE-021,PROD-00137,CUST-000132,3,278.35,30-06-2026,mobile_wallet
TXN-0002646,STORE-024,PROD-00130,CUST-000837,3,93.35,2026-01-22T07:39:36,card
TXN-0003106,STORE-021,PROD-00294,CUST-000584,3,125.57,2026-07-15T10:53:36,cash
TXN-0000233,STORE-022,PROD-00196,CUST-000499,5,190.23,12/10/2025 01:06,card
TXN-0001583,STORE-016,PROD-00085,CUST-000551,4,188.57,31-07-2026,card
TXN-0004965,STORE-003,PROD-00206,CUST-000099,1,275.13,07/27/2026 07:30,cash
TXN-0004077,STORE-015,PROD-00221,CUST-000750,2,89.36,03/21/2026 13:06,cash
TXN-0003400,STORE-025,PROD-00004,CUST-000459,4,105.24,27-08-2025,cash
TXN-0001207,STORE-009,PROD-00251,CUST-000478,1,304.44,11/02/2025 01:59,card
TXN-0004377,STORE-002,PROD-00148,CUST-000225,2,322.32,2025-12-21T17:39:08,card
TXN-0000123,STORE-006,PROD-00003,CUST-000191,4,283.27,05-08-2026,cash
TXN-0002462,STORE-005,PROD-00153,CUST-000624,5,389.07,11/06/2025 02:33,mobile_wallet
TXN-0002077,STORE-016,PROD-00024,CUST-000223,3,131.49,2026-07-24T15:51:38,card
TXN-0002742,STORE-016,PROD-00125,CUST-000512,4,373.21,01/02/2026 14:42,mobile_wallet
TXN-0001562,STORE-006,PROD-00233,CUST-000055,5,381.82,2026-01-27T12:09:41,card
TXN-0004875,STORE-022,PROD-00174,CUST-000089,2,195.74,19-04-2026,mobile_wallet
TXN-0003244,STORE-019,PROD-00038,CUST-000459,1,261.73,12-09-2025,cash
TXN-0002721,STORE-008,PROD-00228,CUST-000083,-1,168.6,2025-09-04T18:57:46,mobile_wallet
TXN-0003604,STORE-009,PROD-00246,CUST-000978,3,295.15,08/28/2025 07:10,cash
TXN-0002745,STORE-013,PROD-00068,CUST-000621,4,219.43,03/25/2026 06:50,cash
TXN-0001752,STORE-004,PROD-00084,CUST-000838,3,147.66,11-11-2025,mobile_wallet
TXN-0004685,STORE-005,PROD-00035,CUST-000820,3,241.08,21-02-2026,card
TXN-0002481,STORE-021,SKU000016,CUST-000004,2,50.67,2025-12-04T20:28:09,card
TXN-0002881,STORE-006,PROD-00153,CUST-000423,3,389.07,09/24/2025 11:35,cash
TXN-0002936,STORE-021,PROD-00041,CUST-000239,5,40.95,03/12/2026 07:00,mobile_wallet
TXN-0002383,STORE-010,PROD-00250,CUST-000814,1,27.33,2026-04-15T15:20:21,cash
TXN-0003472,STORE-025,PROD-00144,CUST-000166,-3,362.55,03/18/2026 09:56,cash
TXN-0003871,STORE-020,PROD-00118,CUST-000517,1,265.0,23-12-2025,cash
TXN-0000167,STORE-015,PROD-00057,CUST-000095,5,65.86,02/11/2026 14:48,card
TXN-0002140,STORE-006,PROD-00195,CUST-000272,1,66.89,2025-12-10T01:03:43,mobile_wallet
TXN-0002315,STORE-008,PROD-00110,CUST-000944,2,33.91,08/06/2026 23:26,card
TXN-0000786,STORE-025,PROD-00027,CUST-000085,2,103.95,10/17/2025 11:04,mobile_wallet
TXN-0002759,STORE-015,PROD-00085,CUST-000117,5,188.57,11/02/2025 11:22,card
TXN-0003314,STORE-004,PROD-00228,CUST-000499,1,168.6,04-09-2025,card
TXN-0004196,STORE-001,PROD-00100,CUST-000156,5,413.06,06/10/2026 09:33,card
TXN-0004820,STORE-015,PROD-00199,CUST-000361,1,49.88,08/13/2026 10:07,card
TXN-0002431,STORE-013,PROD-00001,CUST-000935,2,50.1,04/09/2026 05:03,cash
TXN-0001040,STORE-018,PROD-00070,CUST-000028,2,267.33,17-02-2026,mobile_wallet
TXN-0004432,STORE-012,PROD-00073,CUST-000534,5,41.57,21-09-2025,mobile_wallet
TXN-0004005,STORE-008,PROD-00283,CUST-000831,5,28.3,05/16/2026 07:56,mobile_wallet
TXN-0003478,STORE-024,PROD-00137,CUST-000621,5,278.35,09-12-2025,card
TXN-0004911,STORE-015,PROD-00013,CUST-000502,5,125.91,04/27/2026 21:02,cash
TXN-0002656,STORE-002,PROD-00259,CUST-000863,1,172.49,02-04-2026,card
TXN-0001639,STORE-024,PROD-00099,CUST-000526,3,139.51,2026-04-28T20:29:44,mobile_wallet
TXN-0002323,STORE-009,PROD-00135,CUST-000114,4,288.86,10/09/2025 06:49,card
TXN-0003689,STORE-019,PROD-00200,CUST-000037,2,88.0,30-04-2026,card
TXN-0004280,STORE-016,PROD-00102,CUST-000724,5,281.32,01/12/2026 21:35,card
TXN-0002451,STORE-022,PROD-00079,CUST-000908,5,410.73,2026-08-01T14:04:30,cash
TXN-0003408,STORE-018,PROD-00051,CUST-000195,5,248.42,2025-10-17T21:10:02,card
TXN-0002880,STORE-007,PROD-00037,CUST-000816,5,153.17,2026-01-16T04:53:53,card
TXN-0000981,STORE-011,PROD-00140,CUST-000154,5,234.87,2026-06-03T04:52:34,mobile_wallet
TXN-0000625,STORE-017,PROD-00109,CUST-000027,3,121.34,06-12-2025,card
TXN-0000371,STORE-018,PROD-00215,CUST-000100,2,320.74,2025-10-15T12:50:43,mobile_wallet
TXN-0001647,STORE-021,PROD-00033,CUST-000338,3,182.35,19-11-2025,mobile_wallet
TXN-0001157,STORE-017,PROD-00179,CUST-000890,2,120.71,03/02/2026 23:37,mobile_wallet
TXN-0000498,STORE-019,PROD-00210,CUST-000687,1,163.54,2026-08-16T22:30:38,cash
TXN-0001557,STORE-024,PROD-00062,CUST-000235,1,189.58,27-05-2026,cash
TXN-0000133,STORE-020,PROD-00247,CUST-000841,3,30.45,31-08-2025,cash
TXN-0000800,STORE-019,SKU000223,CUST-000167,2,244.67,19-09-2025,card
TXN-0004961,STORE-024,PROD-00125,CUST-000730,2,373.21,2026-06-09T20:04:31,mobile_wallet
TXN-0004764,STORE-013,PROD-00067,CUST-000990,1,234.05,07/11/2026 23:56,mobile_wallet
TXN-0000538,STORE-002,PROD-00166,CUST-000382,1,249.26,2026-07-02T07:05:17,cash
TXN-0002566,STORE-002,PROD-00034,CUST-000139,4,134.98,10/14/2025 16:30,card
TXN-0002449,STORE-004,PROD-00204,CUST-000740,2,220.1,2025-12-08T06:35:58,card
TXN-0003862,STORE-003,PROD-00041,CUST-000354,2,40.95,2025-09-02T11:17:12,mobile_wallet
TXN-0002607,STORE-013,PROD-00130,CUST-000481,1,93.35,2025-10-14T17:20:23,cash
TXN-0003930,STORE-019,PROD-00234,CUST-000396,2,218.66,12/26/2025 03:34,mobile_wallet
TXN-0003338,STORE-018,PROD-00048,CUST-000573,4,363.63,08/22/2026 10:01,mobile_wallet
TXN-0004205,STORE-006,PROD-00164,CUST-000027,2,231.45,02/28/2026 07:21,mobile_wallet
TXN-0002645,STORE-005,PROD-00194,CUST-000021,1,137.35,12-10-2025,cash
TXN-0003132,STORE-020,PROD-00169,CUST-000200,1,262.44,2026-08-13T15:00:47,card
TXN-0004359,STORE-011,PROD-00165,CUST-000808,1,131.68,10-10-2025,mobile_wallet
TXN-0002558,STORE-009,PROD-00197,CUST-000907,1,58.81,04-05-2026,mobile_wallet
TXN-0003899,STORE-004,PROD-00230,CUST-000871,3,29.05,11/24/2025 06:38,cash
TXN-0001399,STORE-024,PROD-00064,CUST-000098,5,103.31,02/02/2026 07:27,card
TXN-0002304,STORE-017,PROD-00013,CUST-000124,4,125.91,2025-12-25T04:39:11,card
TXN-0004761,STORE-007,PROD-00230,CUST-000518,1,29.05,16-07-2026,mobile_wallet
TXN-0004372,STORE-007,PROD-00024,CUST-000315,3,131.49,02-10-2025,cash
TXN-0000923,STORE-005,PROD-00230,CUST-000793,3,29.05,08/01/2026 13:36,card
TXN-0004255,STORE-014,PROD-00059,CUST-000811,5,138.3,26-10-2025,mobile_wallet
TXN-0003527,STORE-010,PROD-00180,CUST-000485,1,73.62,2026-01-15T07:03:26,mobile_wallet
TXN-0002572,STORE-001,PROD-00095,CUST-000706,3,165.36,12-07-2026,card
TXN-0001083,STORE-014,PROD-00037,CUST-000700,5,153.17,23-09-2025,cash
TXN-0002320,STORE-007,PROD-00082,CUST-000691,4,-208.22,2026-08-04T06:43:17,card
TXN-0003674,STORE-005,PROD-00280,CUST-000603,3,30.75,04/03/2026 18:33,cash
TXN-0001258,STORE-023,SKU000004,CUST-000910,5,105.24,10-04-2026,mobile_wallet
TXN-0002795,STORE-008,PROD-00298,CUST-000468,4,43.12,12/15/2025 10:53,card
TXN-0001774,STORE-022,PROD-00216,CUST-000082,3,188.81,2026-08-05T08:26:56,card
TXN-0001673,STORE-023,PROD-00034,CUST-000296,1,134.98,02/18/2026 09:57,card
TXN-0001811,STORE-007,PROD-00251,CUST-000393,4,304.44,17-05-2026,mobile_wallet
TXN-0003909,STORE-022,PROD-00032,CUST-000456,3,277.74,01/19/2026 10:43,mobile_wallet
TXN-0001621,STORE-010,PROD-00084,CUST-000894,5,147.66,2026-07-02T23:27:46,card
TXN-0001754,STORE-006,PROD-00139,CUST-000609,1,109.66,25-02-2026,mobile_wallet
TXN-0004518,STORE-017,PROD-00215,CUST-000179,1,320.74,03-06-2026,card
TXN-0000191,STORE-016,PROD-00199,CUST-000144,5,49.88,2026-08-13T03:07:18,cash
TXN-0003247,STORE-017,PROD-00060,CUST-000171,3,134.16,2026-05-03T03:01:08,card
TXN-0002421,STORE-019,PROD-00022,CUST-000324,3,30.81,26-04-2026,cash
TXN-0004649,STORE-014,PROD-00124,CUST-000658,4,410.1,08/18/2026 02:46,cash
TXN-0002833,STORE-005,PROD-00082,CUST-000122,5,208.22,07-06-2026,card
TXN-0003584,STORE-009,PROD-00297,CUST-000891,1,297.41,15-11-2025,mobile_wallet
TXN-0003872,STORE-021,PROD-00046,CUST-000480,4,68.42,09/18/2025 00:15,card
TXN-0005000,STORE-011,PROD-00121,CUST-000845,4,360.88,03/22/2026 09:09,cash
TXN-0003562,STORE-010,PROD-00047,CUST-000980,4,239.67,01/29/2026 00:31,mobile_wallet
TXN-0000774,STORE-009,PROD-00113,CUST-000582,4,188.3,25-09-2025,card
TXN-0002353,STORE-011,PROD-00018,CUST-000999,1,398.31,12/30/2025 09:12,mobile_wallet
TXN-0000484,STORE-022,PROD-00264,CUST-000443,5,-163.32,01-11-2025,mobile_wallet
TXN-0000924,STORE-007,PROD-00199,CUST-000286,5,49.88,04-09-2025,mobile_wallet
TXN-0001951,STORE-024,PROD-00101,CUST-000454,1,102.13,03-03-2026,mobile_wallet
TXN-0001743,STORE-014,PROD-00033,CUST-000292,4,182.35,2026-02-05T22:56:31,cash
TXN-0003665,STORE-020,PROD-00159,CUST-000920,2,269.69,2026-03-30T13:04:31,cash
TXN-0003910,STORE-014,PROD-00126,CUST-000405,3,120.27,2025-11-06T07:01:42,mobile_wallet
TXN-0002292,STORE-003,PROD-00157,CUST-000034,3,141.14,2025-11-20T11:10:49,cash
TXN-0004708,STORE-014,SKU999999,CUST-000953,-1,244.6,12-11-2025,card
TXN-0000336,STORE-009,PROD-00172,CUST-000074,1,197.18,08/19/2026 15:55,mobile_wallet
TXN-0002599,STORE-025,PROD-00271,CUST-000519,2,15.73,16-11-2025,card
TXN-0003902,STORE-020,PROD-00165,CUST-000442,1,131.68,2026-07-24T23:55:35,cash
TXN-0002326,STORE-023,PROD-00290,CUST-000954,2,322.63,06/17/2026 03:51,card
TXN-0004164,STORE-021,PROD-00255,CUST-000957,5,31.8,21-09-2025,mobile_wallet
TXN-0003417,STORE-009,SKU000042,CUST-000363,3,3.53,08/30/2025 17:03,mobile_wallet
TXN-0002321,STORE-012,PROD-00203,CUST-000970,5,264.67,21-04-2026,mobile_wallet
TXN-0000854,STORE-002,PROD-00164,CUST-000867,2,231.45,12-04-2026,cash
TXN-0004711,STORE-025,PROD-00137,CUST-000538,1,278.35,12-09-2025,mobile_wallet
TXN-0003002,STORE-008,PROD-00023,CUST-000278,1,206.36,2025-09-24T01:36:20,cash
TXN-0000518,STORE-006,PROD-00097,CUST-000223,4,5.72,04/07/2026 10:30,card
TXN-0004877,STORE-021,PROD-00178,CUST-000189,1,181.72,2026-03-29T21:48:25,mobile_wallet
TXN-0003302,STORE-003,PROD-00184,CUST-000888,5,232.98,03/25/2026 04:52,cash
TXN-0002888,STORE-012,PROD-00261,CUST-000059,3,132.7,06-01-2026,card
TXN-0002633,STORE-024,PROD-00160,CUST-000424,1,168.5,2026-01-25T22:26:40,card
TXN-0003640,STORE-023,PROD-00208,CUST-000483,2,270.9,2025-09-11T18:57:40,cash
TXN-0004152,STORE-020,PROD-00018,CUST-000844,5,398.31,15-10-2025,mobile_wallet
TXN-0003282,STORE-017,PROD-00065,CUST-000948,3,66.03,2025-11-10T13:34:09,card
TXN-0000338,STORE-018,SKU000093,CUST-000022,1,253.66,2026-06-22T01:08:31,cash
TXN-0004758,STORE-019,PROD-00236,CUST-000505,3,47.02,04/01/2026 13:05,card
TXN-0002548,STORE-018,PROD-00105,CUST-000275,3,126.39,12/13/2025 03:26,card
TXN-0002057,STORE-003,PROD-00013,CUST-000652,1,125.91,03-05-2026,cash
TXN-0002351,STORE-018,PROD-00157,CUST-000987,4,141.14,11/20/2025 22:17,mobile_wallet
TXN-0003660,STORE-013,PROD-00218,CUST-000410,2,279.94,09/05/2025 14:37,cash
TXN-0001614,STORE-022,PROD-00180,CUST-000177,4,73.62,06/18/2026 16:54,card
TXN-0002524,STORE-009,PROD-00051,CUST-000411,2,248.42,2026-06-13T11:07:35,mobile_wallet
TXN-0001126,STORE-008,PROD-00151,CUST-000160,3,197.07,06/26/2026 13:12,card
TXN-0001897,STORE-024,PROD-00227,CUST-000341,2,38.54,04-02-2026,card
TXN-0004601,STORE-004,PROD-00246,CUST-000764,1,295.15,31-08-2025,mobile_wallet
TXN-0000994,STORE-020,PROD-00161,CUST-000454,1,244.6,10/18/2025 13:13,cash
TXN-0004087,STORE-008,PROD-00068,CUST-000140,1,219.43,2025-09-23T03:02:08,mobile_wallet
TXN-0000372,STORE-025,PROD-00186,CUST-000381,5,108.59,31-12-2025,mobile_wallet
TXN-0002562,STORE-012,PROD-00058,CUST-000070,2,230.62,07/12/2026 09:54,card
TXN-0000707,STORE-016,PROD-00112,CUST-000335,4,196.87,10/21/2025 15:14,card
TXN-0000153,STORE-006,PROD-00041,CUST-000236,4,40.95,11/10/2025 08:58,mobile_wallet
TXN-0001262,STORE-004,PROD-00019,CUST-000368,3,114.13,09/11/2025 17:21,card
TXN-0004010,STORE-005,PROD-00171,CUST-000815,4,389.02,2025-08-31T16:07:24,cash
TXN-0002476,STORE-015,PROD-00077,CUST-000719,3,466.02,2026-06-25T17:41:21,card
TXN-0003869,STORE-002,PROD-00138,CUST-000840,4,56.89,2026-06-20T06:33:15,cash
TXN-0002127,STORE-019,PROD-00056,CUST-000292,5,405.5,11/03/2025 19:14,mobile_wallet
TXN-0001664,STORE-016,PROD-00139,CUST-000672,1,109.66,2026-02-19T03:31:14,card
TXN-0003505,STORE-002,PROD-00176,CUST-000337,2,122.92,05/27/2026 03:07,card
TXN-0004749,STORE-014,PROD-00153,CUST-000540,2,389.07,06/14/2026 02:45,cash
TXN-0004606,STORE-010,PROD-00041,CUST-000572,2,40.95,08/23/2025 13:14,card
TXN-0002608,STORE-024,PROD-00291,CUST-000010,2,387.67,10/24/2025 18:18,card
TXN-0000407,STORE-018,PROD-00272,CUST-000467,4,149.44,10/17/2025 20:31,card
TXN-0000469,STORE-013,PROD-00160,CUST-000134,4,168.5,08/13/2026 09:48,mobile_wallet
TXN-0004382,STORE-022,PROD-00007,CUST-000414,4,150.71,2025-08-27T13:43:38,mobile_wallet
TXN-0002675,STORE-012,PROD-00296,CUST-000537,2,246.02,2026-07-26T08:15:25,cash
TXN-0001524,STORE-020,PROD-00175,CUST-000356,1,215.19,07/21/2026 15:46,mobile_wallet
TXN-0003730,STORE-006,PROD-00148,CUST-000418,2,322.32,2026-04-21T10:55:50,card
TXN-0003876,STORE-011,PROD-00049,CUST-000869,2,11.75,05/19/2026 04:18,card
TXN-0002373,STORE-013,PROD-00237,CUST-000859,3,56.05,2026-07-20T03:10:46,cash
TXN-0004628,STORE-006,SKU000091,CUST-000231,2,98.64,08/03/2026 22:20,cash
TXN-0003070,STORE-006,PROD-00014,CUST-000153,2,26.37,2026-05-22T09:57:10,cash
TXN-0000450,STORE-007,PROD-00051,CUST-000412,5,248.42,13-10-2025,mobile_wallet
TXN-0000497,STORE-014,PROD-00121,CUST-000809,2,360.88,11/18/2025 17:52,cash
TXN-0004618,STORE-017,PROD-00271,CUST-000438,1,15.73,10/16/2025 05:03,card
TXN-0000796,STORE-023,sku000193 ,CUST-000578,1,70.07,02-07-2026,cash
TXN-0002342,STORE-006,PROD-00111,CUST-000101,4,15.96,2025-12-06T13:04:33,mobile_wallet
TXN-0001299,STORE-023,SKU999999,CUST-000026,5,300.08,2026-08-01T20:27:57,card
TXN-0001741,STORE-025,PROD-00101,CUST-000088,1,102.13,13-02-2026,cash
TXN-0003733,STORE-008,PROD-00133,CUST-000326,1,372.3,2026-08-13T23:54:04,card
TXN-0003528,STORE-020,PROD-00107,CUST-000189,5,70.64,06-04-2026,card
TXN-0002248,STORE-023,PROD-00097,CUST-000566,2,5.72,13-04-2026,mobile_wallet
TXN-0004421,STORE-015,PROD-00136,CUST-000246,1,39.83,13-09-2025,card
TXN-0004234,STORE-002,PROD-00210,CUST-000620,4,163.54,03/17/2026 16:21,cash
TXN-0001089,STORE-014,PROD-00100,CUST-000821,1,413.06,2025-11-12T03:50:37,card
TXN-0003615,STORE-009,PROD-00080,CUST-000997,2,189.59,29-11-2025,mobile_wallet
TXN-0003821,STORE-006,PROD-00275,CUST-000239,4,320.55,2026-05-08T01:51:11,cash
TXN-0004296,STORE-009,PROD-00245,CUST-000632,4,167.35,14-10-2025,card
TXN-0000163,STORE-001,PROD-00119,CUST-000515,5,221.95,03-03-2026,cash
TXN-0002332,STORE-010,PROD-00030,CUST-000034,4,142.56,10/23/2025 23:49,mobile_wallet
TXN-0002944,STORE-006,PROD-00133,CUST-000894,5,372.3,2026-07-14T19:15:29,cash
TXN-0000520,STORE-011,PROD-00241,CUST-000663,4,7.24,06-01-2026,cash
TXN-0002259,STORE-007,PROD-00143,CUST-000736,2,370.32,26-02-2026,card
TXN-0001008,STORE-015,PROD-00053,CUST-000486,1,209.68,11/23/2025 09:15,card
TXN-0003832,STORE-025,PROD-00220,CUST-000878,2,218.32,04/12/2026 14:13,cash
TXN-0002769,STORE-006,PROD-00214,CUST-000824,4,53.88,2026-06-19T02:51:37,cash
TXN-0002974,STORE-023,PROD-00175,CUST-000293,4,215.19,2026-02-10T09:23:30,mobile_wallet
TXN-0002529,STORE-004,PROD-00086,CUST-000262,4,24.26,03/26/2026 01:23,card
TXN-0002933,STORE-007,PROD-00155,CUST-000462,2,266.89,05-10-2025,cash
TXN-0004823,STORE-004,PROD-00224,CUST-000810,5,109.98,05-02-2026,cash
TXN-0001152,STORE-018,PROD-00098,CUST-000936,1,258.04,2025-10-10T13:11:55,card
TXN-0003627,STORE-008,PROD-00112,CUST-000505,1,196.87,06/16/2026 09:03,mobile_wallet
TXN-0000223,STORE-007,PROD-00276,CUST-000731,5,193.7,09/06/2025 00:49,mobile_wallet
TXN-0001894,STORE-007,PROD-00292,CUST-000755,2,228.17,2026-05-03T10:04:44,cash
TXN-0001085,STORE-016,PROD-00180,CUST-000566,3,73.62,2025-10-24T11:59:13,card
TXN-0003679,STORE-023,PROD-00277,CUST-000970,5,72.79,27-04-2026,cash
TXN-0000025,STORE-011,PROD-00256,CUST-000232,1,278.69,2026-07-28T05:25:20,card
TXN-0001333,STORE-011,PROD-00075,CUST-000133,3,374.2,01/01/2026 15:33,cash
TXN-0002641,STORE-009,PROD-00227,CUST-000770,5,38.54,2025-09-13T19:38:20,mobile_wallet
TXN-0003995,STORE-019,PROD-00112,CUST-000682,2,196.87,03-06-2026,mobile_wallet
TXN-0004621,STORE-001,PROD-00214,CUST-000844,2,53.88,03/03/2026 14:24,mobile_wallet
TXN-0001388,STORE-015,PROD-00117,CUST-000920,1,15.6,2026-06-20T10:32:05,cash
TXN-0001531,STORE-019,PROD-00203,CUST-000126,3,264.67,12/18/2025 13:30,card
TXN-0001654,STORE-018,PROD-00291,CUST-000280,3,387.67,12/15/2025 04:20,card
TXN-0004231,STORE-019,PROD-00223,CUST-000002,2,244.67,09-09-2025,card
TXN-0001944,STORE-010,PROD-00260,CUST-000116,2,88.49,29-09-2025,mobile_wallet
TXN-0000636,STORE-007,PROD-00108,CUST-000854,4,196.31,08-12-2025,cash
TXN-0001516,STORE-002,PROD-00222,CUST-000910,3,219.35,04/21/2026 06:50,mobile_wallet
TXN-0000826,STORE-016,PROD-00147,CUST-000901,1,80.88,20-10-2025,mobile_wallet
TXN-0000648,STORE-004,PROD-00229,CUST-000762,1,238.08,06/01/2026 18:45,cash
TXN-0003420,STORE-025,PROD-00060,CUST-000463,5,134.16,08/23/2026 02:08,card
TXN-0004995,STORE-020,PROD-00252,CUST-000023,2,86.28,01/23/2026 21:24,card
TXN-0002391,STORE-024,PROD-00128,CUST-000938,1,102.36,2025-10-22T01:05:47,card
TXN-0001119,STORE-020,PROD-00013,CUST-000498,3,125.91,17-01-2026,cash
TXN-0001618,STORE-022,PROD-00066,CUST-000497,1,175.34,10-08-2026,card
TXN-0003667,STORE-001,PROD-00138,CUST-000982,2,56.89,16-11-2025,card
TXN-0003623,STORE-007,PROD-00171,CUST-000386,4,389.02,04/14/2026 17:30,mobile_wallet
TXN-0004579,STORE-001,PROD-00224,CUST-000991,5,109.98,01-12-2025,card
TXN-0004455,STORE-024,PROD-00220,CUST-000494,5,218.32,08/14/2026 23:27,cash
TXN-0004264,STORE-001,PROD-00066,CUST-000878,4,175.34,15-10-2025,mobile_wallet
TXN-0004027,STORE-019,PROD-00086,CUST-000726,5,24.26,05/19/2026 06:21,mobile_wallet
TXN-0003109,STORE-008,PROD-00190,CUST-000477,5,244.93,05/11/2026 19:55,cash
TXN-0001703,STORE-005,PROD-00260,CUST-000692,4,88.49,20-06-2026,mobile_wallet
TXN-0003845,STORE-001,PROD-00207,CUST-000636,2,170.21,2026-06-03T16:31:11,cash
TXN-0002478,STORE-012,PROD-00105,CUST-000819,4,126.39,30-08-2025,card
TXN-0001065,STORE-002,PROD-00207,CUST-000143,1,170.21,2026-04-21T19:52:42,mobile_wallet
TXN-0003324,STORE-014,PROD-00072,CUST-000179,5,73.06,02-01-2026,cash
TXN-0001402,STORE-003,PROD-00233,CUST-000954,3,381.82,2025-10-03T16:23:11,cash
TXN-0000932,STORE-005,PROD-00288,CUST-000304,1,112.73,02/05/2026 02:59,card
TXN-0000070,STORE-001,PROD-00192,CUST-000136,5,57.16,2025-12-24T14:32:49,card
TXN-0000658,STORE-012,PROD-00176,CUST-000501,1,122.92,2025-12-29T05:08:11,card
TXN-0000738,STORE-006,PROD-00204,CUST-000696,4,220.1,24-09-2025,cash
TXN-0001385,STORE-025,PROD-00144,CUST-000842,5,362.55,2025-11-29T02:25:05,cash
TXN-0000568,STORE-007,PROD-00156,CUST-000195,5,-356.66,08/27/2025 06:08,cash
TXN-0003851,STORE-018,PROD-00018,CUST-000225,4,398.31,12/08/2025 07:45,card
TXN-0004909,STORE-014,PROD-00014,CUST-000489,5,26.37,2026-08-03T22:46:31,mobile_wallet
TXN-0001022,STORE-010,PROD-00291,CUST-000618,2,387.67,2025-12-02T06:27:48,card
TXN-0001511,STORE-011,PROD-00177,CUST-000057,1,52.67,2025-11-13T18:52:36,mobile_wallet
TXN-0003643,STORE-022,PROD-00037,CUST-000484,3,153.17,2026-05-21T17:30:52,cash
TXN-0003334,STORE-010,PROD-00254,CUST-000735,1,316.24,02-02-2026,cash
TXN-0004593,STORE-018,PROD-00158,CUST-000008,2,8.9,01-01-2026,cash
TXN-0000841,STORE-010,PROD-00057,CUST-000115,1,65.86,06/18/2026 12:50,card
TXN-0001667,STORE-023,PROD-00042,CUST-000984,4,3.53,09/06/2025 17:52,mobile_wallet
TXN-0004442,STORE-002,PROD-00094,CUST-000284,2,215.98,05/26/2026 02:27,mobile_wallet
TXN-0001797,STORE-003,PROD-00207,CUST-000139,5,170.21,11/22/2025 06:45,cash
TXN-0000840,STORE-005,PROD-00225,CUST-000912,3,-372.01,24-05-2026,card
TXN-0003213,STORE-016,PROD-00144,CUST-000112,1,362.55,07-06-2026,cash
TXN-0004727,STORE-014,PROD-00048,CUST-000553,3,363.63,09/25/2025 10:31,cash
TXN-0000719,STORE-006,PROD-00086,CUST-000137,1,24.26,05/11/2026 23:10,cash
TXN-0000398,STORE-024,PROD-00108,CUST-000010,2,196.31,08-09-2025,mobile_wallet
TXN-0002331,STORE-022,PROD-00007,CUST-000465,1,150.71,04/10/2026 20:00,mobile_wallet
TXN-0000768,STORE-020,PROD-00228,CUST-000314,4,168.6,2026-02-12T13:56:17,cash
TXN-0003153,STORE-019,PROD-00195,CUST-000110,3,66.89,2026-05-17T06:57:41,cash
TXN-0002013,STORE-017,SKU000191,CUST-000179,3,177.43,11/17/2025 19:54,card
TXN-0001255,STORE-025,PROD-00206,CUST-000695,1,275.13,12-02-2026,card
TXN-0003747,STORE-025,PROD-00121,CUST-000222,2,360.88,10/13/2025 15:36,card
TXN-0002313,STORE-024,PROD-00091,CUST-000601,1,98.64,19-01-2026,mobile_wallet
TXN-0004208,STORE-022,PROD-00053,CUST-000546,5,209.68,08/10/2026 19:51,cash
TXN-0002684,STORE-016,PROD-00142,CUST-000828,4,70.8,06/27/2026 07:14,mobile_wallet
TXN-0004564,STORE-021,PROD-00230,CUST-000391,2,29.05,24-11-2025,cash
TXN-0004124,STORE-008,PROD-00025,CUST-000513,5,233.72,2025-10-24T05:21:20,mobile_wallet
TXN-0004874,STORE-015,PROD-00055,CUST-000923,1,305.58,12/29/2025 11:34,card
TXN-0002895,STORE-018,PROD-00264,CUST-000841,5,163.32,21-02-2026,mobile_wallet
TXN-0001246,STORE-025,PROD-00066,CUST-000889,2,175.34,09/13/2025 00:47,mobile_wallet
TXN-0004474,STORE-002,PROD-00022,CUST-000576,5,30.81,25-01-2026,mobile_wallet
TXN-0004944,STORE-012,PROD-00007,CUST-000909,5,150.71,01/21/2026 03:47,mobile_wallet
TXN-0001594,STORE-015,PROD-00121,CUST-000367,1,360.88,08-07-2026,cash
TXN-0004981,STORE-013,PROD-00158,CUST-000879,3,8.9,20-01-2026,cash
TXN-0000303,STORE-008,PROD-00279,CUST-000322,2,114.72,01-05-2026,mobile_wallet
TXN-0002107,STORE-019,PROD-00260,CUST-000424,3,88.49,06/12/2026 03:28,cash
TXN-0004402,STORE-017,PROD-00172,CUST-000856,1,197.18,2025-09-03T01:16:19,cash
TXN-0001366,STORE-021,PROD-00044,CUST-000958,4,-136.55,03/26/2026 01:54,mobile_wallet
TXN-0001606,STORE-021,PROD-00055,CUST-000017,4,305.58,2025-12-26T03:29:09,mobile_wallet
TXN-0000012,STORE-022,PROD-00149,CUST-000496,3,197.41,2025-09-22T05:26:10,card
TXN-0004423,STORE-001,PROD-00067,CUST-000554,3,234.05,15-03-2026,mobile_wallet
TXN-0000896,STORE-011,PROD-00198,CUST-000138,4,11.18,06/19/2026 03:44,mobile_wallet
TXN-0003886,STORE-006,PROD-00176,CUST-000158,2,122.92,24-06-2026,card
TXN-0003257,STORE-010,PROD-00130,CUST-000090,4,93.35,2026-08-08T12:16:55,mobile_wallet
TXN-0001005,STORE-011,PROD-00264,CUST-000276,3,163.32,22-04-2026,card
TXN-0002849,STORE-017,PROD-00140,CUST-000369,5,234.87,06-04-2026,mobile_wallet
TXN-0002928,STORE-001,PROD-00278,CUST-000016,0,401.02,2026-08-17T12:59:26,cash
TXN-0004288,STORE-015,PROD-00122,CUST-000056,3,427.3,2026-01-22T21:38:56,mobile_wallet
TXN-0002870,STORE-004,PROD-00220,CUST-000491,5,218.32,07-03-2026,cash
TXN-0004388,STORE-009,PROD-00094,CUST-000808,3,215.98,13-06-2026,cash
TXN-0003006,STORE-014,PROD-00263,CUST-000938,3,265.75,10-03-2026,card
TXN-0001930,STORE-014,SKU000134,CUST-000684,2,58.95,04/07/2026 12:03,mobile_wallet
TXN-0001419,STORE-024,sku000157 ,CUST-000710,1,141.14,07/26/2026 06:15,mobile_wallet
TXN-0002467,STORE-014,PROD-00155,CUST-000004,4,266.89,20-06-2026,mobile_wallet
TXN-0000318,STORE-014,PROD-00257,CUST-000797,5,70.06,2026-03-15T17:11:18,mobile_wallet
TXN-0004229,STORE-025,PROD-00005,CUST-000106,5,93.78,2025-08-26T17:57:18,card
TXN-0004420,STORE-015,PROD-00172,CUST-000366,4,197.18,03-02-2026,mobile_wallet
TXN-0003729,STORE-006,PROD-00215,CUST-000997,1,320.74,10-08-2026,card
TXN-0000689,STORE-003,PROD-00237,CUST-000117,3,56.05,01-04-2026,cash
TXN-0002078,STORE-003,PROD-00195,CUST-000898,3,66.89,27-10-2025,mobile_wallet
TXN-0004262,STORE-008,PROD-00191,CUST-000891,2,177.43,18-10-2025,mobile_wallet
TXN-0002527,STORE-020,PROD-00296,CUST-000781,4,246.02,02/13/2026 04:24,mobile_wallet
TXN-0000969,STORE-004,PROD-00297,CUST-000843,1,297.41,2026-01-15T20:22:04,card
TXN-0001966,STORE-004,PROD-00039,CUST-000434,4,183.97,2026-08-16T09:51:07,mobile_wallet
TXN-0001542,STORE-001,PROD-00173,CUST-000163,4,124.21,24-12-2025,cash
TXN-0000848,STORE-014,PROD-00127,CUST-000032,2,96.44,2026-08-16T01:05:05,mobile_wallet
TXN-0004986,STORE-008,PROD-00218,CUST-000222,3,279.94,25-11-2025,card
TXN-0000724,STORE-019,PROD-00275,CUST-000529,2,320.55,02/18/2026 01:56,mobile_wallet
TXN-0002221,STORE-005,PROD-00098,CUST-000079,4,258.04,06/09/2026 11:00,mobile_wallet
TXN-0002328,STORE-008,PROD-00246,CUST-000266,1,295.15,2025-09-02T18:31:44,cash
TXN-0002931,STORE-024,PROD-00118,CUST-000042,1,265.0,04/04/2026 12:46,cash
TXN-0002545,STORE-014,PROD-00279,CUST-000558,4,114.72,2026-08-16T14:12:16,cash
TXN-0004468,STORE-015,PROD-00265,CUST-000932,4,47.36,30-04-2026,mobile_wallet
TXN-0001281,STORE-004,PROD-00194,CUST-000090,1,137.35,2026-03-04T06:36:55,mobile_wallet
TXN-0004492,STORE-010,PROD-00029,CUST-000783,3,235.83,07/31/2026 16:30,cash
TXN-0004509,STORE-006,PROD-00096,CUST-000780,4,221.49,2026-06-19T07:31:52,mobile_wallet
TXN-0000545,STORE-010,PROD-00269,CUST-000113,4,340.17,12/12/2025 09:23,cash
TXN-0001078,STORE-019,PROD-00039,CUST-000573,2,183.97,22-04-2026,cash
TXN-0000139,STORE-007,PROD-00256,CUST-000574,4,278.69,10/09/2025 00:47,cash
TXN-0003430,STORE-016,PROD-00262,CUST-000666,1,330.85,2026-08-11T16:53:59,card
TXN-0001520,STORE-012,PROD-00176,CUST-000941,3,122.92,04/04/2026 22:18,card
TXN-0003480,STORE-006,PROD-00089,CUST-000312,5,18.86,08/29/2025 19:37,card
TXN-0003350,STORE-013,PROD-00026,CUST-000607,5,57.84,06/30/2026 02:45,mobile_wallet
TXN-0002452,STORE-024,PROD-00096,CUST-000869,5,221.49,03/13/2026 08:33,cash
TXN-0003918,STORE-019,PROD-00124,CUST-000869,3,410.1,01/07/2026 23:41,card
TXN-0004581,STORE-006,PROD-00208,CUST-000032,5,270.9,10-02-2026,mobile_wallet
TXN-0003283,STORE-007,PROD-00279,CUST-000215,1,114.72,09/04/2025 13:45,card
TXN-0002430,STORE-009,PROD-00272,CUST-000498,5,149.44,10/28/2025 13:57,card
TXN-0004268,STORE-011,PROD-00119,CUST-000104,2,221.95,01/02/2026 03:23,card
TXN-0001098,STORE-015,PROD-00121,CUST-000933,4,360.88,2025-12-19T07:02:09,cash
TXN-0002480,STORE-004,PROD-00010,CUST-000228,5,96.14,08-03-2026,card
TXN-0002100,STORE-010,PROD-00099,CUST-000169,3,139.51,12/18/2025 12:48,card
TXN-0004259,STORE-017,PROD-00220,CUST-000919,3,218.32,2025-11-23T15:24:03,mobile_wallet
TXN-0002801,STORE-002,PROD-00293,CUST-000594,2,146.52,2026-01-17T11:52:43,mobile_wallet
TXN-0002606,STORE-017,PROD-00002,CUST-000568,5,97.99,2025-10-31T11:41:34,card
TXN-0000321,STORE-021,PROD-00126,CUST-000989,1,120.27,17-05-2026,cash
TXN-0003135,STORE-009,PROD-00119,CUST-000640,2,221.95,03/18/2026 20:14,mobile_wallet
TXN-0003537,STORE-010,PROD-00219,CUST-000043,3,192.5,2026-08-09T23:57:07,mobile_wallet
TXN-0000537,STORE-024,PROD-00232,CUST-000983,5,179.91,28-10-2025,cash
TXN-0004435,STORE-019,PROD-00101,CUST-000899,5,102.13,09-04-2026,card
TXN-0000965,STORE-001,PROD-00048,CUST-000082,-3,363.63,09-08-2026,mobile_wallet
TXN-0002534,STORE-019,PROD-00065,CUST-000827,4,66.03,11/29/2025 08:21,cash
TXN-0001172,STORE-009,PROD-00127,CUST-000594,1,96.44,12/20/2025 14:51,card
TXN-0002337,STORE-007,PROD-00193,CUST-000353,5,70.07,08/08/2026 22:50,card
TXN-0004553,STORE-006,PROD-00104,CUST-000846,2,124.94,23-07-2026,card
TXN-0004739,STORE-011,PROD-00274,CUST-000979,3,144.59,08/07/2026 04:09,mobile_wallet
TXN-0000435,STORE-004,PROD-00094,CUST-000974,5,215.98,12/01/2025 05:52,mobile_wallet
TXN-0000215,STORE-023,PROD-00223,CUST-000758,2,244.67,2026-07-18T14:10:35,cash
TXN-0001691,STORE-010,PROD-00189,CUST-000467,1,371.6,02/26/2026 08:41,cash
TXN-0004070,STORE-023,PROD-00233,CUST-000653,2,381.82,14-05-2026,card
TXN-0001590,STORE-009,PROD-00286,CUST-000995,1,118.06,18-06-2026,mobile_wallet
TXN-0002031,STORE-012,PROD-00292,CUST-000368,2,228.17,2025-12-27T17:41:07,card
TXN-0004595,STORE-013,PROD-00032,CUST-000169,3,277.74,2025-10-17T03:20:18,cash
TXN-0004818,STORE-009,PROD-00051,CUST-000106,2,248.42,2025-12-01T13:49:16,cash
TXN-0000261,STORE-002,PROD-00095,CUST-000264,3,165.36,19-04-2026,mobile_wallet
TXN-0003063,STORE-023,PROD-00300,CUST-000589,2,124.65,09/15/2025 06:57,cash
TXN-0000102,STORE-005,PROD-00215,CUST-000234,5,320.74,09-12-2025,mobile_wallet
TXN-0003454,STORE-004,PROD-00281,CUST-000239,2,218.94,14-10-2025,card
TXN-0003599,STORE-006,PROD-00077,CUST-000497,3,466.02,04-11-2025,mobile_wallet
TXN-0002424,STORE-011,PROD-00194,CUST-000895,3,137.35,03-04-2026,mobile_wallet
TXN-0000375,STORE-020,PROD-00129,CUST-000275,4,159.98,28-08-2025,card
TXN-0003611,STORE-012,PROD-00037,CUST-000201,4,153.17,09/11/2025 11:22,cash
TXN-0003424,STORE-022,PROD-00072,CUST-000548,3,73.06,02/17/2026 13:48,cash
TXN-0003826,STORE-010,PROD-00131,CUST-000928,5,154.11,2025-12-31T00:41:13,cash
TXN-0003426,STORE-022,PROD-00152,CUST-000375,1,131.51,2025-11-28T01:31:48,mobile_wallet
TXN-0002183,STORE-002,PROD-00039,CUST-000352,3,183.97,2026-08-07T00:57:11,card
TXN-0003734,STORE-018,PROD-00175,CUST-000814,4,215.19,08/22/2026 15:55,card
TXN-0001787,STORE-005,PROD-00106,CUST-000232,2,172.64,09/04/2025 05:34,cash
TXN-0002991,STORE-008,PROD-00263,CUST-000578,3,265.75,02-11-2025,card
TXN-0000787,STORE-018,PROD-00082,CUST-000703,4,208.22,06/14/2026 08:31,cash
TXN-0003691,STORE-019,PROD-00153,CUST-000615,5,389.07,12-07-2026,mobile_wallet
TXN-0003303,STORE-009,PROD-00292,CUST-000785,4,228.17,30-10-2025,cash
TXN-0003411,STORE-023,PROD-00045,CUST-000646,4,122.63,05-05-2026,card
TXN-0001973,STORE-018,PROD-00269,CUST-000861,1,340.17,02/12/2026 13:44,card
TXN-0000183,STORE-023,PROD-00021,CUST-000172,4,130.87,11/29/2025 00:07,card
TXN-0002158,STORE-006,PROD-00095,CUST-000964,-3,165.36,11/26/2025 12:34,cash
TXN-0000076,STORE-011,PROD-00249,CUST-000389,5,70.32,2026-01-30T09:53:41,mobile_wallet
TXN-0002892,STORE-010,PROD-00160,CUST-000874,1,168.5,2026-08-06T12:13:59,mobile_wallet
TXN-0001463,STORE-006,PROD-00293,CUST-000207,3,146.52,2026-01-08T22:53:20,cash
TXN-0001198,STORE-020,PROD-00157,CUST-000329,4,141.14,25-07-2026,mobile_wallet
TXN-0002258,STORE-022,PROD-00118,CUST-000709,2,265.0,09/21/2025 17:25,cash
TXN-0001059,STORE-012,PROD-00228,CUST-000935,2,168.6,10/21/2025 18:44,card
TXN-0004326,STORE-003,PROD-00278,CUST-000140,5,401.02,2025-09-27T16:06:28,mobile_wallet
TXN-0004066,STORE-004,PROD-00056,CUST-000092,1,405.5,09-09-2025,mobile_wallet
TXN-0003158,STORE-023,PROD-00034,CUST-000408,4,134.98,12-05-2026,cash
TXN-0002242,STORE-025,PROD-00234,CUST-000275,5,218.66,04/12/2026 21:54,cash
TXN-0003621,STORE-008,PROD-00009,CUST-000343,5,229.81,28-12-2025,cash
TXN-0000961,STORE-013,PROD-00124,CUST-000556,2,410.1,2025-09-27T06:51:54,mobile_wallet
TXN-0002237,STORE-025,PROD-00294,CUST-000208,2,125.57,09/14/2025 20:14,card
TXN-0000903,STORE-024,PROD-00074,CUST-000696,1,121.72,2026-03-24T16:36:14,mobile_wallet
TXN-0003967,STORE-005,PROD-00159,CUST-000234,2,269.69,12/22/2025 13:47,mobile_wallet
TXN-0001115,STORE-023,PROD-00022,CUST-000503,2,30.81,02/02/2026 07:56,cash
TXN-0001871,STORE-012,SKU000110,CUST-000523,5,33.91,2026-01-26T19:01:25,card
TXN-0001190,STORE-004,PROD-00005,CUST-000685,4,93.78,08-04-2026,cash
TXN-0003587,STORE-013,PROD-00227,CUST-000087,3,38.54,26-03-2026,mobile_wallet
TXN-0004426,STORE-018,PROD-00179,CUST-000832,1,120.71,2025-09-16T12:22:31,cash
TXN-0002103,STORE-024,PROD-00280,CUST-000669,1,30.75,02-02-2026,card
TXN-0003118,STORE-004,PROD-00014,CUST-000744,4,26.37,22-10-2025,cash
TXN-0004285,STORE-002,PROD-00282,CUST-000760,3,311.97,2026-05-02T15:36:34,mobile_wallet
TXN-0004659,STORE-017,PROD-00283,CUST-000439,5,28.3,2026-03-25T12:45:21,mobile_wallet
TXN-0004011,STORE-025,PROD-00256,CUST-000545,5,278.69,2026-05-06T20:18:43,card
TXN-0004543,STORE-005,PROD-00079,CUST-000448,1,410.73,05/24/2026 20:45,cash
TXN-0000748,STORE-020,PROD-00131,CUST-000520,5,154.11,2025-09-08T06:42:12,card
TXN-0000852,STORE-011,PROD-00119,CUST-000569,4,221.95,10-03-2026,card
TXN-0003801,STORE-004,PROD-00068,CUST-000498,1,219.43,01/27/2026 16:06,cash
TXN-0002835,STORE-017,PROD-00235,CUST-000486,5,100.21,30-10-2025,card
TXN-0004852,STORE-002,PROD-00199,CUST-000855,1,49.88,2026-04-09T19:39:00,mobile_wallet
TXN-0004456,STORE-002,PROD-00137,CUST-000119,5,278.35,02/21/2026 01:46,mobile_wallet
TXN-0004200,STORE-023,PROD-00296,CUST-000479,1,246.02,03/19/2026 03:01,cash
TXN-0000840,STORE-005,PROD-00225,CUST-000912,3,-372.01,24-05-2026,card
TXN-0003889,STORE-004,PROD-00198,CUST-000446,5,11.18,2025-09-05T17:59:03,card
TXN-0002910,STORE-013,PROD-00249,CUST-000427,4,70.32,2026-05-06T11:27:29,cash
TXN-0001409,STORE-020,PROD-00250,CUST-000029,5,27.33,23-03-2026,cash
TXN-0000401,STORE-022,SKU000189,CUST-000080,1,371.6,2026-02-23T01:04:54,card
TXN-0003745,STORE-006,PROD-00040,CUST-000338,3,330.8,2026-01-26T17:41:28,mobile_wallet
TXN-0001769,STORE-001,PROD-00209,CUST-000891,3,46.91,2025-10-16T05:38:17,mobile_wallet
TXN-0004514,STORE-020,PROD-00197,CUST-000154,2,58.81,25-02-2026,cash
TXN-0000746,STORE-013,PROD-00030,CUST-000958,4,142.56,2026-01-21T09:09:21,cash
TXN-0001340,STORE-019,PROD-00144,CUST-000090,4,362.55,08/16/2026 19:28,cash
TXN-0001804,STORE-018,PROD-00117,CUST-000566,1,15.6,2026-06-21T10:05:12,card
TXN-0000419,STORE-018,PROD-00012,CUST-000113,4,272.48,09-12-2025,cash
TXN-0000186,STORE-025,PROD-00233,CUST-000231,5,381.82,2026-05-29T03:12:47,mobile_wallet
TXN-0003662,STORE-005,PROD-00030,CUST-000740,2,142.56,2025-12-11T21:20:54,card
TXN-0003228,STORE-002,PROD-00099,CUST-000703,1,139.51,04/29/2026 09:33,card
TXN-0003680,STORE-025,PROD-00263,CUST-000940,1,265.75,07/17/2026 03:04,card
TXN-0004936,STORE-001,PROD-00004,CUST-000933,1,105.24,27-02-2026,card
TXN-0003913,STORE-003,PROD-00247,CUST-000589,2,30.45,04/15/2026 11:10,cash
TXN-0004524,STORE-011,PROD-00198,CUST-000475,4,11.18,25-08-2025,cash
TXN-0004459,STORE-007,PROD-00186,CUST-000705,1,108.59,25-12-2025,mobile_wallet
TXN-0004448,STORE-025,PROD-00297,CUST-000385,1,297.41,14-11-2025,cash
TXN-0001459,STORE-011,PROD-00103,CUST-000538,2,219.77,30-06-2026,cash
TXN-0004698,STORE-022,PROD-00246,CUST-000212,1,295.15,26-01-2026,card
TXN-0004336,STORE-017,PROD-00193,CUST-000445,3,-70.07,21-01-2026,cash
TXN-0003142,STORE-003,PROD-00017,CUST-000745,5,73.06,2025-10-29T03:34:26,card
TXN-0000947,STORE-019,PROD-00231,CUST-000455,1,101.96,2026-07-30T20:40:30,cash
TXN-0002831,STORE-020,PROD-00028,CUST-000945,2,282.23,12/23/2025 00:55,card
TXN-0001903,STORE-012,PROD-00294,CUST-000150,4,125.57,2025-10-26T08:08:53,card
TXN-0004127,STORE-001,PROD-00277,CUST-000365,1,72.79,12/23/2025 06:23,cash
TXN-0000531,STORE-003,PROD-00064,CUST-000510,2,103.31,2026-08-19T17:32:27,mobile_wallet
TXN-0004872,STORE-014,PROD-00113,CUST-000853,3,188.3,2026-08-11T23:57:14,cash
TXN-0000159,STORE-021,PROD-00269,CUST-000668,5,340.17,14-03-2026,card
TXN-0001391,STORE-020,sku000182 ,CUST-000310,2,92.63,2025-11-08T09:10:19,mobile_wallet
TXN-0004824,STORE-009,PROD-00158,CUST-000692,2,8.9,2025-09-05T20:27:38,mobile_wallet
TXN-0000111,STORE-018,PROD-00283,CUST-000336,4,28.3,06/12/2026 11:30,cash
TXN-0002683,STORE-010,PROD-00169,CUST-000604,5,-262.44,2026-08-22T08:08:10,card
TXN-0003698,STORE-001,PROD-00206,CUST-000690,2,275.13,09-05-2026,card
TXN-0003083,STORE-004,PROD-00223,CUST-000248,5,244.67,11/04/2025 01:16,mobile_wallet
TXN-0003529,STORE-009,PROD-00293,CUST-000279,1,146.52,12/22/2025 01:14,mobile_wallet
TXN-0001929,STORE-016,PROD-00048,CUST-000123,5,363.63,12-11-2025,card
TXN-0002718,STORE-025,PROD-00100,CUST-000038,1,413.06,2026-08-05T19:26:20,cash
TXN-0000807,STORE-016,PROD-00072,CUST-000777,3,73.06,01/30/2026 20:15,mobile_wallet
TXN-0001336,STORE-012,PROD-00132,CUST-000780,1,131.99,05/24/2026 17:58,mobile_wallet
TXN-0000127,STORE-023,PROD-00113,CUST-001000,2,188.3,03/02/2026 04:04,mobile_wallet
TXN-0002477,STORE-013,PROD-00177,CUST-000607,4,52.67,29-10-2025,cash
TXN-0000446,STORE-020,PROD-00064,CUST-000551,2,103.31,22-07-2026,cash
TXN-0002956,STORE-002,PROD-00260,CUST-000112,4,88.49,01/01/2026 13:21,card
TXN-0004316,STORE-003,PROD-00190,CUST-000602,4,244.93,2026-06-09T16:05:51,card
TXN-0002102,STORE-009,PROD-00065,CUST-000112,5,66.03,24-08-2025,card
TXN-0003230,STORE-005,PROD-00038,CUST-000260,3,261.73,08-05-2026,mobile_wallet
TXN-0001714,STORE-012,PROD-00278,CUST-000227,4,401.02,12/27/2025 10:51,cash
TXN-0004374,STORE-017,PROD-00036,CUST-000238,5,277.4,02/02/2026 14:40,mobile_wallet
TXN-0002539,STORE-012,PROD-00112,CUST-000367,5,196.87,2025-09-27T16:49:22,card
TXN-0004556,STORE-005,PROD-00152,CUST-000702,1,131.51,2025-12-02T02:45:57,cash
TXN-0000653,STORE-022,PROD-00174,CUST-000958,1,195.74,2025-10-20T03:02:34,card
TXN-0001195,STORE-023,sku000097 ,CUST-000485,1,5.72,2026-01-27T20:17:18,mobile_wallet
TXN-0003197,STORE-004,PROD-00065,CUST-000856,3,66.03,03/10/2026 14:03,mobile_wallet
TXN-0002296,STORE-007,SKU000279,CUST-000225,2,114.72,11/21/2025 15:30,card
TXN-0003676,STORE-011,sku000192 ,CUST-000475,3,57.16,26-12-2025,card
TXN-0003001,STORE-005,PROD-00281,CUST-000660,-3,218.94,06/20/2026 21:47,card
TXN-0004939,STORE-003,PROD-00191,CUST-000524,3,177.43,05/05/2026 18:08,mobile_wallet
TXN-0000524,STORE-006,PROD-00022,CUST-000915,3,30.81,10/13/2025 12:51,cash
TXN-0002407,STORE-004,PROD-00078,CUST-000289,5,62.45,05-10-2025,cash
TXN-0001430,STORE-009,PROD-00199,CUST-000315,3,49.88,06/29/2026 13:39,cash
TXN-0001957,STORE-008,PROD-00096,CUST-000132,2,221.49,09/02/2025 07:33,cash
TXN-0003953,STORE-013,PROD-00051,CUST-000176,3,-248.42,24-08-2025,mobile_wallet
TXN-0000904,STORE-019,SKU000055,CUST-000564,1,305.58,2025-10-07T15:01:09,card
TXN-0004325,STORE-001,PROD-00286,CUST-000606,3,118.06,03/11/2026 00:54,card
TXN-0001885,STORE-010,SKU000100,CUST-000877,2,413.06,26-02-2026,mobile_wallet
TXN-0003024,STORE-013,PROD-00200,CUST-000850,5,88.0,11-06-2026,cash
TXN-0002863,STORE-022,PROD-00026,CUST-000733,4,57.84,27-04-2026,mobile_wallet
TXN-0003030,STORE-015,PROD-00061,CUST-000870,5,142.82,2026-05-14T11:36:39,mobile_wallet
TXN-0003725,STORE-020,PROD-00244,CUST-000594,4,26.03,10/02/2025 05:33,mobile_wallet
TXN-0000485,STORE-016,PROD-00096,CUST-000777,2,221.49,01/16/2026 10:58,cash
TXN-0004796,STORE-013,PROD-00133,CUST-000601,2,372.3,04/08/2026 03:45,mobile_wallet
TXN-0003704,STORE-007,PROD-00279,CUST-000166,1,114.72,27-08-2025,mobile_wallet
TXN-0001965,STORE-010,PROD-00004,CUST-000500,5,105.24,31-08-2025,mobile_wallet
TXN-0000420,STORE-011,PROD-00100,CUST-000421,5,413.06,08-06-2026,cash
TXN-0001245,STORE-013,PROD-00242,CUST-000267,4,12.79,2026-01-20T00:55:52,cash
TXN-0003422,STORE-001,PROD-00279,CUST-000218,3,114.72,2025-10-23T03:59:01,card
TXN-0003367,STORE-015,PROD-00072,CUST-000335,5,73.06,27-04-2026,mobile_wallet
TXN-0001429,STORE-014,PROD-00291,CUST-000651,2,387.67,06-11-2025,mobile_wallet
TXN-0001249,STORE-020,PROD-00001,CUST-000422,4,50.1,2025-10-25T20:43:15,cash
TXN-0002347,STORE-017,PROD-00097,CUST-000612,5,5.72,2025-10-03T15:00:37,card
TXN-0003774,STORE-017,PROD-00115,CUST-000245,1,345.35,03-06-2026,card
TXN-0003647,STORE-018,SKU000191,CUST-000510,1,177.43,19-10-2025,cash
TXN-0002015,STORE-019,PROD-00042,CUST-000184,5,3.53,09/05/2025 03:01,card
TXN-0000376,STORE-001,PROD-00081,CUST-000793,4,411.67,2025-09-02T14:18:29,mobile_wallet
TXN-0002574,STORE-017,PROD-00157,CUST-000014,4,141.14,2026-01-03T14:06:46,cash
TXN-0002272,STORE-013,PROD-00214,CUST-000936,4,53.88,2026-06-20T10:20:55,cash
TXN-0004489,STORE-010,PROD-00011,CUST-000028,1,25.8,2026-03-26T13:07:41,cash
TXN-0004903,STORE-024,PROD-00189,CUST-000907,2,371.6,12/19/2025 15:13,cash
TXN-0003943,STORE-020,PROD-00034,CUST-000951,3,134.98,14-04-2026,card
TXN-0003795,STORE-017,PROD-00178,CUST-000341,4,181.72,11/06/2025 21:48,card
TXN-0003091,STORE-013,PROD-00101,CUST-000159,1,102.13,2026-04-04T22:14:09,mobile_wallet
TXN-0002260,STORE-012,SKU000034,CUST-000726,5,134.98,2026-02-18T01:30:49,mobile_wallet
TXN-0003815,STORE-024,PROD-00259,CUST-000935,5,172.49,11/19/2025 04:11,cash
TXN-0003874,STORE-012,PROD-00285,CUST-000660,4,198.44,2026-08-02T03:26:46,mobile_wallet
TXN-0002503,STORE-014,PROD-00272,CUST-000548,1,149.44,2026-01-22T15:44:54,card
TXN-0002162,STORE-008,PROD-00164,CUST-000918,1,231.45,10/22/2025 07:03,cash
TXN-0002032,STORE-015,PROD-00118,CUST-000116,1,265.0,10/04/2025 17:23,mobile_wallet
TXN-0002513,STORE-011,PROD-00135,CUST-000507,1,288.86,2025-10-03T18:41:25,mobile_wallet
TXN-0002571,STORE-006,PROD-00105,CUST-000387,3,126.39,08/15/2026 05:36,card
TXN-0003597,STORE-001,PROD-00202,CUST-000454,5,87.32,14-02-2026,cash
TXN-0004399,STORE-018,PROD-00281,CUST-000733,3,218.94,2026-01-12T15:06:38,card
TXN-0002465,STORE-022,PROD-00235,CUST-000438,4,100.21,21-03-2026,mobile_wallet
TXN-0001355,STORE-015,PROD-00168,CUST-000616,2,290.99,04/13/2026 00:42,mobile_wallet
TXN-0003165,STORE-021,PROD-00043,CUST-000780,3,98.85,04/14/2026 02:25,mobile_wallet
TXN-0001529,STORE-006,PROD-00004,CUST-000717,2,105.24,01-09-2025,card
TXN-0003474,STORE-020,PROD-00141,CUST-000304,5,312.06,02/10/2026 05:30,card
TXN-0004631,STORE-012,PROD-00223,CUST-000523,1,244.67,30-06-2026,card
TXN-0001148,STORE-014,PROD-00228,CUST-000119,4,168.6,04/30/2026 03:29,mobile_wallet
TXN-0004307,STORE-019,PROD-00114,CUST-000262,4,3.79,12/01/2025 14:46,mobile_wallet
TXN-0000022,STORE-006,PROD-00006,CUST-000721,5,82.96,2025-11-11T00:17:37,card
TXN-0002968,STORE-014,PROD-00107,CUST-000994,4,70.64,26-11-2025,card
TXN-0000656,STORE-002,PROD-00071,CUST-000900,1,133.13,10-01-2026,mobile_wallet
TXN-0004384,STORE-018,PROD-00213,CUST-000266,2,158.8,02/13/2026 20:08,card
TXN-0004544,STORE-015,PROD-00103,CUST-000046,1,219.77,2026-04-14T22:55:57,card
TXN-0000778,STORE-024,sku000046 ,CUST-000117,5,68.42,2026-04-15T02:53:27,mobile_wallet
TXN-0001822,STORE-015,PROD-00291,CUST-000697,4,387.67,09/25/2025 01:08,cash
TXN-0004694,STORE-008,PROD-00066,CUST-000042,5,175.34,08-03-2026,cash
TXN-0001491,STORE-006,PROD-00132,CUST-000760,3,131.99,01/21/2026 08:06,card
TXN-0000913,STORE-012,PROD-00085,CUST-000925,4,188.57,2025-12-28T15:15:12,cash
TXN-0004104,STORE-005,PROD-00280,CUST-000807,4,30.75,03/29/2026 07:45,card
TXN-0004477,STORE-001,PROD-00167,CUST-000287,5,331.85,08/22/2026 06:57,cash
TXN-0004126,STORE-002,PROD-00282,CUST-000437,3,311.97,2025-08-30T12:36:21,card
TXN-0001810,STORE-009,PROD-00244,CUST-000213,5,26.03,02-09-2025,card
TXN-0003279,STORE-005,PROD-00104,CUST-000129,5,124.94,02/12/2026 19:30,card
TXN-0003895,STORE-002,PROD-00200,CUST-000516,0,88.0,2026-01-09T06:05:25,cash
TXN-0000762,STORE-012,PROD-00220,CUST-000868,3,218.32,10/08/2025 14:44,mobile_wallet
TXN-0004607,STORE-011,PROD-00155,CUST-000067,2,266.89,17-09-2025,card
TXN-0004260,STORE-021,PROD-00285,CUST-000214,5,198.44,28-04-2026,mobile_wallet
TXN-0001736,STORE-006,PROD-00095,CUST-000854,3,165.36,03/27/2026 00:58,card
TXN-0002852,STORE-010,PROD-00271,CUST-000534,5,15.73,02/24/2026 17:32,mobile_wallet
TXN-0000793,STORE-016,PROD-00050,CUST-000563,2,73.61,04-11-2025,mobile_wallet
TXN-0004330,STORE-012,PROD-00280,CUST-000081,5,30.75,2026-04-25T09:49:13,mobile_wallet
TXN-0002168,STORE-003,PROD-00154,CUST-000802,1,45.56,2025-12-30T04:43:47,cash
TXN-0004915,STORE-019,PROD-00219,CUST-000869,4,192.5,28-05-2026,card
TXN-0000315,STORE-014,PROD-00250,CUST-000144,2,27.33,11/06/2025 05:28,cash
TXN-0004469,STORE-023,PROD-00077,CUST-000680,3,466.02,20-08-2026,card
TXN-0004024,STORE-025,PROD-00094,CUST-000443,1,215.98,08/08/2026 12:40,cash
TXN-0001506,STORE-014,PROD-00078,CUST-000495,1,62.45,2026-08-05T05:23:15,mobile_wallet
TXN-0001603,STORE-017,PROD-00279,CUST-000561,1,114.72,27-11-2025,mobile_wallet
TXN-0003949,STORE-014,PROD-00059,CUST-000766,5,138.3,2026-05-01T14:51:53,mobile_wallet
TXN-0003758,STORE-015,sku000133 ,CUST-000479,5,372.3,02/13/2026 16:58,card
TXN-0001345,STORE-012,PROD-00161,CUST-000136,4,244.6,07/26/2026 07:09,cash
TXN-0001025,STORE-009,PROD-00248,CUST-000004,5,31.77,03/28/2026 08:03,card
TXN-0004680,STORE-008,PROD-00298,CUST-000016,4,43.12,2025-10-20T23:12:27,cash
TXN-0002750,STORE-002,PROD-00071,CUST-000074,2,133.13,07/18/2026 03:26,mobile_wallet
TXN-0000755,STORE-012,PROD-00088,CUST-000351,2,250.66,2026-04-09T10:24:43,mobile_wallet
TXN-0000472,STORE-002,PROD-00146,CUST-000076,1,128.46,06/03/2026 04:03,cash
TXN-0004982,STORE-018,PROD-00128,CUST-000027,2,102.36,06-11-2025,cash
TXN-0000594,STORE-002,PROD-00042,CUST-000943,4,3.53,09/25/2025 19:17,card
TXN-0000349,STORE-013,PROD-00020,CUST-000724,3,55.46,01/31/2026 07:44,mobile_wallet
TXN-0003003,STORE-020,SKU000267,CUST-000354,1,271.24,2026-04-19T01:46:08,card
TXN-0003448,STORE-025,PROD-00025,CUST-000237,2,-233.72,2026-08-15T03:05:26,cash
TXN-0002765,STORE-004,SKU000005,CUST-000652,5,93.78,16-11-2025,mobile_wallet
TXN-0002114,STORE-021,PROD-00013,CUST-000558,5,125.91,23-03-2026,mobile_wallet
TXN-0003125,STORE-010,PROD-00063,CUST-000303,4,222.33,06/19/2026 13:17,cash
TXN-0003271,STORE-017,PROD-00218,CUST-000766,4,279.94,09/13/2025 15:02,cash
TXN-0003004,STORE-019,PROD-00117,CUST-000575,4,15.6,29-08-2025,cash
TXN-0004462,STORE-021,PROD-00226,CUST-000641,5,208.87,2025-10-10T07:27:07,card
TXN-0001730,STORE-024,PROD-00065,CUST-000118,1,66.03,03/16/2026 14:02,mobile_wallet
TXN-0002324,STORE-007,PROD-00075,CUST-000671,2,374.2,13-02-2026,mobile_wallet
TXN-0000311,STORE-012,PROD-00287,CUST-000914,1,159.36,2026-07-11T05:35:40,cash
TXN-0000972,STORE-011,PROD-00215,CUST-000028,4,320.74,2026-06-05T02:41:26,card
TXN-0004167,STORE-020,PROD-00007,CUST-000343,5,150.71,04/02/2026 18:10,cash
TXN-0002520,STORE-019,PROD-00057,CUST-000467,1,65.86,21-08-2026,mobile_wallet
TXN-0002002,STORE-008,PROD-00187,CUST-000208,5,300.08,10/24/2025 14:27,mobile_wallet
TXN-0004970,STORE-002,PROD-00062,CUST-000707,1,189.58,05/14/2026 08:54,cash
TXN-0001563,STORE-016,PROD-00168,CUST-000039,3,290.99,05/27/2026 08:51,mobile_wallet
TXN-0003818,STORE-008,PROD-00059,CUST-000308,5,138.3,13-06-2026,cash
TXN-0004937,STORE-011,PROD-00238,CUST-000795,2,110.16,09/14/2025 22:48,cash
TXN-0002379,STORE-004,PROD-00107,CUST-000842,1,70.64,28-04-2026,mobile_wallet
TXN-0001818,STORE-002,PROD-00088,CUST-000158,5,250.66,11/09/2025 04:16,card
TXN-0003046,STORE-014,PROD-00012,CUST-000385,2,272.48,12/23/2025 19:11,card
TXN-0000808,STORE-007,PROD-00276,CUST-000770,1,193.7,2026-01-30T03:52:37,card
TXN-0000542,STORE-015,SKU999999,CUST-000853,4,219.77,01/27/2026 15:10,card
TXN-0004098,STORE-002,PROD-00222,CUST-000327,3,219.35,09/29/2025 21:06,mobile_wallet
TXN-0003620,STORE-016,PROD-00205,CUST-000315,1,27.76,09/29/2025 15:28,cash
TXN-0002256,STORE-002,PROD-00160,CUST-000843,1,168.5,26-01-2026,cash
TXN-0001222,STORE-015,PROD-00045,CUST-000178,1,122.63,27-11-2025,card
TXN-0001181,STORE-021,PROD-00171,CUST-000450,1,389.02,07/25/2026 01:03,mobile_wallet
TXN-0004379,STORE-004,PROD-00106,CUST-000475,3,172.64,03-02-2026,card
TXN-0003187,STORE-019,PROD-00143,CUST-000399,1,370.32,08/24/2025 06:33,mobile_wallet
TXN-0000175,STORE-024,PROD-00082,CUST-000444,1,208.22,2025-11-14T18:48:36,cash
TXN-0000846,STORE-016,PROD-00005,CUST-000747,3,93.78,03/08/2026 09:32,card
TXN-0003086,STORE-006,PROD-00274,CUST-000744,1,-144.59,15-06-2026,card
TXN-0004506,STORE-018,PROD-00033,CUST-000361,5,182.35,05/17/2026 04:10,mobile_wallet
TXN-0000062,STORE-023,PROD-00276,CUST-000741,4,193.7,06-12-2025,mobile_wallet
TXN-0004390,STORE-005,PROD-00180,CUST-000297,3,73.62,08/08/2026 17:21,mobile_wallet
TXN-0004440,STORE-009,PROD-00045,CUST-000380,2,122.63,04-12-2025,cash
TXN-0000374,STORE-022,SKU000091,CUST-000433,1,98.64,2026-03-30T04:20:24,cash
TXN-0002937,STORE-023,PROD-00154,CUST-000953,4,45.56,12/21/2025 03:22,card
TXN-0004916,STORE-025,PROD-00108,CUST-000230,2,196.31,2026-02-18T13:43:05,cash
TXN-0004563,STORE-010,PROD-00277,CUST-000068,1,72.79,2025-12-26T14:44:56,cash
TXN-0001290,STORE-024,PROD-00190,CUST-000891,5,244.93,31-01-2026,mobile_wallet
TXN-0000154,STORE-025,PROD-00028,CUST-000313,4,282.23,2025-12-19T23:25:45,cash
TXN-0003240,STORE-001,PROD-00071,CUST-000099,4,133.13,06/12/2026 22:45,cash
TXN-0002876,STORE-006,sku000062 ,CUST-000403,3,189.58,2026-02-16T23:53:17,cash
TXN-0002363,STORE-019,PROD-00133,CUST-000791,4,372.3,10/01/2025 11:29,cash
TXN-0002723,STORE-004,sku000282 ,CUST-000983,5,311.97,2026-07-22T23:13:35,cash
TXN-0000526,STORE-009,PROD-00066,CUST-000761,3,175.34,10/03/2025 18:47,mobile_wallet
TXN-0000189,STORE-011,PROD-00210,CUST-000067,1,163.54,2025-08-28T08:06:06,card
TXN-0001228,STORE-021,PROD-00231,CUST-000691,2,101.96,09/12/2025 06:57,card
TXN-0000897,STORE-021,PROD-00171,CUST-000998,2,389.02,28-03-2026,mobile_wallet
TXN-0001209,STORE-007,PROD-00287,CUST-000725,4,159.36,2025-10-25T00:36:31,card
TXN-0004197,STORE-003,PROD-00279,CUST-000237,2,114.72,01/19/2026 18:33,card
TXN-0003573,STORE-016,PROD-00043,CUST-000473,3,98.85,05-05-2026,cash
TXN-0000614,STORE-004,PROD-00047,CUST-000432,5,239.67,10/12/2025 03:43,card
TXN-0002390,STORE-014,PROD-00006,CUST-000814,2,82.96,10/13/2025 11:43,cash
TXN-0002843,STORE-001,PROD-00209,CUST-000368,5,46.91,2026-04-09T14:53:06,cash
TXN-0004096,STORE-001,PROD-00268,CUST-000730,2,159.92,17-01-2026,card
TXN-0004129,STORE-025,PROD-00085,CUST-000553,4,188.57,04/13/2026 18:10,cash
TXN-0003875,STORE-001,PROD-00019,CUST-000493,5,114.13,08/25/2025 11:53,cash
TXN-0003964,STORE-006,PROD-00283,CUST-000332,4,28.3,12/22/2025 11:13,cash
TXN-0003742,STORE-003,PROD-00018,CUST-000698,5,398.31,02-05-2026,cash
TXN-0001750,STORE-011,PROD-00220,CUST-000717,2,218.32,2026-01-17T00:11:47,mobile_wallet
TXN-0003917,STORE-021,PROD-00274,CUST-000118,4,144.59,2026-06-28T03:56:28,cash
TXN-0000686,STORE-009,PROD-00279,CUST-000209,1,114.72,04/02/2026 12:58,cash
TXN-0004692,STORE-007,PROD-00150,CUST-000320,1,90.56,02-08-2026,cash
TXN-0002846,STORE-011,PROD-00125,CUST-000028,2,373.21,07/13/2026 20:53,card
TXN-0001637,STORE-021,PROD-00085,CUST-000517,4,188.57,2026-07-21T04:37:13,cash
TXN-0000795,STORE-016,SKU000124,CUST-000635,3,410.1,02-12-2025,mobile_wallet
TXN-0000267,STORE-021,PROD-00293,CUST-000818,5,146.52,18-10-2025,mobile_wallet
TXN-0004245,STORE-024,PROD-00108,CUST-000026,4,196.31,2026-03-23T03:56:31,cash
TXN-0001612,STORE-016,PROD-00022,CUST-000042,1,30.81,10/15/2025 15:12,mobile_wallet
TXN-0001480,STORE-019,PROD-00163,CUST-000030,1,414.19,09/27/2025 05:39,card
TXN-0001850,STORE-013,PROD-00073,CUST-000169,5,41.57,04-01-2026,mobile_wallet
TXN-0004031,STORE-015,PROD-00237,CUST-000548,5,56.05,11/11/2025 18:05,mobile_wallet
TXN-0000436,STORE-022,PROD-00155,CUST-000680,3,266.89,2025-12-20T11:47:31,card
TXN-0004705,STORE-011,PROD-00277,CUST-000095,2,72.79,2026-07-01T05:17:12,cash
TXN-0001020,STORE-009,PROD-00011,CUST-000767,1,25.8,2026-07-17T19:10:47,mobile_wallet
TXN-0000992,STORE-017,PROD-00274,CUST-000157,1,-144.59,10/31/2025 12:19,card
TXN-0002443,STORE-001,PROD-00282,CUST-000749,3,311.97,02/20/2026 23:16,mobile_wallet
TXN-0002619,STORE-002,PROD-00028,CUST-000880,5,282.23,20-05-2026,card
TXN-0004641,STORE-003,PROD-00153,CUST-000774,5,389.07,05-12-2025,card
TXN-0002177,STORE-018,PROD-00268,CUST-000707,2,159.92,2026-01-01T15:04:33,mobile_wallet
TXN-0004073,STORE-016,PROD-00295,CUST-000812,5,213.54,2026-04-13T07:36:25,card
TXN-0004481,STORE-015,PROD-00079,CUST-000232,3,410.73,01/27/2026 15:17,mobile_wallet
TXN-0001935,STORE-002,PROD-00245,CUST-000112,4,167.35,09/03/2025 23:46,mobile_wallet
TXN-0000476,STORE-014,PROD-00236,CUST-000144,5,47.02,2025-12-19T23:39:12,mobile_wallet
TXN-0004917,STORE-010,PROD-00126,CUST-000052,4,120.27,09-06-2026,mobile_wallet
TXN-0002882,STORE-001,PROD-00282,CUST-000491,3,311.97,22-03-2026,mobile_wallet
TXN-0003140,STORE-001,PROD-00043,CUST-000249,1,98.85,2026-04-17T16:33:53,card
TXN-0004983,STORE-008,PROD-00068,CUST-000403,5,219.43,08/01/2026 15:41,mobile_wallet
TXN-0003807,STORE-024,PROD-00179,CUST-000134,2,120.71,03/04/2026 01:49,card
TXN-0002195,STORE-015,PROD-00186,CUST-000804,1,108.59,2026-05-20T11:11:55,card
TXN-0001864,STORE-007,PROD-00102,CUST-000494,2,281.32,2025-12-02T08:19:05,card
TXN-0001771,STORE-007,PROD-00094,CUST-000777,5,215.98,04/14/2026 23:17,cash
TXN-0004745,STORE-022,PROD-00046,CUST-000027,4,68.42,07/26/2026 19:23,card
TXN-0003581,STORE-021,PROD-00076,CUST-000524,5,27.66,2026-06-04T13:31:30,cash
TXN-0000369,STORE-005,PROD-00065,CUST-000829,3,66.03,2026-03-03T17:06:29,mobile_wallet
TXN-0004743,STORE-007,PROD-00029,CUST-000322,3,235.83,12-05-2026,card
TXN-0003292,STORE-010,PROD-00234,CUST-000966,1,218.66,07/23/2026 02:29,mobile_wallet
TXN-0001522,STORE-005,PROD-00012,CUST-000732,1,272.48,2025-12-13T13:33:33,card
TXN-0004247,STORE-025,PROD-00205,CUST-000433,5,27.76,2025-10-09T08:50:50,cash
TXN-0003593,STORE-023,PROD-00287,CUST-000053,5,159.36,11-03-2026,card
TXN-0003524,STORE-012,PROD-00071,CUST-000277,2,133.13,04/07/2026 19:27,card
TXN-0000255,STORE-006,PROD-00262,CUST-000511,4,330.85,2026-04-30T07:29:32,cash
TXN-0000936,STORE-009,PROD-00244,CUST-000432,4,26.03,09/25/2025 14:36,card
TXN-0004968,STORE-009,PROD-00046,CUST-000495,1,68.42,2025-09-02T00:22:11,cash
TXN-0002525,STORE-017,PROD-00201,CUST-000194,1,167.96,01-08-2026,card
TXN-0004520,STORE-018,PROD-00137,CUST-000667,4,278.35,2026-03-22T00:22:25,cash
TXN-0001946,STORE-015,PROD-00280,CUST-000187,1,30.75,12/04/2025 20:36,card
TXN-0000092,STORE-016,PROD-00177,CUST-000545,-1,52.67,2026-05-19T06:25:26,card
TXN-0003671,STORE-017,PROD-00073,CUST-000624,5,41.57,2025-11-10T18:35:06,card
TXN-0000813,STORE-022,PROD-00191,CUST-000831,5,177.43,2026-04-03T17:05:48,cash
TXN-0001219,STORE-025,PROD-00099,CUST-000868,5,139.51,2026-07-01T00:33:14,cash
TXN-0000527,STORE-011,PROD-00136,CUST-000812,4,39.83,04/03/2026 19:07,card
TXN-0001432,STORE-018,PROD-00127,CUST-000690,5,96.44,14-10-2025,mobile_wallet
TXN-0001735,STORE-011,PROD-00231,CUST-000663,4,101.96,03-11-2025,mobile_wallet
TXN-0002213,STORE-017,PROD-00237,CUST-000378,4,56.05,2026-02-05T05:38:32,card
TXN-0001201,STORE-024,PROD-00142,CUST-000654,5,70.8,2026-01-05T09:13:34,card
TXN-0002925,STORE-010,PROD-00109,CUST-000435,3,121.34,2025-10-20T10:12:14,mobile_wallet
TXN-0004741,STORE-020,PROD-00055,CUST-000074,5,305.58,2025-12-06T10:53:59,card
TXN-0003626,STORE-012,PROD-00044,CUST-000180,3,136.55,05-11-2025,mobile_wallet
TXN-0004338,STORE-014,PROD-00277,CUST-000202,1,72.79,24-04-2026,card
TXN-0000752,STORE-019,PROD-00056,CUST-000340,3,405.5,2026-04-12T05:52:56,mobile_wallet
TXN-0001982,STORE-021,PROD-00122,CUST-000459,1,427.3,2025-12-14T14:13:48,card
TXN-0003288,STORE-007,PROD-00143,CUST-000708,3,370.32,12-03-2026,card
TXN-0001087,STORE-016,PROD-00010,CUST-000039,1,96.14,2025-09-15T20:04:29,cash
TXN-0002457,STORE-023,PROD-00127,CUST-000669,3,96.44,24-06-2026,mobile_wallet
TXN-0004283,STORE-016,PROD-00180,CUST-000002,2,73.62,06-10-2025,cash
TXN-0004466,STORE-002,PROD-00265,CUST-000442,3,47.36,23-09-2025,card
TXN-0000403,STORE-005,PROD-00058,CUST-000169,4,230.62,21-09-2025,card
TXN-0004370,STORE-004,PROD-00246,CUST-000092,3,295.15,07/04/2026 16:49,mobile_wallet
TXN-0002693,STORE-024,PROD-00247,CUST-000724,1,30.45,08/23/2026 01:14,card
TXN-0000176,STORE-010,PROD-00247,CUST-000132,2,30.45,27-01-2026,card
TXN-0001038,STORE-013,PROD-00198,CUST-000695,1,11.18,11-10-2025,cash
TXN-0000442,STORE-004,PROD-00015,CUST-000309,2,287.92,19-11-2025,card
TXN-0001394,STORE-013,PROD-00143,CUST-000436,3,370.32,07/14/2026 18:04,cash
TXN-0001325,STORE-018,PROD-00154,CUST-000456,2,45.56,27-08-2025,cash
TXN-0004884,STORE-021,PROD-00201,CUST-000790,3,167.96,22-05-2026,cash
TXN-0001319,STORE-007,PROD-00156,CUST-000798,2,356.66,07/08/2026 12:42,cash
TXN-0004413,STORE-015,PROD-00050,CUST-000262,4,73.61,27-04-2026,cash
TXN-0003792,STORE-005,PROD-00253,CUST-000557,1,288.42,11/19/2025 02:10,cash
TXN-0000747,STORE-022,SKU000015,CUST-000109,2,287.92,26-11-2025,card
TXN-0003511,STORE-017,PROD-00101,CUST-000333,3,102.13,2025-11-21T03:24:30,card
TXN-0000237,STORE-006,PROD-00290,CUST-000285,3,322.63,25-05-2026,card
TXN-0004713,STORE-004,PROD-00070,CUST-000920,1,267.33,2026-01-17T11:25:46,mobile_wallet
TXN-0004181,STORE-008,PROD-00051,CUST-000664,4,248.42,07/28/2026 10:53,card
TXN-0002067,STORE-019,PROD-00149,CUST-000642,1,197.41,2026-02-06T16:03:27,card
TXN-0002396,STORE-012,PROD-00027,CUST-000674,1,103.95,05/25/2026 12:51,cash
TXN-0002832,STORE-017,PROD-00105,CUST-000612,5,126.39,2026-02-26T13:51:04,cash
TXN-0002224,STORE-019,PROD-00105,CUST-000367,0,126.39,2026-05-01T00:51:22,card
TXN-0002778,STORE-014,PROD-00103,CUST-000680,1,219.77,2026-02-05T20:59:00,card
TXN-0000096,STORE-019,PROD-00023,CUST-000686,5,206.36,2025-10-29T23:00:18,mobile_wallet
TXN-0000752,STORE-019,PROD-00056,CUST-000340,3,405.5,2026-04-12T05:52:56,mobile_wallet
TXN-0000181,STORE-016,PROD-00055,CUST-000546,2,305.58,28-08-2025,cash
TXN-0003177,STORE-002,PROD-00251,CUST-000556,5,304.44,2026-01-18T05:24:40,card
TXN-0002120,STORE-013,PROD-00208,CUST-000141,2,270.9,03/30/2026 22:35,cash
TXN-0004244,STORE-021,PROD-00247,CUST-000420,5,30.45,22-04-2026,cash
TXN-0001961,STORE-019,PROD-00088,CUST-000605,2,250.66,19-02-2026,mobile_wallet
TXN-0004557,STORE-022,PROD-00091,CUST-000630,3,98.64,09/08/2025 00:03,mobile_wallet
TXN-0001904,STORE-014,PROD-00288,CUST-000981,1,112.73,2025-09-14T17:12:00,card
TXN-0002022,STORE-025,PROD-00059,CUST-000634,1,138.3,2025-09-16T03:18:29,card
TXN-0002861,STORE-011,SKU000127,CUST-000880,2,96.44,18-07-2026,card
TXN-0001447,STORE-015,PROD-00042,CUST-000783,1,3.53,15-06-2026,card
TXN-0001553,STORE-015,PROD-00137,CUST-000692,4,278.35,05/30/2026 00:02,mobile_wallet
TXN-0002070,STORE-022,PROD-00015,CUST-000851,3,287.92,15-02-2026,card
TXN-0003976,STORE-017,PROD-00067,CUST-000526,5,234.05,25-06-2026,card
TXN-0001643,STORE-013,PROD-00190,CUST-000379,3,244.93,07/04/2026 21:18,cash
TXN-0000564,STORE-008,PROD-00177,CUST-000814,5,52.67,02/19/2026 13:08,mobile_wallet
TXN-0001731,STORE-016,PROD-00123,CUST-000064,4,217.36,26-01-2026,mobile_wallet
TXN-0002466,STORE-009,PROD-00146,CUST-000571,1,128.46,29-10-2025,mobile_wallet
TXN-0002728,STORE-015,PROD-00192,CUST-000891,1,57.16,04/15/2026 05:27,card
TXN-0000876,STORE-008,PROD-00080,CUST-000038,4,189.59,2025-11-19T19:32:08,cash
TXN-0001887,STORE-004,PROD-00064,CUST-000965,3,103.31,03-10-2025,card
TXN-0001151,STORE-002,SKU000162,CUST-000251,4,101.72,17-06-2026,cash
TXN-0002540,STORE-020,PROD-00181,CUST-000585,1,231.93,20-07-2026,cash
TXN-0002225,STORE-017,PROD-00220,CUST-000660,5,218.32,2025-11-21T00:20:09,card
TXN-0003669,STORE-005,PROD-00288,CUST-000037,4,112.73,10/08/2025 09:47,card
TXN-0000941,STORE-002,PROD-00095,CUST-000588,1,165.36,10/18/2025 03:52,card
TXN-0000709,STORE-001,SKU000023,CUST-000452,1,206.36,11/22/2025 19:15,cash
TXN-0004494,STORE-022,PROD-00286,CUST-000397,2,118.06,27-05-2026,cash
TXN-0002501,STORE-010,PROD-00183,CUST-000915,5,103.14,24-06-2026,card
TXN-0004569,STORE-001,PROD-00289,CUST-000286,1,265.35,21-08-2026,cash
TXN-0002651,STORE-017,PROD-00034,CUST-000104,3,134.98,2026-05-27T11:46:07,cash
TXN-0002643,STORE-019,PROD-00156,CUST-000820,4,356.66,2026-02-08T19:07:44,card
TXN-0001344,STORE-017,PROD-00134,CUST-000505,3,58.95,2026-05-13T00:44:12,mobile_wallet
TXN-0002789,STORE-015,PROD-00294,CUST-000542,5,-125.57,04/01/2026 23:19,cash
TXN-0001334,STORE-025,PROD-00289,CUST-000664,0,265.35,03/17/2026 08:58,cash
TXN-0004958,STORE-024,PROD-00287,CUST-000736,2,159.36,01/26/2026 03:51,cash
TXN-0000322,STORE-011,PROD-00028,CUST-000855,5,282.23,18-01-2026,cash
TXN-0003852,STORE-020,PROD-00243,CUST-000219,3,190.7,07/18/2026 07:09,cash
TXN-0004320,STORE-005,PROD-00298,CUST-000607,1,43.12,2026-05-19T19:45:21,cash
TXN-0002616,STORE-012,PROD-00007,CUST-000873,2,150.71,01/18/2026 23:29,cash
TXN-0003174,STORE-022,PROD-00127,CUST-000620,1,96.44,02/02/2026 01:08,card
TXN-0002130,STORE-005,PROD-00218,CUST-000895,1,279.94,09-08-2026,cash
TXN-0003563,STORE-007,PROD-00183,CUST-000196,1,103.14,2025-10-31T05:01:14,card
TXN-0003923,STORE-016,PROD-00165,CUST-000611,4,131.68,23-03-2026,cash
TXN-0001824,STORE-013,PROD-00208,CUST-000235,5,270.9,28-12-2025,card
TXN-0003186,STORE-012,PROD-00253,CUST-000319,5,288.42,2025-11-05T05:32:19,mobile_wallet
TXN-0001188,STORE-007,SKU000063,CUST-000306,4,222.33,03/12/2026 05:05,cash
TXN-0001943,STORE-018,PROD-00118,CUST-000564,4,265.0,28-08-2025,cash
TXN-0001720,STORE-018,PROD-00005,CUST-000407,4,93.78,11-09-2025,mobile_wallet
TXN-0000333,STORE-023,SKU000195,CUST-000093,4,66.89,10/28/2025 10:58,card
TXN-0003975,STORE-017,PROD-00032,CUST-000854,2,277.74,17-08-2026,card
TXN-0001272,STORE-021,PROD-00237,CUST-000557,3,56.05,15-08-2026,cash
TXN-0001300,STORE-009,PROD-00075,CUST-000953,5,374.2,2026-08-18T15:10:56,cash
TXN-0000616,STORE-013,PROD-00030,CUST-000167,1,142.56,11/08/2025 03:43,cash
TXN-0000224,STORE-023,PROD-00073,CUST-000478,1,41.57,31-05-2026,card
TXN-0000536,STORE-021,PROD-00246,CUST-000443,3,-295.15,2025-09-27T19:25:28,mobile_wallet
TXN-0000989,STORE-016,PROD-00101,CUST-000436,4,102.13,2026-07-29T10:34:00,card
TXN-0004328,STORE-019,PROD-00207,CUST-000942,3,170.21,2026-03-27T23:41:53,cash
TXN-0003359,STORE-025,PROD-00183,CUST-000722,3,103.14,14-10-2025,card
TXN-0001002,STORE-003,PROD-00152,CUST-000323,3,131.51,09-07-2026,mobile_wallet
TXN-0001571,STORE-002,PROD-00246,CUST-000935,2,295.15,2026-07-24T11:05:56,mobile_wallet
TXN-0003360,STORE-009,PROD-00090,CUST-000374,4,197.2,2026-07-15T23:37:48,card
TXN-0004303,STORE-004,PROD-00266,CUST-000942,1,21.53,08/21/2026 09:39,cash
TXN-0004792,STORE-004,PROD-00295,CUST-000010,3,213.54,12/23/2025 20:35,card
TXN-0001275,STORE-011,PROD-00176,CUST-000117,3,122.92,05-07-2026,cash
TXN-0002061,STORE-009,PROD-00089,CUST-000935,5,18.86,30-03-2026,cash
TXN-0002841,STORE-017,PROD-00130,CUST-000275,4,93.35,2025-12-26T06:36:45,mobile_wallet
TXN-0003328,STORE-003,PROD-00184,CUST-000909,4,232.98,2026-05-01T17:02:25,cash
TXN-0004006,STORE-014,PROD-00008,CUST-000467,3,195.87,2025-12-09T17:41:00,card
TXN-0001893,STORE-005,PROD-00292,CUST-000259,3,228.17,14-01-2026,cash
TXN-0001169,STORE-023,PROD-00203,CUST-000800,2,264.67,05/10/2026 04:38,cash
TXN-0000065,STORE-011,PROD-00208,CUST-000083,1,270.9,2026-03-16T21:24:43,mobile_wallet
TXN-0002802,STORE-025,PROD-00057,CUST-000942,5,65.86,07/16/2026 12:37,mobile_wallet
TXN-0001220,STORE-020,PROD-00023,CUST-000791,2,206.36,01-06-2026,mobile_wallet
TXN-0002071,STORE-022,PROD-00121,CUST-000416,5,360.88,23-01-2026,cash
TXN-0003471,STORE-018,PROD-00152,CUST-000007,3,131.51,2026-05-22T07:39:20,card
TXN-0002360,STORE-010,PROD-00202,CUST-000510,4,87.32,05/30/2026 00:58,cash
TXN-0004078,STORE-006,SKU999999,CUST-000220,4,121.72,07/15/2026 08:56,mobile_wallet
TXN-0000777,STORE-014,PROD-00288,CUST-000654,2,112.73,2026-05-07T15:42:41,card
TXN-0003104,STORE-024,PROD-00138,CUST-000341,1,56.89,07/14/2026 13:11,card
TXN-0000931,STORE-009,PROD-00260,CUST-000352,1,88.49,04-12-2025,card
TXN-0004191,STORE-014,PROD-00182,CUST-000825,4,92.63,2025-08-24T13:52:28,card
TXN-0004664,STORE-023,PROD-00128,CUST-000217,4,102.36,05/28/2026 19:23,mobile_wallet
TXN-0004918,STORE-002,PROD-00085,CUST-000861,3,188.57,07-03-2026,mobile_wallet
TXN-0002156,STORE-006,SKU000108,CUST-000622,5,196.31,26-08-2025,mobile_wallet
TXN-0002245,STORE-023,PROD-00005,CUST-000317,2,93.78,2026-08-11T00:07:49,card
TXN-0000409,STORE-015,PROD-00181,CUST-000055,2,231.93,09-10-2025,cash
TXN-0000382,STORE-015,PROD-00057,CUST-000440,4,65.86,2025-09-27T05:58:10,cash
TXN-0000765,STORE-017,PROD-00063,CUST-000530,3,222.33,2026-05-31T06:57:54,cash
TXN-0004899,STORE-019,PROD-00290,CUST-000754,4,322.63,2026-04-10T05:54:36,mobile_wallet
TXN-0002153,STORE-013,PROD-00277,CUST-000745,3,72.79,2025-11-27T12:41:16,mobile_wallet
TXN-0003515,STORE-011,PROD-00111,CUST-000321,4,15.96,27-01-2026,cash
TXN-0000437,STORE-010,PROD-00071,CUST-000366,3,133.13,2025-11-26T14:25:55,card
TXN-0000676,STORE-023,PROD-00192,CUST-000310,4,57.16,01/27/2026 03:05,mobile_wallet
TXN-0000197,STORE-022,PROD-00296,CUST-000135,4,246.02,2026-04-27T20:29:00,card
TXN-0002438,STORE-023,PROD-00143,CUST-000164,5,370.32,28-07-2026,card
TXN-0001827,STORE-008,PROD-00093,CUST-000332,2,253.66,14-02-2026,mobile_wallet
TXN-0001484,STORE-004,PROD-00163,CUST-000183,1,414.19,07-10-2025,mobile_wallet
TXN-0004315,STORE-024,PROD-00213,CUST-000071,2,158.8,2025-12-12T12:07:42,cash
TXN-0001869,STORE-023,PROD-00007,CUST-000166,4,150.71,11/13/2025 01:52,cash
TXN-0001868,STORE-025,PROD-00055,CUST-000275,4,305.58,24-02-2026,mobile_wallet
TXN-0004870,STORE-020,PROD-00013,CUST-000401,1,125.91,07-05-2026,card
TXN-0001848,STORE-016,PROD-00091,CUST-000021,4,98.64,2026-05-26T12:01:01,cash
TXN-0001954,STORE-015,PROD-00170,CUST-000475,5,204.4,2025-09-16T00:22:01,cash
TXN-0002516,STORE-017,PROD-00210,CUST-000570,3,163.54,01/07/2026 11:06,cash
TXN-0001475,STORE-018,PROD-00204,CUST-000055,3,220.1,2026-05-21T04:20:16,card
TXN-0003183,STORE-008,PROD-00013,CUST-000365,4,125.91,07-07-2026,card
TXN-0002901,STORE-022,PROD-00087,CUST-000561,1,347.77,22-11-2025,mobile_wallet
TXN-0000549,STORE-004,PROD-00258,CUST-000969,4,46.18,03/19/2026 14:34,card
TXN-0004401,STORE-001,PROD-00187,CUST-000739,1,300.08,12-01-2026,card
TXN-0000926,STORE-011,PROD-00049,CUST-000740,2,11.75,02/19/2026 22:50,mobile_wallet
TXN-0004555,STORE-003,PROD-00164,CUST-000247,4,231.45,12/13/2025 18:34,mobile_wallet
TXN-0001330,STORE-020,PROD-00154,CUST-000426,2,45.56,2026-02-09T10:15:25,card
TXN-0000546,STORE-005,PROD-00077,CUST-000622,3,466.02,06/03/2026 23:27,mobile_wallet
TXN-0000584,STORE-021,SKU999999,CUST-000038,2,170.21,30-03-2026,mobile_wallet
TXN-0003966,STORE-025,PROD-00004,CUST-000464,5,105.24,08/05/2026 05:23,card
TXN-0000772,STORE-004,PROD-00229,CUST-000860,4,238.08,2026-03-14T18:21:40,card
TXN-0000909,STORE-014,PROD-00203,CUST-000792,4,264.67,24-04-2026,mobile_wallet
TXN-0002543,STORE-013,PROD-00060,CUST-000710,3,134.16,25-10-2025,card
TXN-0001949,STORE-020,PROD-00237,CUST-000956,5,56.05,24-01-2026,mobile_wallet
TXN-0001921,STORE-006,PROD-00006,CUST-000579,1,82.96,09/05/2025 01:49,card
TXN-0004204,STORE-009,PROD-00229,CUST-000579,3,238.08,01/15/2026 17:39,mobile_wallet
TXN-0000348,STORE-015,PROD-00129,CUST-000299,1,159.98,01-07-2026,card
TXN-0000685,STORE-023,PROD-00141,CUST-000413,5,312.06,13-03-2026,mobile_wallet
TXN-0003491,STORE-007,PROD-00146,CUST-000498,3,128.46,03/23/2026 20:23,cash
TXN-0000711,STORE-022,PROD-00070,CUST-000498,4,267.33,16-05-2026,mobile_wallet
TXN-0004892,STORE-016,sku000218 ,CUST-000929,4,279.94,08/15/2026 11:37,mobile_wallet
TXN-0003246,STORE-012,PROD-00004,CUST-000291,4,105.24,2026-01-17T22:15:21,cash
TXN-0002530,STORE-014,PROD-00287,CUST-000130,4,159.36,01/30/2026 04:33,card
TXN-0003932,STORE-022,PROD-00232,CUST-000797,1,179.91,2026-07-13T20:19:41,cash
TXN-0004349,STORE-005,PROD-00044,CUST-000683,5,136.55,25-01-2026,card
TXN-0003092,STORE-011,PROD-00222,CUST-000948,3,-219.35,08/20/2026 00:55,card
TXN-0003241,STORE-011,PROD-00197,CUST-000114,1,58.81,06/14/2026 02:52,card
TXN-0004219,STORE-019,PROD-00031,CUST-000239,4,283.68,05-07-2026,cash
TXN-0000326,STORE-016,PROD-00014,CUST-000291,1,26.37,08/28/2025 03:50,cash
TXN-0000400,STORE-023,PROD-00063,CUST-000198,5,222.33,03/09/2026 07:10,cash
TXN-0002400,STORE-005,PROD-00241,CUST-000444,3,7.24,2026-06-29T08:55:13,card
TXN-0002470,STORE-013,PROD-00264,CUST-000330,1,163.32,2026-02-09T07:24:04,card
TXN-0003878,STORE-025,PROD-00288,CUST-000150,5,112.73,22-02-2026,cash
TXN-0003148,STORE-015,PROD-00156,CUST-000650,1,356.66,11-11-2025,mobile_wallet
TXN-0003210,STORE-008,PROD-00123,CUST-000721,2,217.36,19-05-2026,cash
TXN-0003229,STORE-018,SKU000292,CUST-000875,5,228.17,2025-12-06T18:38:32,mobile_wallet
TXN-0002791,STORE-009,PROD-00291,CUST-000561,4,387.67,27-08-2025,mobile_wallet
TXN-0002917,STORE-024,PROD-00085,CUST-000189,2,188.57,2026-07-06T14:06:42,card
TXN-0000205,STORE-005,PROD-00183,CUST-000773,3,103.14,2025-10-14T05:53:21,cash
TXN-0002957,STORE-007,PROD-00227,CUST-000414,5,38.54,2026-08-07T19:15:04,cash
TXN-0003415,STORE-012,PROD-00138,CUST-000029,1,56.89,28-01-2026,cash
TXN-0001767,STORE-005,PROD-00154,CUST-000724,3,45.56,02/01/2026 16:01,cash
TXN-0002166,STORE-003,SKU000195,CUST-000814,-3,66.89,05/03/2026 16:51,mobile_wallet
TXN-0000507,STORE-011,PROD-00281,CUST-000729,4,218.94,18-12-2025,mobile_wallet
TXN-0004572,STORE-020,PROD-00015,CUST-000684,3,287.92,02/18/2026 05:16,mobile_wallet
TXN-0000763,STORE-020,PROD-00205,CUST-000150,1,27.76,2026-08-04T06:22:15,card
TXN-0003051,STORE-006,PROD-00156,CUST-000023,2,356.66,09/01/2025 00:11,mobile_wallet
TXN-0004225,STORE-019,PROD-00293,CUST-000507,1,146.52,01/24/2026 05:12,mobile_wallet
TXN-0000300,STORE-018,PROD-00055,CUST-000258,1,305.58,07/12/2026 18:21,mobile_wallet
TXN-0004665,STORE-016,PROD-00002,CUST-000939,-3,97.99,07/12/2026 17:57,mobile_wallet
TXN-0004976,STORE-020,PROD-00077,CUST-000189,3,466.02,2026-04-22T15:44:26,mobile_wallet
TXN-0003972,STORE-022,PROD-00167,CUST-000201,1,331.85,15-06-2026,mobile_wallet
TXN-0002622,STORE-002,PROD-00201,CUST-000708,5,167.96,08/31/2025 18:13,cash
TXN-0004846,STORE-005,PROD-00164,CUST-000841,3,231.45,2025-12-16T16:30:06,cash
TXN-0001495,STORE-007,PROD-00106,CUST-000781,2,172.64,18-08-2026,mobile_wallet
TXN-0003765,STORE-021,SKU000275,CUST-000073,3,320.55,2026-02-06T17:36:29,cash
TXN-0001863,STORE-002,PROD-00064,CUST-000001,5,103.31,2026-03-16T03:42:16,mobile_wallet
TXN-0002398,STORE-009,PROD-00254,CUST-000076,4,316.24,30-11-2025,card
TXN-0001173,STORE-003,PROD-00139,CUST-000130,1,109.66,19-11-2025,cash
TXN-0003534,STORE-014,PROD-00186,CUST-000868,1,108.59,21-07-2026,mobile_wallet
TXN-0002590,STORE-010,PROD-00239,CUST-000904,5,296.37,2026-05-29T00:34:08,cash
TXN-0004279,STORE-010,PROD-00212,CUST-000987,4,171.06,12-04-2026,mobile_wallet
TXN-0003441,STORE-011,PROD-00210,CUST-000840,4,163.54,17-04-2026,mobile_wallet
TXN-0004817,STORE-016,PROD-00015,CUST-000287,1,287.92,09/22/2025 13:17,cash
TXN-0000533,STORE-019,PROD-00270,CUST-000201,2,191.88,04/06/2026 07:26,mobile_wallet
TXN-0003787,STORE-024,PROD-00155,CUST-000453,2,-266.89,01-12-2025,card
TXN-0000110,STORE-020,PROD-00290,CUST-000199,3,322.63,2025-12-25T17:41:38,cash
TXN-0003307,STORE-005,PROD-00256,CUST-000307,-1,278.69,16-12-2025,mobile_wallet
TXN-0002037,STORE-019,PROD-00219,CUST-000130,1,192.5,04/15/2026 08:19,mobile_wallet
TXN-0001862,STORE-004,PROD-00073,CUST-000330,1,41.57,22-06-2026,cash
TXN-0000361,STORE-006,PROD-00067,CUST-000257,1,234.05,2026-01-02T03:22:29,cash
TXN-0003396,STORE-003,PROD-00204,CUST-000364,3,220.1,08/08/2026 00:31,cash
TXN-0003489,STORE-025,PROD-00178,CUST-000495,5,181.72,07-08-2026,cash
TXN-0004974,STORE-005,PROD-00021,CUST-000665,2,130.87,05/17/2026 04:29,card
TXN-0003973,STORE-017,PROD-00183,CUST-000247,5,103.14,2025-11-28T01:32:07,cash
TXN-0002654,STORE-001,PROD-00096,CUST-000520,1,221.49,27-08-2025,mobile_wallet
TXN-0003991,STORE-014,PROD-00255,CUST-000836,5,31.8,10/24/2025 18:16,card
TXN-0004984,STORE-006,PROD-00233,CUST-000339,2,381.82,2026-05-13T21:56:29,card
TXN-0003794,STORE-011,PROD-00010,CUST-000197,2,96.14,2026-05-05T12:24:26,mobile_wallet
TXN-0004361,STORE-008,PROD-00173,CUST-000199,5,124.21,04/19/2026 22:29,card
TXN-0002181,STORE-009,PROD-00283,CUST-000359,1,28.3,2026-05-29T07:26:20,cash
TXN-0000503,STORE-013,SKU999999,CUST-000944,3,93.78,2026-05-03T12:50:45,cash
TXN-0003347,STORE-009,PROD-00217,CUST-000482,5,123.22,22-07-2026,mobile_wallet
TXN-0000945,STORE-005,PROD-00163,CUST-000257,4,414.19,09/27/2025 08:21,card
TXN-0001395,STORE-005,PROD-00240,CUST-000921,0,100.07,19-11-2025,cash
TXN-0003822,STORE-016,PROD-00080,CUST-000243,2,189.59,01-11-2025,card
TXN-0004222,STORE-002,PROD-00235,CUST-000100,4,100.21,23-11-2025,card
TXN-0000340,STORE-020,PROD-00018,CUST-000722,1,398.31,2025-09-04T20:22:28,mobile_wallet
TXN-0002427,STORE-005,PROD-00043,CUST-000767,1,98.85,2026-07-31T12:02:39,cash
TXN-0002208,STORE-005,PROD-00153,CUST-000571,5,389.07,11/27/2025 03:35,cash
TXN-0001698,STORE-011,PROD-00035,CUST-000289,2,241.08,2025-12-25T00:26:32,card
TXN-0000984,STORE-006,PROD-00220,CUST-000840,3,218.32,12/01/2025 21:50,cash
TXN-0003269,STORE-015,PROD-00080,CUST-000465,1,189.59,06-10-2025,mobile_wallet
TXN-0000669,STORE-015,PROD-00108,CUST-000451,2,196.31,2026-03-13T01:24:14,mobile_wallet
TXN-0001785,STORE-013,PROD-00037,CUST-000817,2,153.17,2026-05-11T09:50:03,mobile_wallet
TXN-0001878,STORE-023,PROD-00024,CUST-000684,1,131.49,2025-11-01T12:10:01,card
TXN-0000582,STORE-010,PROD-00267,CUST-000978,4,271.24,28-03-2026,cash
TXN-0004723,STORE-022,PROD-00132,CUST-000539,1,131.99,2025-12-19T15:40:49,cash
TXN-0001518,STORE-010,PROD-00294,CUST-000295,4,125.57,07/25/2026 16:55,card
TXN-0003287,STORE-015,PROD-00032,CUST-000304,1,277.74,2025-09-04T17:05:34,mobile_wallet
TXN-0004310,STORE-023,PROD-00252,CUST-000157,1,86.28,25-04-2026,card
TXN-0001561,STORE-011,PROD-00228,CUST-000239,1,168.6,2025-12-14T10:28:04,mobile_wallet
TXN-0001528,STORE-010,PROD-00096,CUST-000562,5,221.49,2025-11-17T02:11:23,mobile_wallet
TXN-0001570,STORE-021,PROD-00123,CUST-000636,5,217.36,19-04-2026,card
TXN-0001776,STORE-019,PROD-00136,CUST-000705,5,39.83,02/06/2026 23:25,card
TXN-0004784,STORE-025,PROD-00300,CUST-000643,3,124.65,03-12-2025,mobile_wallet
TXN-0000705,STORE-013,PROD-00222,CUST-000648,2,219.35,07-06-2026,card
TXN-0004929,STORE-025,PROD-00002,CUST-000785,2,97.99,2025-10-12T12:12:12,cash
TXN-0003954,STORE-024,PROD-00148,CUST-000625,3,322.32,12-09-2025,mobile_wallet
TXN-0003370,STORE-006,PROD-00015,CUST-000979,4,287.92,10/30/2025 13:15,card
TXN-0001446,STORE-003,PROD-00130,CUST-000761,2,93.35,05/10/2026 06:30,mobile_wallet
TXN-0003714,STORE-025,PROD-00232,CUST-000859,4,179.91,01/01/2026 07:31,card
TXN-0003005,STORE-020,PROD-00236,CUST-000196,3,47.02,06/18/2026 23:08,card
TXN-0003685,STORE-014,PROD-00294,CUST-000271,4,125.57,2026-04-10T04:35:23,cash
TXN-0004358,STORE-021,PROD-00253,CUST-000003,2,288.42,2025-10-20T12:35:02,card
TXN-0003661,STORE-022,PROD-00123,CUST-000329,3,217.36,2026-07-27T15:39:13,cash
TXN-0001112,STORE-003,PROD-00161,CUST-000583,4,244.6,09/13/2025 08:01,cash
TXN-0001512,STORE-013,PROD-00154,CUST-001000,2,45.56,23-05-2026,card
TXN-0000899,STORE-023,PROD-00296,CUST-000299,2,246.02,2026-03-25T17:50:53,card
TXN-0003290,STORE-020,PROD-00049,CUST-000555,4,11.75,07-08-2026,mobile_wallet
TXN-0002822,STORE-021,PROD-00155,CUST-000316,5,266.89,08/24/2025 17:56,mobile_wallet
TXN-0004241,STORE-025,PROD-00237,CUST-000010,3,56.05,12/04/2025 19:07,card
TXN-0001006,STORE-012,PROD-00067,CUST-000218,4,234.05,26-09-2025,card
TXN-0000820,STORE-013,PROD-00283,CUST-000558,4,28.3,23-05-2026,mobile_wallet
TXN-0002322,STORE-003,PROD-00094,CUST-000464,4,215.98,02/04/2026 20:01,mobile_wallet
TXN-0003817,STORE-004,PROD-00257,CUST-000505,5,70.06,09/25/2025 23:04,mobile_wallet
TXN-0004084,STORE-013,PROD-00107,CUST-000338,2,70.64,2025-12-11T01:48:19,cash
TXN-0003126,STORE-011,PROD-00204,CUST-000471,3,220.1,01-07-2026,card
TXN-0000486,STORE-020,PROD-00273,CUST-000672,4,440.02,2026-04-20T03:04:52,mobile_wallet
TXN-0002729,STORE-016,PROD-00215,CUST-000756,3,320.74,2025-12-15T00:35:47,card
TXN-0002229,STORE-019,PROD-00250,CUST-000058,1,27.33,06/25/2026 18:50,mobile_wallet
TXN-0001314,STORE-007,PROD-00117,CUST-000934,3,15.6,2026-05-02T03:55:47,cash
TXN-0003596,STORE-002,PROD-00111,CUST-000455,5,15.96,03-03-2026,mobile_wallet
TXN-0002008,STORE-017,PROD-00240,CUST-000025,4,100.07,25-11-2025,cash
TXN-0002536,STORE-004,PROD-00274,CUST-000900,5,144.59,11/01/2025 12:19,card
TXN-0002578,STORE-015,PROD-00006,CUST-000783,4,82.96,2026-04-06T00:37:56,cash
TXN-0003927,STORE-006,PROD-00060,CUST-000744,4,134.16,2026-06-05T13:39:59,card
TXN-0000892,STORE-010,PROD-00155,CUST-000437,3,266.89,09/26/2025 08:40,mobile_wallet
TXN-0003048,STORE-006,PROD-00232,CUST-000464,5,179.91,28-04-2026,cash
TXN-0003652,STORE-024,PROD-00050,CUST-000687,4,73.61,18-09-2025,card
TXN-0000764,STORE-023,PROD-00234,CUST-000356,4,218.66,2025-09-30T02:03:53,card
TXN-0002959,STORE-016,PROD-00020,CUST-000668,3,55.46,11/20/2025 00:07,cash
TXN-0003190,STORE-009,PROD-00232,CUST-000355,3,179.91,04/16/2026 08:03,cash
TXN-0004171,STORE-010,PROD-00094,CUST-000008,2,215.98,04/04/2026 10:06,cash
TXN-0002004,STORE-006,PROD-00253,CUST-000218,4,288.42,09-12-2025,cash
TXN-0004661,STORE-006,PROD-00021,CUST-000613,2,130.87,10-10-2025,card
TXN-0001111,STORE-002,PROD-00112,CUST-000984,5,196.87,20-12-2025,mobile_wallet
TXN-0003616,STORE-025,PROD-00111,CUST-000451,5,15.96,06-08-2026,card
TXN-0004807,STORE-019,PROD-00192,CUST-000824,2,57.16,27-02-2026,card
TXN-0000095,STORE-007,PROD-00246,CUST-000775,5,295.15,2026-04-01T17:41:19,card
TXN-0000927,STORE-003,PROD-00187,CUST-000138,1,300.08,04/14/2026 03:27,cash
TXN-0000521,STORE-004,PROD-00132,CUST-000701,5,131.99,2025-10-05T23:25:09,cash
TXN-0000534,STORE-011,SKU000049,CUST-000627,1,11.75,2026-08-16T15:24:32,cash
TXN-0003272,STORE-019,PROD-00225,CUST-000563,5,372.01,08/22/2026 08:41,card
TXN-0004891,STORE-014,PROD-00031,CUST-000415,2,283.68,21-05-2026,mobile_wallet
TXN-0002309,STORE-010,PROD-00066,CUST-000385,2,175.34,2026-04-24T23:52:50,card
TXN-0002915,STORE-017,PROD-00067,CUST-000718,1,234.05,2026-03-13T05:47:07,mobile_wallet
TXN-0001580,STORE-019,PROD-00110,CUST-000624,3,33.91,30-08-2025,card
TXN-0003406,STORE-006,PROD-00068,CUST-000232,1,219.43,2026-08-19T20:23:20,card
TXN-0000162,STORE-025,PROD-00252,CUST-000483,4,86.28,03/08/2026 11:58,mobile_wallet
TXN-0001441,STORE-001,PROD-00162,CUST-000381,5,101.72,07-04-2026,card
TXN-0004693,STORE-005,PROD-00293,CUST-000400,1,146.52,2026-06-01T10:35:31,mobile_wallet
TXN-0001630,STORE-016,PROD-00286,CUST-000380,1,118.06,08-03-2026,cash
TXN-0000412,STORE-012,SKU000163,CUST-000662,2,414.19,2026-07-09T08:45:50,mobile_wallet
TXN-0002415,STORE-020,PROD-00179,CUST-000040,3,120.71,03/22/2026 06:37,cash
TXN-0003122,STORE-002,PROD-00067,CUST-000727,4,234.05,2026-08-01T15:27:45,card
TXN-0002334,STORE-019,PROD-00164,CUST-000338,1,231.45,07-06-2026,card
TXN-0002054,STORE-015,PROD-00207,CUST-000951,3,170.21,01/21/2026 00:50,card
TXN-0000964,STORE-013,PROD-00296,CUST-000319,3,246.02,05/04/2026 19:46,card
TXN-0001242,STORE-006,PROD-00103,CUST-000683,3,219.77,2026-04-29T18:34:08,cash
TXN-0003175,STORE-025,PROD-00164,CUST-000512,4,231.45,14-02-2026,mobile_wallet
TXN-0003189,STORE-003,PROD-00008,CUST-000696,1,195.87,2025-12-01T21:03:17,card
TXN-0002983,STORE-001,PROD-00206,CUST-000941,1,275.13,08/03/2026 05:37,mobile_wallet
TXN-0001170,STORE-018,sku000212 ,CUST-000697,2,171.06,2026-02-06T02:53:28,mobile_wallet
TXN-0000093,STORE-009,PROD-00264,CUST-000721,2,163.32,15-08-2026,mobile_wallet
TXN-0000865,STORE-018,PROD-00254,CUST-000272,5,316.24,05-01-2026,cash
TXN-0003382,STORE-002,PROD-00253,CUST-000015,3,288.42,01-07-2026,mobile_wallet
TXN-0002665,STORE-008,PROD-00029,CUST-000134,4,235.83,02/12/2026 04:50,card
TXN-0002012,STORE-017,PROD-00239,CUST-000684,5,296.37,21-03-2026,card
TXN-0001452,STORE-005,SKU999999,CUST-000187,4,98.64,16-02-2026,card
TXN-0003181,STORE-002,PROD-00066,CUST-000584,2,175.34,20-04-2026,mobile_wallet
TXN-0002896,STORE-015,PROD-00011,CUST-000474,5,25.8,10/13/2025 12:29,card
TXN-0000492,STORE-021,PROD-00282,CUST-000351,1,311.97,2026-04-29T15:42:19,card
TXN-0004750,STORE-015,PROD-00107,CUST-000590,5,70.64,12-01-2026,cash
TXN-0001450,STORE-006,PROD-00036,CUST-000882,2,277.4,07-01-2026,card
TXN-0001710,STORE-005,PROD-00168,CUST-000345,5,290.99,15-07-2026,card
TXN-0002820,STORE-013,SKU000135,CUST-000884,5,288.86,04-05-2026,mobile_wallet
TXN-0003802,STORE-016,PROD-00274,CUST-000276,1,144.59,09/30/2025 03:28,mobile_wallet
TXN-0001064,STORE-005,PROD-00270,CUST-000647,3,191.88,18-08-2026,mobile_wallet
TXN-0000324,STORE-023,PROD-00086,CUST-000428,5,24.26,12-09-2025,cash
TXN-0000918,STORE-025,PROD-00100,CUST-000099,4,413.06,08-05-2026,mobile_wallet
TXN-0001003,STORE-003,SKU000106,CUST-000478,1,172.64,2025-09-02T06:26:41,mobile_wallet
TXN-0000002,STORE-018,PROD-00131,CUST-000476,5,154.11,24-09-2025,card
TXN-0000609,STORE-020,PROD-00099,CUST-000882,5,139.51,09-11-2025,mobile_wallet
TXN-0004405,STORE-020,PROD-00236,CUST-000887,1,47.02,08-11-2025,mobile_wallet
TXN-0003951,STORE-018,PROD-00198,CUST-000885,4,11.18,2026-07-08T10:40:51,card
TXN-0003373,STORE-010,PROD-00180,CUST-000342,3,73.62,11/07/2025 01:58,card
TXN-0000706,STORE-006,PROD-00123,CUST-000057,3,217.36,24-04-2026,card
TXN-0000307,STORE-005,PROD-00001,CUST-000555,2,50.1,02-02-2026,mobile_wallet
TXN-0002842,STORE-022,PROD-00152,CUST-000846,2,131.51,06/22/2026 12:16,card
TXN-0001080,STORE-011,PROD-00016,CUST-000391,4,50.67,2026-02-23T07:31:19,card
TXN-0002294,STORE-009,PROD-00007,CUST-000443,2,150.71,26-02-2026,card
TXN-0003755,STORE-024,PROD-00175,CUST-000784,5,215.19,2026-04-24T08:53:43,card
TXN-0002793,STORE-011,PROD-00257,CUST-000948,3,70.06,2026-01-09T21:31:13,card
TXN-0004816,STORE-020,PROD-00275,CUST-000694,5,320.55,26-06-2026,cash
TXN-0004248,STORE-011,PROD-00091,CUST-000480,5,98.64,2025-08-27T18:03:07,mobile_wallet
TXN-0003532,STORE-002,PROD-00211,CUST-000281,1,258.83,02/27/2026 16:49,card
TXN-0002508,STORE-011,PROD-00109,CUST-000434,2,121.34,02-11-2025,card
TXN-0000779,STORE-011,PROD-00189,CUST-000686,4,-371.6,2026-03-27T03:44:00,mobile_wallet
TXN-0003530,STORE-008,PROD-00260,CUST-000407,3,88.49,31-03-2026,cash
TXN-0004105,STORE-017,PROD-00242,CUST-000450,4,12.79,10-09-2025,card
TXN-0001421,STORE-012,PROD-00225,CUST-000748,2,372.01,2025-09-04T17:23:40,card
TXN-0002817,STORE-017,PROD-00091,CUST-000201,5,98.64,24-05-2026,card
TXN-0003460,STORE-004,PROD-00163,CUST-000314,3,414.19,08-09-2025,card
TXN-0004774,STORE-006,PROD-00226,CUST-000355,1,208.87,08-03-2026,cash
TXN-0000591,STORE-023,PROD-00298,CUST-000178,5,43.12,07/18/2026 04:44,cash
TXN-0002871,STORE-019,PROD-00065,CUST-000318,5,66.03,2026-08-10T13:27:54,mobile_wallet
TXN-0001729,STORE-003,PROD-00080,CUST-000472,1,189.59,2026-05-16T15:00:14,cash
TXN-0004834,STORE-016,PROD-00191,CUST-000393,4,177.43,12/11/2025 01:19,cash
TXN-0003868,STORE-005,PROD-00162,CUST-000292,2,101.72,10/12/2025 11:17,mobile_wallet
TXN-0004476,STORE-023,PROD-00174,CUST-000871,3,195.74,08-06-2026,card
TXN-0003686,STORE-024,PROD-00194,CUST-000450,5,137.35,18-04-2026,cash
TXN-0000308,STORE-007,PROD-00229,CUST-000175,3,238.08,01-10-2025,cash
TXN-0000562,STORE-021,PROD-00033,CUST-000441,4,182.35,11-10-2025,mobile_wallet
TXN-0000091,STORE-009,PROD-00040,CUST-000812,4,330.8,04/23/2026 21:13,cash
TXN-0004353,STORE-008,PROD-00272,CUST-000486,1,149.44,27-10-2025,mobile_wallet
TXN-0001243,STORE-008,PROD-00047,CUST-000137,2,239.67,07/28/2026 06:22,card
TXN-0003970,STORE-022,PROD-00046,CUST-000447,2,68.42,08-12-2025,card
TXN-0003931,STORE-012,PROD-00162,CUST-000252,1,101.72,2026-08-06T03:50:44,cash
TXN-0002780,STORE-003,PROD-00145,CUST-000268,4,210.66,31-12-2025,card
TXN-0004132,STORE-011,PROD-00014,CUST-000089,3,26.37,13-05-2026,cash
TXN-0000281,STORE-014,PROD-00017,CUST-000640,1,73.06,11/30/2025 19:50,cash
TXN-0000967,STORE-008,PROD-00184,CUST-000399,2,232.98,2026-03-18T05:52:35,mobile_wallet
TXN-0003094,STORE-002,PROD-00210,CUST-000128,1,163.54,06-08-2026,mobile_wallet
TXN-0000756,STORE-019,PROD-00057,CUST-000389,2,65.86,2026-03-11T12:36:49,card
TXN-0000156,STORE-017,PROD-00065,CUST-000459,2,66.03,04/09/2026 21:14,cash
TXN-0002758,STORE-019,PROD-00088,CUST-000826,5,250.66,21-05-2026,card
TXN-0002423,STORE-020,PROD-00089,CUST-000234,3,18.86,2026-07-11T15:38:18,cash
TXN-0002640,STORE-003,PROD-00142,CUST-000622,5,70.8,07/15/2026 22:25,mobile_wallet
TXN-0003828,STORE-012,PROD-00214,CUST-000352,1,53.88,04/22/2026 01:35,card
TXN-0004085,STORE-010,PROD-00271,CUST-000291,4,15.73,25-07-2026,cash
TXN-0004147,STORE-010,PROD-00105,CUST-000080,2,126.39,03/18/2026 00:56,cash
TXN-0004972,STORE-009,PROD-00174,CUST-000665,5,195.74,03/11/2026 15:04,card
TXN-0003724,STORE-021,PROD-00094,CUST-000656,4,215.98,06/30/2026 08:15,mobile_wallet
TXN-0000198,STORE-013,PROD-00093,CUST-000584,5,253.66,28-07-2026,cash
TXN-0003814,STORE-003,PROD-00229,CUST-000489,3,238.08,09/16/2025 14:54,card
TXN-0004885,STORE-013,PROD-00129,CUST-000115,3,159.98,09/20/2025 22:35,cash
TXN-0003908,STORE-013,PROD-00288,CUST-000827,4,112.73,2026-01-07T01:51:03,card
TXN-0001393,STORE-025,sku000116 ,CUST-000893,2,162.81,01/02/2026 02:17,card
TXN-0004550,STORE-001,PROD-00058,CUST-000854,3,230.62,14-10-2025,cash
TXN-0004048,STORE-003,PROD-00028,CUST-000960,1,282.23,2026-07-19T14:36:48,card
TXN-0000888,STORE-022,PROD-00147,CUST-000017,4,80.88,2026-02-15T23:37:48,cash
TXN-0000789,STORE-005,PROD-00202,CUST-000092,3,87.32,2026-07-02T01:48:01,mobile_wallet
TXN-0000066,STORE-024,PROD-00033,CUST-000355,5,182.35,06/12/2026 16:54,mobile_wallet
TXN-0003029,STORE-001,PROD-00069,CUST-000154,0,201.76,19-12-2025,card
TXN-0000495,STORE-019,PROD-00268,CUST-000724,5,159.92,2025-12-24T03:31:40,mobile_wallet
TXN-0004979,STORE-016,PROD-00174,CUST-000599,1,195.74,2026-06-20T11:56:13,mobile_wallet
TXN-0003770,STORE-015,PROD-00241,CUST-000087,2,7.24,13-06-2026,cash
TXN-0002081,STORE-022,PROD-00201,CUST-000762,4,167.96,2025-12-19T10:53:52,mobile_wallet
TXN-0001351,STORE-021,PROD-00240,CUST-000734,2,100.07,02/22/2026 16:19,cash
TXN-0004604,STORE-008,PROD-00005,CUST-000835,5,93.78,11/29/2025 02:51,cash
TXN-0002428,STORE-022,PROD-00152,CUST-000553,1,131.51,11/22/2025 13:29,mobile_wallet
TXN-0002220,STORE-010,PROD-00017,CUST-000814,1,73.06,03/30/2026 15:56,mobile_wallet
TXN-0002110,STORE-004,PROD-00023,CUST-000905,1,206.36,27-07-2026,card
TXN-0003762,STORE-018,PROD-00024,CUST-000714,2,131.49,2025-10-01T12:45:55,card
TXN-0003068,STORE-012,PROD-00216,CUST-000822,5,188.81,02/03/2026 14:48,mobile_wallet
TXN-0002135,STORE-014,PROD-00017,CUST-000152,3,73.06,01-08-2026,cash
TXN-0003487,STORE-008,PROD-00090,CUST-000055,5,197.2,2026-07-15T21:05:49,mobile_wallet
TXN-0000034,STORE-024,SKU000003,CUST-000968,1,283.27,15-01-2026,cash
TXN-0003799,STORE-012,PROD-00292,CUST-000332,2,228.17,2025-12-24T02:59:22,card
TXN-0002464,STORE-020,PROD-00225,CUST-000254,4,372.01,06-06-2026,mobile_wallet
TXN-0004000,STORE-005,PROD-00028,CUST-000702,2,282.23,2026-08-13T23:34:25,cash
TXN-0004531,STORE-011,PROD-00026,CUST-000165,1,57.84,02-09-2025,cash
TXN-0003026,STORE-005,PROD-00205,CUST-000717,2,27.76,2026-04-02T21:24:07,card
TXN-0004781,STORE-012,PROD-00233,CUST-000307,5,381.82,2026-01-27T05:15:55,mobile_wallet
TXN-0004074,STORE-022,PROD-00145,CUST-000198,3,210.66,05/22/2026 01:52,cash
TXN-0000490,STORE-010,PROD-00015,CUST-000781,4,287.92,11/02/2025 10:14,mobile_wallet
TXN-0002269,STORE-004,PROD-00272,CUST-000858,1,149.44,19-01-2026,mobile_wallet
TXN-0001238,STORE-014,PROD-00056,CUST-000726,3,405.5,2025-10-17T18:07:24,card
TXN-0001833,STORE-006,PROD-00043,CUST-000333,5,98.85,11/06/2025 00:11,card
TXN-0001009,STORE-016,PROD-00137,CUST-000623,5,278.35,26-08-2025,card
TXN-0003440,STORE-006,PROD-00030,CUST-000715,2,142.56,11/28/2025 13:28,mobile_wallet
TXN-0004133,STORE-023,PROD-00069,CUST-000898,1,201.76,08/26/2025 05:20,cash
TXN-0002276,STORE-014,PROD-00116,CUST-000603,-3,162.81,2025-09-28T13:57:13,cash
TXN-0004795,STORE-008,PROD-00021,CUST-000856,5,130.87,2026-05-01T06:15:23,mobile_wallet
TXN-0001117,STORE-015,PROD-00040,CUST-000187,1,330.8,06/06/2026 11:14,mobile_wallet
TXN-0002193,STORE-004,PROD-00031,CUST-000785,5,-283.68,2026-03-29T02:01:17,cash
TXN-0002288,STORE-025,PROD-00138,CUST-000404,3,56.89,2026-01-24T02:32:36,cash
TXN-0003437,STORE-015,sku000275 ,CUST-000237,5,320.55,18-08-2026,card
TXN-0004812,STORE-011,PROD-00157,CUST-000621,4,-141.14,25-05-2026,mobile_wallet
TXN-0004220,STORE-024,PROD-00251,CUST-000806,5,304.44,09/12/2025 15:07,mobile_wallet
TXN-0002691,STORE-004,PROD-00034,CUST-000151,1,134.98,17-12-2025,cash
TXN-0000443,STORE-007,PROD-00158,CUST-000546,2,8.9,2026-06-14T11:45:50,card
TXN-0004701,STORE-024,PROD-00164,CUST-000688,5,231.45,2026-06-03T01:08:55,mobile_wallet
TXN-0001105,STORE-014,PROD-00274,CUST-000253,5,144.59,11/22/2025 21:05,card
TXN-0004226,STORE-018,PROD-00010,CUST-000264,4,96.14,2025-11-24T04:54:04,mobile_wallet
TXN-0003749,STORE-001,PROD-00041,CUST-000407,2,40.95,25-08-2025,card
TXN-0003614,STORE-002,PROD-00099,CUST-000581,1,139.51,07/03/2026 02:15,mobile_wallet
TXN-0002090,STORE-021,PROD-00125,CUST-000902,4,373.21,2026-04-08T05:29:46,mobile_wallet
TXN-0000161,STORE-025,PROD-00268,CUST-000184,2,159.92,2025-09-17T17:53:51,mobile_wallet
TXN-0004012,STORE-014,PROD-00071,CUST-000822,2,133.13,02/12/2026 05:59,mobile_wallet
TXN-0003038,STORE-009,PROD-00114,CUST-000568,3,3.79,18-07-2026,mobile_wallet
TXN-0000523,STORE-013,PROD-00259,CUST-000282,3,172.49,2025-09-06T21:22:52,mobile_wallet
TXN-0000579,STORE-001,PROD-00186,CUST-000018,4,-108.59,09-02-2026,card
TXN-0000620,STORE-019,PROD-00138,CUST-000901,1,56.89,2025-12-09T16:45:48,cash
TXN-0001017,STORE-001,PROD-00148,CUST-000238,1,322.32,03-06-2026,cash
TXN-0001374,STORE-012,PROD-00052,CUST-000871,2,403.8,2025-10-22T13:14:39,cash
TXN-0003853,STORE-001,PROD-00156,CUST-000773,2,356.66,13-02-2026,mobile_wallet
TXN-0000610,STORE-016,PROD-00097,CUST-000903,5,5.72,23-01-2026,card
TXN-0003756,STORE-012,PROD-00294,CUST-000512,5,125.57,2026-08-21T17:05:36,mobile_wallet
TXN-0003723,STORE-012,PROD-00271,CUST-000751,0,15.73,16-04-2026,mobile_wallet
TXN-0004227,STORE-019,PROD-00111,CUST-000741,3,15.96,02/08/2026 00:55,mobile_wallet
TXN-0004822,STORE-010,PROD-00251,CUST-000080,1,304.44,03/08/2026 01:03,mobile_wallet
TXN-0003624,STORE-004,PROD-00294,CUST-000350,5,125.57,03/16/2026 12:12,cash
TXN-0000366,STORE-006,PROD-00190,CUST-000503,4,244.93,2025-09-04T03:51:14,card
TXN-0001708,STORE-022,sku000085 ,CUST-000719,4,188.57,07/08/2026 11:25,mobile_wallet
TXN-0001102,STORE-020,PROD-00014,CUST-000944,3,26.37,18-12-2025,card
TXN-0000809,STORE-007,PROD-00073,CUST-000283,2,41.57,09/04/2025 03:21,cash
TXN-0000459,STORE-007,PROD-00187,CUST-000920,3,300.08,01/03/2026 10:39,card
TXN-0000654,STORE-020,PROD-00053,CUST-000159,1,209.68,25-07-2026,card
TXN-0001734,STORE-016,PROD-00200,CUST-000399,4,88.0,14-02-2026,cash
TXN-0004341,STORE-022,PROD-00252,CUST-000899,3,86.28,11/13/2025 14:01,cash
TXN-0003298,STORE-011,PROD-00043,CUST-000401,1,98.85,2026-03-16T19:46:04,cash
TXN-0004439,STORE-016,PROD-00290,CUST-000044,2,322.63,2026-03-31T18:23:07,cash
TXN-0004771,STORE-025,PROD-00112,CUST-000160,2,196.87,01/27/2026 17:21,card
TXN-0001370,STORE-022,PROD-00078,CUST-000934,2,62.45,2026-06-22T02:38:40,card
TXN-0004534,STORE-019,PROD-00096,CUST-000749,5,221.49,02/07/2026 11:04,cash
TXN-0000217,STORE-009,PROD-00125,CUST-000040,4,373.21,2026-07-24T09:44:40,card
TXN-0000811,STORE-015,PROD-00084,CUST-000026,1,147.66,26-12-2025,card
TXN-0001861,STORE-019,PROD-00270,CUST-000999,3,191.88,12-07-2026,card
TXN-0003778,STORE-013,PROD-00086,CUST-000571,2,24.26,2026-07-19T10:36:16,card
TXN-0002766,STORE-025,PROD-00208,CUST-000053,3,270.9,2026-02-12T10:27:45,mobile_wallet
TXN-0003992,STORE-002,PROD-00157,CUST-001000,4,141.14,2026-06-17T10:38:14,cash
TXN-0003167,STORE-021,SKU000003,CUST-000414,4,283.27,30-08-2025,cash
TXN-0002409,STORE-009,PROD-00199,CUST-000756,2,49.88,2025-11-01T12:49:20,card
TXN-0001026,STORE-016,PROD-00073,CUST-000226,1,41.57,02/03/2026 07:58,cash
TXN-0002134,STORE-011,PROD-00120,CUST-000866,3,305.8,12/17/2025 17:36,card
TXN-0003907,STORE-010,SKU000099,CUST-000968,4,139.51,05-12-2025,mobile_wallet
TXN-0000823,STORE-012,PROD-00225,CUST-000211,4,372.01,01/27/2026 13:29,mobile_wallet
TXN-0002397,STORE-024,PROD-00280,CUST-000452,1,30.75,07-07-2026,mobile_wallet
TXN-0000310,STORE-010,PROD-00066,CUST-000440,1,175.34,2026-03-18T17:13:38,card
TXN-0001488,STORE-013,PROD-00293,CUST-000929,3,146.52,17-12-2025,card
TXN-0003574,STORE-013,PROD-00292,CUST-000378,2,228.17,07/08/2026 09:24,cash
TXN-0002406,STORE-002,PROD-00038,CUST-000740,4,261.73,26-06-2026,card
TXN-0003982,STORE-025,PROD-00054,CUST-000540,3,267.97,07/01/2026 20:21,cash
TXN-0000358,STORE-002,PROD-00019,CUST-000783,3,114.13,2026-04-07T01:36:40,card
TXN-0001500,STORE-024,PROD-00089,CUST-000995,5,18.86,10-09-2025,card
TXN-0004733,STORE-001,PROD-00059,CUST-000353,2,-138.3,2026-06-26T17:27:01,card
TXN-0003008,STORE-013,PROD-00267,CUST-000012,5,271.24,08-03-2026,cash
TXN-0004677,STORE-015,PROD-00265,CUST-000963,1,47.36,23-04-2026,mobile_wallet
TXN-0000767,STORE-021,PROD-00165,CUST-000819,3,131.68,26-11-2025,cash
TXN-0001569,STORE-003,PROD-00080,CUST-000977,2,189.59,08/21/2026 21:31,card
TXN-0000144,STORE-023,PROD-00204,CUST-000908,2,220.1,07/15/2026 09:23,mobile_wallet
TXN-0000103,STORE-018,PROD-00020,CUST-000985,5,55.46,22-08-2026,card
TXN-0001765,STORE-018,PROD-00243,CUST-000956,5,190.7,26-01-2026,card
TXN-0004044,STORE-017,PROD-00001,CUST-000124,4,50.1,04/15/2026 10:05,card
TXN-0003739,STORE-005,SKU000155,CUST-000396,3,266.89,16-08-2026,cash
TXN-0001635,STORE-018,PROD-00089,CUST-000682,5,18.86,22-10-2025,card
TXN-0000617,STORE-004,PROD-00193,CUST-000070,1,70.07,24-06-2026,card
TXN-0002445,STORE-014,PROD-00274,CUST-000109,2,144.59,2026-03-22T08:12:38,card
TXN-0003299,STORE-001,PROD-00078,CUST-000311,1,62.45,10/26/2025 19:32,mobile_wallet
TXN-0004942,STORE-008,PROD-00024,CUST-000972,-3,131.49,2025-12-14T04:08:35,cash
TXN-0001303,STORE-023,PROD-00176,CUST-000235,4,122.92,01/08/2026 06:46,mobile_wallet
TXN-0000710,STORE-013,PROD-00176,CUST-000107,2,-122.92,2025-10-16T10:18:13,mobile_wallet
TXN-0003763,STORE-005,PROD-00117,CUST-000240,5,-15.6,08/22/2026 04:19,mobile_wallet
TXN-0002414,STORE-001,PROD-00139,CUST-000212,0,109.66,06/19/2026 04:23,mobile_wallet
TXN-0002238,STORE-024,PROD-00036,CUST-000871,1,277.4,02/12/2026 01:27,mobile_wallet
TXN-0002387,STORE-005,PROD-00120,CUST-000922,1,305.8,2026-06-07T08:56:29,card
TXN-0002883,STORE-005,PROD-00213,CUST-000739,2,158.8,2026-06-11T17:15:58,mobile_wallet
TXN-0001408,STORE-019,PROD-00249,CUST-000049,4,70.32,12/12/2025 21:07,card
TXN-0003196,STORE-017,PROD-00109,CUST-000940,1,121.34,08/12/2026 20:46,mobile_wallet
TXN-0000519,STORE-008,PROD-00231,CUST-000401,3,101.96,2026-03-21T05:37:47,card
TXN-0000380,STORE-013,PROD-00233,CUST-000897,3,381.82,19-04-2026,cash
TXN-0001185,STORE-018,PROD-00108,CUST-000652,4,196.31,31-05-2026,card
TXN-0001094,STORE-008,PROD-00183,CUST-000716,4,103.14,20-08-2026,cash
TXN-0002019,STORE-016,PROD-00296,CUST-000469,1,246.02,2026-08-19T12:45:41,mobile_wallet
TXN-0002178,STORE-019,PROD-00003,CUST-000007,3,283.27,12/11/2025 16:05,cash
TXN-0001633,STORE-017,PROD-00137,CUST-000027,1,278.35,01/11/2026 04:41,card
TXN-0002879,STORE-002,PROD-00092,CUST-000654,2,35.56,02-06-2026,mobile_wallet
TXN-0000148,STORE-025,PROD-00262,CUST-000822,4,330.85,06/20/2026 17:40,cash
TXN-0004889,STORE-015,PROD-00260,CUST-000666,5,88.49,2026-02-09T04:33:05,mobile_wallet
TXN-0002552,STORE-007,PROD-00163,CUST-000054,1,414.19,2026-04-11T04:40:59,cash
TXN-0000641,STORE-014,PROD-00166,CUST-000975,3,249.26,07/21/2026 19:32,cash
TXN-0001492,STORE-014,PROD-00022,CUST-000280,5,30.81,2025-09-20T17:36:34,mobile_wallet
TXN-0003960,STORE-015,PROD-00234,CUST-000661,3,218.66,11-07-2026,card
TXN-0002039,STORE-023,PROD-00004,CUST-000569,3,105.24,2025-10-11T21:46:53,mobile_wallet
TXN-0003234,STORE-001,SKU000141,CUST-000179,4,312.06,01/03/2026 23:53,cash
TXN-0002687,STORE-019,PROD-00069,CUST-000314,3,201.76,2025-12-11T10:48:59,cash
TXN-0000046,STORE-013,PROD-00025,CUST-000434,4,233.72,04-12-2025,cash
TXN-0003267,STORE-013,PROD-00053,CUST-000656,5,209.68,06/20/2026 08:49,card
TXN-0002999,STORE-025,sku000105 ,CUST-000460,4,126.39,29-04-2026,card
TXN-0000489,STORE-022,PROD-00083,CUST-000769,5,243.21,2026-05-12T09:53:27,card
TXN-0004637,STORE-019,PROD-00204,CUST-000659,5,220.1,2026-07-24T06:35:14,cash
TXN-0000452,STORE-008,PROD-00110,CUST-000765,4,33.91,2026-01-10T12:31:53,cash
TXN-0001675,STORE-012,PROD-00118,CUST-000797,3,265.0,16-09-2025,mobile_wallet
TXN-0003712,STORE-021,PROD-00233,CUST-000152,2,381.82,11/02/2025 10:26,card
TXN-0001525,STORE-022,PROD-00170,CUST-000793,1,204.4,2025-12-15T05:25:09,card
TXN-0001361,STORE-006,SKU000064,CUST-000082,5,103.31,2025-10-05T23:27:35,card
TXN-0003301,STORE-007,PROD-00285,CUST-000157,2,198.44,31-01-2026,card
TXN-0001215,STORE-005,PROD-00091,CUST-000356,1,98.64,2026-05-05T11:07:51,cash
TXN-0003717,STORE-010,PROD-00175,CUST-000643,2,215.19,04-09-2025,cash
TXN-0002771,STORE-002,PROD-00146,CUST-000746,1,128.46,2025-09-22T16:51:48,mobile_wallet
TXN-0002286,STORE-013,PROD-00271,CUST-000761,1,15.73,10/13/2025 22:25,cash
TXN-0003836,STORE-001,PROD-00173,CUST-000076,1,124.21,2025-11-08T12:03:57,mobile_wallet
TXN-0003865,STORE-017,PROD-00231,CUST-000409,3,101.96,03/19/2026 02:19,card
TXN-0000916,STORE-019,PROD-00138,CUST-000072,5,56.89,08/30/2025 10:49,card
TXN-0000475,STORE-010,PROD-00034,CUST-000530,1,-134.98,12/06/2025 23:28,card
TXN-0000766,STORE-022,PROD-00232,CUST-000755,4,179.91,2026-07-13T19:04:06,mobile_wallet
TXN-0000919,STORE-014,PROD-00050,CUST-000878,5,73.61,2026-07-25T22:17:31,card
TXN-0001856,STORE-003,PROD-00012,CUST-000267,4,272.48,04/08/2026 08:24,cash
TXN-0001364,STORE-013,PROD-00009,CUST-000854,4,229.81,02/05/2026 05:37,cash
TXN-0004839,STORE-006,PROD-00142,CUST-000600,1,70.8,12-11-2025,cash
TXN-0002128,STORE-003,PROD-00066,CUST-000175,2,175.34,06/19/2026 04:16,cash
TXN-0000983,STORE-020,PROD-00210,CUST-000301,5,163.54,2026-06-12T07:02:17,cash
TXN-0002971,STORE-011,PROD-00148,CUST-000611,2,-322.32,2026-01-24T10:19:29,card
TXN-0003741,STORE-019,PROD-00118,CUST-000404,2,265.0,2025-09-05T16:29:08,cash
TXN-0001498,STORE-007,PROD-00212,CUST-000815,2,171.06,08-11-2025,cash
TXN-0000050,STORE-014,PROD-00194,CUST-000149,3,137.35,12-11-2025,cash
TXN-0003990,STORE-014,SKU000294,CUST-000654,3,125.57,18-06-2026,card
TXN-0001911,STORE-010,PROD-00143,CUST-000963,5,370.32,2026-01-14T22:48:54,cash
TXN-0002528,STORE-001,PROD-00006,CUST-000627,5,82.96,29-10-2025,mobile_wallet
TXN-0001780,STORE-017,PROD-00199,CUST-000752,3,49.88,24-02-2026,cash
TXN-0002051,STORE-001,PROD-00101,CUST-000909,5,102.13,02-04-2026,mobile_wallet
TXN-0000683,STORE-003,PROD-00280,CUST-000886,3,30.75,2025-08-24T19:18:18,cash
TXN-0000917,STORE-003,PROD-00025,CUST-000099,0,233.72,12/12/2025 21:46,mobile_wallet
TXN-0002855,STORE-013,PROD-00197,CUST-000028,1,58.81,03-12-2025,mobile_wallet
TXN-0004438,STORE-013,PROD-00168,CUST-000432,3,290.99,02/11/2026 06:53,cash
TXN-0003377,STORE-005,PROD-00198,CUST-000880,1,11.18,12/04/2025 05:54,cash
TXN-0002316,STORE-017,PROD-00098,CUST-000245,5,-258.04,08/10/2026 05:47,cash
TXN-0003451,STORE-002,PROD-00138,CUST-000762,1,56.89,2025-11-25T14:14:30,card
TXN-0004914,STORE-024,PROD-00183,CUST-000650,1,103.14,2026-01-24T22:45:18,cash
TXN-0002570,STORE-005,PROD-00286,CUST-000728,4,118.06,03-12-2025,cash
TXN-0000643,STORE-013,SKU000162,CUST-000645,2,101.72,2025-10-27T19:28:54,mobile_wallet
TXN-0001138,STORE-005,PROD-00261,CUST-000113,1,132.7,03-04-2026,cash
TXN-0004507,STORE-025,PROD-00051,CUST-000875,4,248.42,2026-02-21T12:40:11,mobile_wallet
TXN-0002601,STORE-002,PROD-00230,CUST-000075,5,29.05,14-01-2026,cash
TXN-0000960,STORE-017,PROD-00192,CUST-000369,5,57.16,06-01-2026,cash
TXN-0001329,STORE-017,PROD-00110,CUST-000438,3,33.91,2025-11-11T12:22:01,mobile_wallet
TXN-0000018,STORE-016,PROD-00067,CUST-000006,1,234.05,2026-02-18T20:32:28,cash
TXN-0004573,STORE-012,PROD-00152,CUST-000786,2,131.51,2026-01-16T13:09:08,cash
TXN-0001323,STORE-021,PROD-00100,CUST-000826,5,413.06,01/12/2026 02:51,cash
TXN-0003925,STORE-020,PROD-00246,CUST-000514,1,295.15,2025-09-23T04:50:02,mobile_wallet
TXN-0001784,STORE-023,PROD-00128,CUST-000941,1,102.36,2026-08-06T10:35:14,mobile_wallet
TXN-0002715,STORE-018,PROD-00292,CUST-000054,1,228.17,01/11/2026 02:11,card
TXN-0003514,STORE-023,PROD-00076,CUST-000601,4,27.66,01/18/2026 12:39,card
TXN-0001770,STORE-004,PROD-00052,CUST-000196,1,403.8,01/09/2026 14:03,card
TXN-0000228,STORE-020,PROD-00162,CUST-000172,5,101.72,02/18/2026 20:31,mobile_wallet
TXN-0000634,STORE-003,PROD-00184,CUST-000651,5,232.98,2026-01-29T19:30:46,card
TXN-0003289,STORE-022,PROD-00179,CUST-000146,4,120.71,04/29/2026 07:01,cash
TXN-0000384,STORE-017,PROD-00045,CUST-000210,4,122.63,06/11/2026 19:04,cash
TXN-0000928,STORE-015,PROD-00132,CUST-000252,2,131.99,10/29/2025 15:28,card
TXN-0001931,STORE-025,PROD-00225,CUST-000314,4,372.01,22-07-2026,card
TXN-0003761,STORE-005,PROD-00248,CUST-000307,1,31.77,29-01-2026,card
TXN-0000121,STORE-003,PROD-00036,CUST-000631,5,277.4,20-03-2026,cash
TXN-0001055,STORE-024,PROD-00073,CUST-000484,2,41.57,20-08-2026,card
TXN-0000974,STORE-006,SKU000280,CUST-000645,5,30.75,2026-02-08T12:36:07,mobile_wallet
TXN-0000265,STORE-018,PROD-00219,CUST-000893,1,192.5,17-08-2026,cash
TXN-0003212,STORE-004,PROD-00175,CUST-000281,4,215.19,07/08/2026 17:50,mobile_wallet
TXN-0000757,STORE-014,PROD-00133,CUST-000522,4,372.3,09-12-2025,card
TXN-0004239,STORE-024,PROD-00111,CUST-000546,4,15.96,04/26/2026 10:39,card
TXN-0001438,STORE-020,PROD-00015,CUST-000796,4,287.92,2026-07-09T14:28:42,cash
TXN-0002912,STORE-018,PROD-00038,CUST-000959,0,261.73,01-08-2026,cash
TXN-0000441,STORE-020,PROD-00227,CUST-000445,5,38.54,09-07-2026,cash
TXN-0001601,STORE-017,PROD-00022,CUST-000821,2,30.81,25-12-2025,card
TXN-0003980,STORE-016,PROD-00267,CUST-001000,5,271.24,2025-10-31T17:02:51,mobile_wallet
TXN-0002541,STORE-012,PROD-00221,CUST-000649,3,89.36,28-10-2025,cash
TXN-0004391,STORE-018,PROD-00121,CUST-000215,1,360.88,08/16/2026 09:03,mobile_wallet
TXN-0000837,STORE-017,PROD-00102,CUST-000487,5,281.32,08/29/2025 17:25,card
TXN-0004789,STORE-024,PROD-00087,CUST-000860,3,347.77,2026-04-03T07:03:12,card
TXN-0004020,STORE-008,PROD-00100,CUST-000475,2,413.06,2026-04-16T15:43:15,mobile_wallet
TXN-0002099,STORE-009,PROD-00254,CUST-000359,1,316.24,08-02-2026,card
TXN-0001915,STORE-005,SKU000230,CUST-000057,4,29.05,2026-07-14T14:48:03,mobile_wallet
TXN-0001573,STORE-003,PROD-00213,CUST-000584,1,158.8,2025-11-21T20:39:55,mobile_wallet
TXN-0001159,STORE-025,PROD-00113,CUST-000004,3,188.3,2025-11-07T10:47:45,mobile_wallet
TXN-0003239,STORE-023,PROD-00296,CUST-000704,3,246.02,07/24/2026 22:14,mobile_wallet
TXN-0001715,STORE-006,PROD-00042,CUST-000049,5,3.53,2026-05-24T13:23:38,cash
TXN-0004275,STORE-013,PROD-00180,CUST-000096,4,73.62,2026-01-14T14:13:34,card
TXN-0000517,STORE-005,PROD-00254,CUST-000014,4,316.24,01/09/2026 22:57,mobile_wallet
TXN-0004560,STORE-008,PROD-00026,CUST-000090,2,57.84,29-03-2026,card
TXN-0004999,STORE-017,PROD-00039,CUST-000900,2,183.97,15-07-2026,card
TXN-0001725,STORE-003,PROD-00146,CUST-000998,4,128.46,02-12-2025,mobile_wallet
TXN-0003946,STORE-007,PROD-00025,CUST-000610,0,233.72,2026-08-16T12:02:11,cash
TXN-0003630,STORE-025,PROD-00288,CUST-000734,1,112.73,2025-10-22T14:26:53,mobile_wallet
TXN-0001305,STORE-023,PROD-00289,CUST-000196,3,265.35,28-05-2026,mobile_wallet
TXN-0002886,STORE-022,PROD-00123,CUST-000013,2,217.36,2026-05-03T15:27:04,cash
TXN-0002354,STORE-007,PROD-00113,CUST-000198,1,188.3,01/08/2026 05:21,mobile_wallet
TXN-0003215,STORE-025,PROD-00001,CUST-000950,3,50.1,2026-02-20T10:34:52,mobile_wallet
TXN-0004813,STORE-011,PROD-00001,CUST-000141,4,50.1,09-12-2025,mobile_wallet
TXN-0004465,STORE-003,SKU000066,CUST-000848,5,175.34,05-06-2026,cash
TXN-0000295,STORE-025,PROD-00041,CUST-000813,4,40.95,18-10-2025,cash
TXN-0001010,STORE-007,PROD-00182,CUST-000566,2,92.63,01/12/2026 14:54,card
TXN-0001278,STORE-010,PROD-00272,CUST-000416,3,149.44,10/04/2025 00:43,card
TXN-0002858,STORE-018,PROD-00165,CUST-000002,4,131.68,11-09-2025,cash
TXN-0000590,STORE-010,PROD-00064,CUST-000993,5,103.31,2026-04-21T04:07:38,mobile_wallet
TXN-0003459,STORE-009,PROD-00134,CUST-000135,1,58.95,21-12-2025,cash
TXN-0003535,STORE-024,PROD-00291,CUST-000580,4,387.67,2026-08-03T03:46:34,mobile_wallet
TXN-0000688,STORE-024,PROD-00117,CUST-000804,2,15.6,21-06-2026,cash
TXN-0004988,STORE-013,PROD-00213,CUST-000731,2,158.8,07/22/2026 01:26,card
TXN-0001629,STORE-019,PROD-00083,CUST-000952,2,243.21,04-03-2026,cash
TXN-0001892,STORE-017,PROD-00234,CUST-000708,3,218.66,11-07-2026,cash
TXN-0001668,STORE-018,SKU000195,CUST-000891,3,66.89,01/09/2026 13:45,mobile_wallet
TXN-0001996,STORE-022,SKU000233,CUST-000014,5,381.82,2025-11-18T10:40:57,mobile_wallet
TXN-0000413,STORE-001,PROD-00155,CUST-000394,4,266.89,11/30/2025 02:23,cash
TXN-0002577,STORE-019,PROD-00070,CUST-000384,3,267.33,12-09-2025,card
TXN-0002244,STORE-002,PROD-00086,CUST-000865,2,24.26,23-12-2025,card
TXN-0002097,STORE-008,PROD-00096,CUST-000766,1,221.49,23-07-2026,card
TXN-0003209,STORE-002,PROD-00095,CUST-000677,4,165.36,2026-07-27T23:34:37,mobile_wallet
TXN-0001205,STORE-010,PROD-00243,CUST-000592,5,190.7,01-10-2025,card
TXN-0000097,STORE-006,PROD-00076,CUST-000636,3,27.66,10/29/2025 17:43,mobile_wallet
TXN-0004346,STORE-007,PROD-00117,CUST-000358,1,15.6,12/11/2025 09:39,cash
TXN-0004337,STORE-015,PROD-00067,CUST-000491,4,234.05,01/05/2026 14:17,card
TXN-0000645,STORE-003,PROD-00169,CUST-000337,1,262.44,2025-10-27T03:53:23,mobile_wallet
TXN-0004960,STORE-016,PROD-00004,CUST-000487,2,105.24,21-02-2026,cash
TXN-0000731,STORE-010,PROD-00213,CUST-000661,1,158.8,03/21/2026 21:43,card
TXN-0001211,STORE-001,PROD-00258,CUST-000550,5,46.18,30-07-2026,cash
TXN-0001682,STORE-004,PROD-00092,CUST-000114,4,35.56,2026-07-02T07:53:15,card
TXN-0003576,STORE-021,SKU000072,CUST-000256,3,73.06,08-04-2026,mobile_wallet
TXN-0003942,STORE-020,PROD-00083,CUST-000853,4,243.21,11/28/2025 03:41,cash
TXN-0000873,STORE-009,PROD-00113,CUST-000718,2,-188.3,09-08-2026,mobile_wallet
TXN-0004682,STORE-014,PROD-00028,CUST-000393,3,282.23,10/12/2025 07:39,mobile_wallet
TXN-0001799,STORE-017,PROD-00255,CUST-000056,1,-31.8,14-09-2025,mobile_wallet
TXN-0004857,STORE-021,PROD-00003,CUST-000459,4,283.27,2025-10-13T06:47:34,mobile_wallet
TXN-0001920,STORE-012,PROD-00088,CUST-000808,4,250.66,2025-11-21T20:49:05,cash
TXN-0002358,STORE-022,PROD-00237,CUST-000852,2,56.05,2025-12-06T17:01:29,cash
TXN-0001835,STORE-011,PROD-00077,CUST-000138,4,466.02,05-05-2026,mobile_wallet
TXN-0000638,STORE-003,PROD-00066,CUST-000107,2,175.34,2025-11-04T07:32:56,mobile_wallet
TXN-0002894,STORE-025,PROD-00196,CUST-000824,2,190.23,2026-07-19T05:59:45,card
TXN-0003881,STORE-019,PROD-00247,CUST-000022,3,30.45,2025-09-22T02:23:15,cash
TXN-0000003,STORE-023,PROD-00011,CUST-000845,1,25.8,17-01-2026,cash
TXN-0004110,STORE-021,PROD-00232,CUST-000761,1,179.91,11/25/2025 01:59,mobile_wallet
TXN-0003364,STORE-001,PROD-00288,CUST-000719,1,112.73,10/09/2025 02:55,card
TXN-0004139,STORE-020,PROD-00198,CUST-000974,3,11.18,09-12-2025,mobile_wallet
TXN-0001905,STORE-019,PROD-00271,CUST-000065,3,15.73,06/22/2026 04:53,card
TXN-0002025,STORE-019,PROD-00019,CUST-000301,2,114.13,06-01-2026,card
TXN-0001626,STORE-023,PROD-00269,CUST-000716,3,340.17,01/15/2026 00:22,card
TXN-0004786,STORE-015,PROD-00265,CUST-000077,3,47.36,02-06-2026,card
TXN-0000408,STORE-016,PROD-00134,CUST-000804,3,58.95,2025-11-03T14:16:13,card
TXN-0004728,STORE-012,PROD-00195,CUST-000154,1,66.89,06/02/2026 04:45,cash
TXN-0000496,STORE-011,PROD-00063,CUST-000638,3,222.33,29-09-2025,mobile_wallet
TXN-0004198,STORE-017,SKU000124,CUST-000979,3,410.1,21-09-2025,cash
TXN-0004480,STORE-017,PROD-00171,CUST-000034,1,389.02,29-05-2026,card
TXN-0003905,STORE-009,PROD-00099,CUST-000611,3,139.51,05-01-2026,mobile_wallet
TXN-0003254,STORE-018,sku000130 ,CUST-000638,2,93.35,05/31/2026 04:10,cash
TXN-0004083,STORE-023,PROD-00223,CUST-000657,4,244.67,02-08-2026,mobile_wallet
TXN-0003262,STORE-002,PROD-00277,CUST-000985,2,72.79,29-12-2025,mobile_wallet
TXN-0003819,STORE-012,sku000275 ,CUST-000238,1,320.55,04/04/2026 00:58,mobile_wallet
TXN-0003449,STORE-007,PROD-00253,CUST-000342,2,288.42,12-06-2026,card
TXN-0002943,STORE-022,PROD-00246,CUST-000806,2,295.15,07/16/2026 05:05,cash
TXN-0000920,STORE-019,PROD-00196,CUST-000811,1,190.23,08/05/2026 00:24,card
TXN-0004195,STORE-019,PROD-00029,CUST-000070,3,235.83,2025-10-16T01:01:18,mobile_wallet
TXN-0004243,STORE-016,PROD-00205,CUST-000309,3,27.76,26-08-2025,card
TXN-0000438,STORE-017,PROD-00112,CUST-000552,2,196.87,28-01-2026,mobile_wallet
TXN-0002602,STORE-014,PROD-00164,CUST-000613,2,231.45,2026-06-15T19:49:12,card
TXN-0000009,STORE-001,PROD-00121,CUST-000250,1,360.88,24-05-2026,cash
TXN-0001644,STORE-011,PROD-00275,CUST-000837,3,320.55,04/12/2026 22:57,cash
TXN-0004832,STORE-003,SKU000119,CUST-000777,1,221.95,08/29/2025 00:24,cash
TXN-0001327,STORE-006,PROD-00254,CUST-000495,1,316.24,2025-10-09T06:57:29,cash
TXN-0003095,STORE-001,PROD-00290,CUST-000600,1,322.63,2026-07-31T03:01:26,card
TXN-0004835,STORE-012,PROD-00024,CUST-000611,-3,131.49,04/12/2026 10:27,mobile_wallet
TXN-0004214,STORE-009,PROD-00167,CUST-000150,4,331.85,2026-03-12T06:11:53,cash
TXN-0003170,STORE-018,PROD-00118,CUST-000994,2,265.0,01/09/2026 20:11,card
TXN-0003259,STORE-020,PROD-00075,CUST-000191,3,374.2,04-05-2026,card
TXN-0000226,STORE-001,PROD-00239,CUST-000736,1,296.37,08-01-2026,cash
TXN-0002418,STORE-012,PROD-00082,CUST-000828,5,208.22,09/08/2025 14:19,cash
TXN-0003037,STORE-005,PROD-00017,CUST-000135,1,73.06,26-07-2026,mobile_wallet
TXN-0001453,STORE-010,PROD-00160,CUST-000809,1,168.5,02-12-2025,card
TXN-0000586,STORE-013,PROD-00276,CUST-000275,2,193.7,2026-04-02T14:22:25,card
TXN-0002405,STORE-012,PROD-00121,CUST-000169,5,360.88,21-03-2026,card
TXN-0000769,STORE-016,PROD-00220,CUST-000221,1,218.32,2025-09-24T12:47:14,mobile_wallet
TXN-0001322,STORE-001,PROD-00154,CUST-000598,5,45.56,26-07-2026,cash
TXN-0004354,STORE-017,PROD-00265,CUST-000963,1,47.36,12-04-2026,mobile_wallet
TXN-0004600,STORE-005,SKU000088,CUST-000965,5,250.66,11/02/2025 07:43,cash
TXN-0001984,STORE-006,PROD-00285,CUST-000729,1,198.44,08-11-2025,mobile_wallet
TXN-0002732,STORE-009,PROD-00017,CUST-000832,5,73.06,2025-09-09T23:27:26,card
TXN-0000997,STORE-023,PROD-00276,CUST-000645,1,193.7,2025-11-16T11:01:08,card
TXN-0002733,STORE-007,PROD-00081,CUST-000342,2,-411.67,2026-07-07T11:40:15,card
TXN-0003732,STORE-023,PROD-00206,CUST-000037,1,275.13,10/11/2025 02:02,mobile_wallet
TXN-0001891,STORE-018,PROD-00152,CUST-000588,5,131.51,20-02-2026,mobile_wallet
TXN-0000524,STORE-006,PROD-00022,CUST-000915,3,30.81,10/13/2025 12:51,cash
TXN-0004453,STORE-017,PROD-00246,CUST-000675,1,295.15,05/20/2026 04:14,mobile_wallet
TXN-0001825,STORE-002,PROD-00065,CUST-000659,2,66.03,2026-04-12T00:48:41,mobile_wallet
TXN-0001130,STORE-014,PROD-00126,CUST-000299,5,120.27,11/29/2025 16:03,cash
TXN-0004144,STORE-016,PROD-00085,CUST-000460,5,188.57,26-06-2026,card
TXN-0004122,STORE-019,PROD-00161,CUST-000642,3,244.6,2026-05-16T00:57:27,cash
TXN-0003543,STORE-009,PROD-00009,CUST-000715,4,229.81,11/03/2025 17:36,card
TXN-0003839,STORE-007,PROD-00050,CUST-000523,1,73.61,11/06/2025 14:23,card
TXN-0004549,STORE-021,PROD-00124,CUST-000339,4,410.1,15-05-2026,cash
TXN-0004724,STORE-004,PROD-00117,CUST-000302,4,15.6,15-10-2025,mobile_wallet
TXN-0002444,STORE-025,PROD-00088,CUST-000474,5,250.66,05/28/2026 17:26,cash
TXN-0002630,STORE-024,PROD-00016,CUST-000708,2,50.67,25-12-2025,mobile_wallet
TXN-0000471,STORE-009,PROD-00029,CUST-000219,4,235.83,08-05-2026,cash
TXN-0003333,STORE-011,PROD-00070,CUST-000265,5,267.33,09/21/2025 17:29,cash
TXN-0004485,STORE-011,PROD-00146,CUST-000948,3,128.46,12/29/2025 16:44,mobile_wallet
TXN-0002455,STORE-003,PROD-00127,CUST-000798,5,96.44,03/07/2026 00:33,card
TXN-0002975,STORE-005,PROD-00257,CUST-000310,2,70.06,09-05-2026,mobile_wallet
TXN-0001989,STORE-005,PROD-00055,CUST-000287,2,305.58,17-02-2026,card
TXN-0002412,STORE-018,PROD-00001,CUST-000124,2,50.1,08/26/2025 09:11,cash
TXN-0004585,STORE-021,PROD-00231,CUST-000808,3,101.96,22-04-2026,mobile_wallet
TXN-0001096,STORE-020,PROD-00211,CUST-000872,4,258.83,2026-07-02T15:02:26,mobile_wallet
TXN-0000845,STORE-022,PROD-00007,CUST-000201,2,150.71,05/17/2026 23:19,mobile_wallet
TXN-0001858,STORE-008,PROD-00056,CUST-000047,5,405.5,07/24/2026 12:31,cash
TXN-0003084,STORE-004,PROD-00027,CUST-000186,5,103.95,07/15/2026 07:26,card
TXN-0004322,STORE-019,PROD-00011,CUST-000674,4,25.8,08/18/2026 00:25,mobile_wallet
TXN-0002536,STORE-004,PROD-00274,CUST-000900,5,144.59,11/01/2025 12:19,card
TXN-0002921,STORE-016,PROD-00179,CUST-000285,3,120.71,04/02/2026 08:28,mobile_wallet
TXN-0002062,STORE-013,PROD-00255,CUST-000514,5,31.8,2026-07-06T19:57:46,mobile_wallet
TXN-0002302,STORE-017,PROD-00091,CUST-000083,4,98.64,07-12-2025,mobile_wallet
TXN-0000723,STORE-003,PROD-00189,CUST-000030,2,371.6,06/01/2026 17:51,card
TXN-0000661,STORE-019,PROD-00170,CUST-000440,5,204.4,11/12/2025 07:58,cash
TXN-0003443,STORE-008,PROD-00161,CUST-000966,1,244.6,2026-05-02T13:21:11,card
TXN-0001684,STORE-001,PROD-00263,CUST-000567,5,265.75,2026-06-12T14:18:06,card
TXN-0002394,STORE-010,PROD-00066,CUST-000349,4,175.34,23-03-2026,mobile_wallet
TXN-0000651,STORE-025,PROD-00050,CUST-000457,4,73.61,23-08-2026,mobile_wallet
TXN-0001992,STORE-018,PROD-00177,CUST-000722,2,52.67,14-08-2026,card
TXN-0004788,STORE-001,PROD-00223,CUST-000171,5,244.67,12/11/2025 07:11,card
TXN-0002821,STORE-022,PROD-00275,CUST-000316,2,320.55,2025-08-28T04:40:03,cash
TXN-0000166,STORE-009,PROD-00273,CUST-000672,4,440.02,2026-02-21T23:43:22,cash
TXN-0003378,STORE-014,SKU000086,CUST-000007,3,24.26,12/10/2025 11:29,card
TXN-0001732,STORE-019,PROD-00283,CUST-000470,3,28.3,10/19/2025 18:48,mobile_wallet
TXN-0004935,STORE-021,PROD-00234,CUST-000787,3,218.66,02-05-2026,card
TXN-0003646,STORE-022,PROD-00110,CUST-000282,3,33.91,25-01-2026,cash
TXN-0000977,STORE-007,PROD-00141,CUST-000981,1,312.06,11/18/2025 15:27,cash
TXN-0000611,STORE-007,PROD-00010,CUST-000979,2,96.14,16-04-2026,cash
TXN-0000185,STORE-017,PROD-00083,CUST-000873,2,243.21,21-11-2025,cash
TXN-0004331,STORE-010,PROD-00141,CUST-000750,2,312.06,03/29/2026 09:27,mobile_wallet
TXN-0001514,STORE-012,PROD-00214,CUST-000439,3,53.88,20-05-2026,card
TXN-0003320,STORE-023,PROD-00235,CUST-000245,3,100.21,03/12/2026 00:38,mobile_wallet
TXN-0004172,STORE-016,PROD-00274,CUST-000206,3,144.59,07-12-2025,mobile_wallet
TXN-0001114,STORE-002,PROD-00059,CUST-000736,2,138.3,01-06-2026,cash
TXN-0000243,STORE-006,PROD-00243,CUST-000681,2,190.7,2026-05-23T23:11:44,cash
TXN-0003779,STORE-020,PROD-00114,CUST-000744,2,3.79,18-07-2026,cash
TXN-0000010,STORE-003,PROD-00077,CUST-000700,5,466.02,05/15/2026 17:37,mobile_wallet
TXN-0001252,STORE-006,PROD-00216,CUST-000988,4,188.81,11/09/2025 19:27,card
TXN-0001110,STORE-001,PROD-00009,CUST-000516,4,229.81,12-11-2025,mobile_wallet
TXN-0000392,STORE-015,PROD-00190,CUST-000876,1,244.93,04-10-2025,cash
TXN-0003265,STORE-021,SKU000268,CUST-000044,1,159.92,08/23/2026 08:36,cash
TXN-0001046,STORE-013,PROD-00202,CUST-000546,1,87.32,09-03-2026,cash
TXN-0003673,STORE-006,SKU000086,CUST-000333,4,24.26,07/04/2026 15:59,mobile_wallet
TXN-0004719,STORE-018,PROD-00133,CUST-000898,4,372.3,2025-10-28T07:32:05,card
TXN-0001783,STORE-005,PROD-00130,CUST-000549,5,93.35,2026-01-28T08:16:01,mobile_wallet
TXN-0004301,STORE-023,PROD-00279,CUST-000469,-1,114.72,07/05/2026 21:48,mobile_wallet
TXN-0002020,STORE-013,PROD-00059,CUST-000359,1,138.3,2025-12-27T18:07:04,card
TXN-0000090,STORE-019,PROD-00297,CUST-000001,2,297.41,16-04-2026,mobile_wallet
TXN-0002024,STORE-015,SKU000271,CUST-000420,2,15.73,31-07-2026,card
TXN-0004808,STORE-025,PROD-00026,CUST-000262,2,57.84,2026-06-10T05:05:59,cash
TXN-0002317,STORE-012,PROD-00114,CUST-000833,2,3.79,2025-10-17T14:17:47,mobile_wallet
TXN-0001510,STORE-006,PROD-00300,CUST-000273,4,124.65,19-07-2026,mobile_wallet
TXN-0004725,STORE-009,PROD-00294,CUST-000994,4,125.57,04/25/2026 05:39,card
TXN-0002170,STORE-017,sku000241 ,CUST-000561,-3,7.24,07/20/2026 23:15,cash
TXN-0000508,STORE-015,PROD-00095,CUST-000851,-1,165.36,05/30/2026 04:45,mobile_wallet
TXN-0000833,STORE-016,PROD-00149,CUST-000283,3,-197.41,05-12-2025,mobile_wallet
TXN-0003829,STORE-010,PROD-00044,CUST-000248,3,136.55,08-06-2026,cash
TXN-0001867,STORE-001,PROD-00269,CUST-000251,1,340.17,2025-11-01T18:22:05,card
TXN-0002932,STORE-017,PROD-00028,CUST-000620,4,282.23,2026-07-16T22:28:43,cash
TXN-0003114,STORE-023,PROD-00149,CUST-000808,4,197.41,10/24/2025 12:52,card
TXN-0004327,STORE-014,PROD-00121,CUST-000995,5,360.88,10/10/2025 19:04,card
TXN-0000930,STORE-017,PROD-00226,CUST-000723,5,208.87,14-09-2025,cash
TXN-0001906,STORE-018,PROD-00137,CUST-000202,2,278.35,12/15/2025 21:11,mobile_wallet
TXN-0000792,STORE-005,PROD-00053,CUST-000962,4,209.68,2025-08-30T13:22:01,card
TXN-0001507,STORE-016,PROD-00283,CUST-000405,3,28.3,2026-06-23T02:37:23,mobile_wallet
TXN-0001372,STORE-001,PROD-00165,CUST-000623,3,131.68,22-02-2026,card
TXN-0004726,STORE-017,PROD-00145,CUST-000031,1,210.66,2025-12-13T05:13:20,card
TXN-0002918,STORE-006,PROD-00135,CUST-000783,2,288.86,03/12/2026 11:43,mobile_wallet
TXN-0001425,STORE-019,PROD-00151,CUST-000927,1,197.07,2025-12-01T06:25:04,card
TXN-0002850,STORE-008,PROD-00232,CUST-000788,5,179.91,06/22/2026 19:33,cash
TXN-0004730,STORE-005,PROD-00102,CUST-000470,3,281.32,09/07/2025 02:23,cash
TXN-0003101,STORE-024,PROD-00082,CUST-000576,5,208.22,04/06/2026 06:36,mobile_wallet
TXN-0003123,STORE-020,PROD-00141,CUST-000658,4,312.06,18-06-2026,card
TXN-0004651,STORE-021,PROD-00275,CUST-000454,4,320.55,12/27/2025 04:14,card
TXN-0004373,STORE-023,PROD-00187,CUST-000146,5,300.08,04-07-2026,cash
TXN-0001657,STORE-014,PROD-00137,CUST-000815,4,278.35,06/06/2026 04:01,cash
TXN-0004799,STORE-023,SKU000287,CUST-000406,4,159.36,14-03-2026,cash
TXN-0003859,STORE-024,PROD-00291,CUST-000262,1,387.67,06-12-2025,card
TXN-0002386,STORE-011,PROD-00230,CUST-000002,2,29.05,2026-05-19T09:51:38,mobile_wallet
TXN-0002760,STORE-021,PROD-00267,CUST-000859,5,271.24,08-09-2025,mobile_wallet
TXN-0004049,STORE-004,PROD-00241,CUST-000815,4,7.24,31-08-2025,card
TXN-0001058,STORE-004,PROD-00146,CUST-000648,5,128.46,2026-01-25T22:02:06,mobile_wallet
TXN-0004856,STORE-016,PROD-00098,CUST-000747,5,258.04,2025-10-01T21:23:21,card
TXN-0002657,STORE-015,PROD-00054,CUST-000558,5,267.97,2025-12-27T22:28:49,card
TXN-0001504,STORE-007,PROD-00078,CUST-000136,3,62.45,06/17/2026 07:30,mobile_wallet
TXN-0003273,STORE-002,PROD-00244,CUST-000536,3,26.03,13-04-2026,card
TXN-0002972,STORE-024,PROD-00231,CUST-000633,2,101.96,27-02-2026,mobile_wallet
TXN-0002627,STORE-019,SKU000168,CUST-000928,1,290.99,02/28/2026 04:28,card
TXN-0004473,STORE-017,PROD-00215,CUST-000758,5,320.74,03/17/2026 22:05,mobile_wallet
TXN-0003202,STORE-005,PROD-00276,CUST-000550,5,193.7,2026-06-24T21:18:37,card
TXN-0002010,STORE-012,PROD-00069,CUST-000835,4,201.76,2026-03-27T02:54:16,mobile_wallet
TXN-0003258,STORE-014,PROD-00190,CUST-000285,3,244.93,2026-07-19T13:50:29,card
TXN-0000482,STORE-007,PROD-00244,CUST-000305,3,26.03,02/23/2026 18:17,mobile_wallet
TXN-0004896,STORE-025,PROD-00271,CUST-000055,1,15.73,11-08-2026,card
TXN-0003444,STORE-012,SKU000237,CUST-000766,3,56.05,06/15/2026 01:27,card
TXN-0002267,STORE-006,PROD-00012,CUST-000203,5,272.48,10-08-2026,mobile_wallet
TXN-0000274,STORE-019,PROD-00203,CUST-000137,5,264.67,2026-06-03T01:51:43,cash
TXN-0002250,STORE-012,PROD-00003,CUST-000475,5,283.27,2025-10-14T12:00:47,mobile_wallet
TXN-0000109,STORE-005,PROD-00186,CUST-000447,4,108.59,27-07-2026,cash
TXN-0002844,STORE-001,SKU999999,CUST-000259,2,300.08,04/14/2026 20:09,cash
TXN-0003551,STORE-017,PROD-00188,CUST-000043,0,61.17,2026-04-21T05:43:28,cash
TXN-0004192,STORE-014,PROD-00048,CUST-000539,2,363.63,2026-01-11T14:13:15,mobile_wallet
TXN-0001578,STORE-021,PROD-00229,CUST-000904,5,238.08,2025-08-24T17:16:09,card
TXN-0003697,STORE-008,PROD-00035,CUST-000020,4,241.08,06/24/2026 17:09,card
TXN-0000453,STORE-005,PROD-00057,CUST-000982,4,65.86,18-10-2025,mobile_wallet
TXN-0001841,STORE-017,PROD-00265,CUST-000979,2,47.36,2026-06-05T14:57:52,cash
TXN-0001719,STORE-011,PROD-00082,CUST-000020,5,208.22,2026-01-19T08:49:33,card
TXN-0002278,STORE-005,PROD-00152,CUST-000247,3,131.51,2025-11-10T09:29:25,mobile_wallet
TXN-0004194,STORE-007,PROD-00228,CUST-000543,4,168.6,08/28/2025 18:50,mobile_wallet
TXN-0001360,STORE-002,PROD-00107,CUST-000735,4,70.64,02/21/2026 05:35,mobile_wallet
TXN-0002204,STORE-009,PROD-00185,CUST-000814,5,329.62,07/29/2026 08:57,card
TXN-0001081,STORE-024,PROD-00105,CUST-000021,3,126.39,2026-02-20T21:30:55,card
TXN-0000132,STORE-003,PROD-00055,CUST-000714,4,305.58,07-11-2025,card
TXN-0000487,STORE-015,PROD-00103,CUST-000849,2,219.77,09/01/2025 06:41,cash
TXN-0000288,STORE-007,PROD-00165,CUST-000848,3,131.68,10/31/2025 10:00,mobile_wallet
TXN-0001263,STORE-018,PROD-00090,CUST-000487,1,197.2,09/23/2025 15:20,cash
TXN-0001013,STORE-022,PROD-00222,CUST-000615,1,219.35,2026-06-08T06:07:27,card
TXN-0001681,STORE-007,PROD-00121,CUST-000819,5,360.88,2026-01-19T17:41:38,cash
TXN-0003145,STORE-019,PROD-00050,CUST-000787,1,73.61,2025-12-14T21:02:51,card
TXN-0003275,STORE-023,PROD-00168,CUST-000516,2,290.99,2026-01-30T14:36:01,card
TXN-0001895,STORE-014,PROD-00073,CUST-000578,4,41.57,2026-08-02T23:30:23,cash
TXN-0002929,STORE-005,PROD-00208,CUST-000969,2,270.9,05/20/2026 17:07,mobile_wallet
TXN-0004008,STORE-010,PROD-00187,CUST-000308,3,300.08,2026-05-19T18:42:22,mobile_wallet
TXN-0001586,STORE-021,PROD-00189,CUST-000697,2,371.6,08/12/2026 17:14,card
TXN-0004703,STORE-019,PROD-00256,CUST-000013,4,278.69,2025-09-03T11:33:43,card
TXN-0002410,STORE-010,PROD-00185,CUST-000121,2,329.62,06/05/2026 07:35,mobile_wallet
TXN-0004412,STORE-016,PROD-00081,CUST-000506,-1,411.67,06/01/2026 09:16,mobile_wallet
TXN-0001739,STORE-004,PROD-00173,CUST-000250,4,124.21,2025-12-18T02:36:05,card
TXN-0002775,STORE-002,PROD-00249,CUST-000105,3,70.32,16-11-2025,mobile_wallet
TXN-0000280,STORE-020,PROD-00200,CUST-000399,1,88.0,21-01-2026,cash
TXN-0001860,STORE-010,PROD-00030,CUST-000827,2,142.56,11/25/2025 04:31,card
TXN-0004050,STORE-002,PROD-00007,CUST-000242,2,150.71,03/06/2026 21:34,card
TXN-0001870,STORE-020,PROD-00146,CUST-000046,1,128.46,2026-07-23T14:42:07,mobile_wallet
TXN-0002074,STORE-009,PROD-00205,CUST-000245,3,27.76,2026-07-09T12:49:19,cash
TXN-0004079,STORE-021,PROD-00258,CUST-000366,5,46.18,31-05-2026,cash
TXN-0004655,STORE-005,PROD-00253,CUST-000654,3,288.42,2026-04-17T03:34:14,cash
TXN-0004309,STORE-006,PROD-00105,CUST-000326,5,126.39,12/07/2025 15:50,card
TXN-0003421,STORE-013,PROD-00300,CUST-000460,1,124.65,08/18/2026 03:15,cash
TXN-0000662,STORE-015,PROD-00084,CUST-000713,1,147.66,15-06-2026,card
TXN-0002923,STORE-011,PROD-00147,CUST-000719,2,80.88,2026-08-22T22:21:30,mobile_wallet
TXN-0001941,STORE-018,PROD-00286,CUST-000816,3,118.06,28-06-2026,cash
TXN-0004955,STORE-015,PROD-00176,CUST-000528,3,-122.92,04/04/2026 00:22,mobile_wallet
TXN-0000879,STORE-005,PROD-00097,CUST-000384,1,5.72,09-01-2026,cash
TXN-0001139,STORE-015,PROD-00195,CUST-000076,2,66.89,2026-06-24T14:49:57,card
TXN-0002618,STORE-023,PROD-00298,CUST-000445,3,43.12,2025-08-25T17:57:27,mobile_wallet
TXN-0004040,STORE-015,PROD-00033,CUST-000450,5,182.35,2025-11-09T04:57:03,cash
TXN-0004203,STORE-001,PROD-00257,CUST-000854,1,70.06,12-10-2025,card
TXN-0004674,STORE-011,PROD-00006,CUST-000602,1,82.96,06/19/2026 21:08,card
TXN-0002036,STORE-020,PROD-00086,CUST-000557,1,24.26,2026-06-06T04:09:02,cash
TXN-0002763,STORE-006,PROD-00300,CUST-000378,3,124.65,12-12-2025,cash
TXN-0003961,STORE-013,PROD-00157,CUST-000590,2,141.14,30-06-2026,card
TXN-0000449,STORE-007,PROD-00112,CUST-000134,3,196.87,2026-08-08T22:53:53,mobile_wallet
TXN-0001202,STORE-003,PROD-00119,CUST-000008,5,221.95,2026-07-18T08:12:35,cash
TXN-0000083,STORE-025,PROD-00242,CUST-000228,2,12.79,02-12-2025,mobile_wallet
TXN-0002126,STORE-017,PROD-00129,CUST-000114,4,-159.98,26-10-2025,card
TXN-0003594,STORE-019,PROD-00133,CUST-000280,1,372.3,02/19/2026 16:42,card
TXN-0004736,STORE-025,PROD-00126,CUST-000756,3,120.27,02-06-2026,card
TXN-0002378,STORE-008,PROD-00070,CUST-000594,2,267.33,02/18/2026 12:47,cash
TXN-0002218,STORE-023,PROD-00214,CUST-000025,1,53.88,2025-09-02T20:25:02,mobile_wallet
TXN-0001645,STORE-022,PROD-00287,CUST-000085,5,159.36,2026-02-18T20:50:42,cash
TXN-0000843,STORE-016,PROD-00251,CUST-000584,2,304.44,08/12/2026 00:08,mobile_wallet
TXN-0004446,STORE-010,PROD-00267,CUST-000609,1,271.24,2026-06-08T23:02:56,cash
TXN-0001406,STORE-025,PROD-00054,CUST-000266,3,267.97,11/02/2025 04:55,mobile_wallet
TXN-0000087,STORE-016,PROD-00113,CUST-000007,2,188.3,2026-08-14T19:11:09,mobile_wallet
TXN-0004776,STORE-012,PROD-00255,CUST-000143,3,31.8,2026-01-09T01:53:53,cash
TXN-0003339,STORE-002,SKU000220,CUST-000894,3,-218.32,10-04-2026,card
TXN-0000822,STORE-025,PROD-00190,CUST-000326,2,244.93,07/24/2026 17:53,card
TXN-0002717,STORE-025,PROD-00238,CUST-000683,1,110.16,2026-02-02T16:45:52,cash
TXN-0000129,STORE-018,PROD-00176,CUST-000895,2,122.92,15-02-2026,cash
TXN-0000386,STORE-019,PROD-00297,CUST-000569,2,297.41,09/05/2025 22:33,card
TXN-0003958,STORE-011,PROD-00100,CUST-000110,2,413.06,26-11-2025,card
TXN-0002497,STORE-020,PROD-00251,CUST-000047,1,304.44,2025-12-25T08:11:48,mobile_wallet
TXN-0004496,STORE-024,PROD-00155,CUST-000738,5,266.89,03-03-2026,card
TXN-0001847,STORE-018,PROD-00271,CUST-000216,5,15.73,05-03-2026,cash
TXN-0001964,STORE-011,PROD-00009,CUST-000734,4,229.81,06/14/2026 10:48,card
TXN-0002356,STORE-019,PROD-00184,CUST-000681,4,232.98,24-12-2025,cash
TXN-0001378,STORE-003,PROD-00116,CUST-000474,1,162.81,13-05-2026,card
TXN-0004021,STORE-013,PROD-00081,CUST-000707,5,-411.67,05/21/2026 12:06,card
TXN-0001494,STORE-012,PROD-00199,CUST-000253,3,49.88,26-02-2026,mobile_wallet
TXN-0001270,STORE-017,PROD-00096,CUST-000197,1,221.49,13-11-2025,cash
TXN-0004510,STORE-009,PROD-00212,CUST-000438,1,171.06,2025-11-03T15:10:46,mobile_wallet
TXN-0003342,STORE-004,PROD-00010,CUST-000670,2,-96.14,29-05-2026,mobile_wallet
TXN-0002188,STORE-005,PROD-00109,CUST-000986,3,121.34,2026-04-06T02:20:10,mobile_wallet
TXN-0001880,STORE-025,PROD-00046,CUST-000373,1,68.42,2026-05-24T17:56:57,cash
TXN-0004297,STORE-003,PROD-00042,CUST-000527,2,3.53,2026-07-24T16:07:04,card
TXN-0002359,STORE-017,PROD-00149,CUST-000086,5,197.41,11/13/2025 00:15,mobile_wallet
TXN-0000164,STORE-006,PROD-00203,CUST-000165,4,264.67,2025-11-11T07:49:53,cash
TXN-0002523,STORE-011,PROD-00237,CUST-000257,5,56.05,10/27/2025 17:53,cash
TXN-0002411,STORE-009,SKU000165,CUST-000272,5,131.68,2026-08-18T18:31:11,card
TXN-0001129,STORE-014,PROD-00118,CUST-000993,2,265.0,2026-07-17T01:46:19,mobile_wallet
TXN-0003785,STORE-014,PROD-00214,CUST-000817,4,53.88,2025-12-20T20:44:36,cash
TXN-0001898,STORE-008,PROD-00267,CUST-000090,3,271.24,04/16/2026 03:17,mobile_wallet
TXN-0001842,STORE-009,PROD-00077,CUST-000900,5,466.02,23-02-2026,card
TXN-0003558,STORE-018,PROD-00029,CUST-000175,1,235.83,2026-02-15T16:50:10,cash
TXN-0002753,STORE-019,PROD-00227,CUST-000172,4,38.54,19-04-2026,card
TXN-0000827,STORE-016,PROD-00070,CUST-000128,5,267.33,28-05-2026,mobile_wallet
TXN-0004654,STORE-003,PROD-00190,CUST-000344,1,244.93,18-05-2026,mobile_wallet
TXN-0002980,STORE-009,PROD-00228,CUST-000972,5,168.6,22-02-2026,mobile_wallet
TXN-0003173,STORE-004,PROD-00232,CUST-000837,2,179.91,17-04-2026,card
TXN-0001348,STORE-017,PROD-00031,CUST-000209,0,283.68,14-03-2026,cash
TXN-0003833,STORE-022,PROD-00124,CUST-000263,2,410.1,30-05-2026,cash
TXN-0001248,STORE-020,PROD-00014,CUST-000569,2,26.37,11/10/2025 04:42,mobile_wallet
TXN-0002949,STORE-005,PROD-00143,CUST-000301,2,370.32,2025-11-23T05:25:50,mobile_wallet
TXN-0003880,STORE-015,PROD-00028,CUST-000550,-1,282.23,2025-12-26T07:13:29,mobile_wallet
TXN-0004580,STORE-021,PROD-00285,CUST-000692,4,198.44,2025-10-26T17:03:39,cash
TXN-0002538,STORE-007,PROD-00272,CUST-000590,4,149.44,08/28/2025 10:29,card
TXN-0003464,STORE-004,PROD-00091,CUST-000208,4,98.64,2026-05-21T17:34:15,cash
TXN-0000345,STORE-009,PROD-00031,CUST-000156,2,283.68,2025-11-23T07:50:01,mobile_wallet
TXN-0000381,STORE-011,PROD-00139,CUST-000808,2,109.66,02/18/2026 17:17,card
TXN-0004927,STORE-019,PROD-00063,CUST-000865,2,222.33,2025-10-17T09:25:11,card
TXN-0002887,STORE-007,PROD-00181,CUST-000667,3,231.93,21-07-2026,cash
TXN-0003436,STORE-006,SKU000066,CUST-000302,3,175.34,2026-07-06T13:02:56,card
TXN-0000970,STORE-006,PROD-00145,CUST-000362,1,210.66,2025-08-27T23:27:07,cash
TXN-0001917,STORE-013,PROD-00243,CUST-000656,1,190.7,27-01-2026,card
TXN-0003053,STORE-013,PROD-00222,CUST-000900,1,219.35,05/10/2026 23:48,cash
TXN-0002458,STORE-024,PROD-00009,CUST-000679,2,229.81,10-01-2026,cash
TXN-0004237,STORE-019,PROD-00256,CUST-000811,-1,278.69,09/26/2025 13:42,card
TXN-0000771,STORE-003,PROD-00255,CUST-000515,3,31.8,09/29/2025 19:54,card
TXN-0001417,STORE-025,PROD-00108,CUST-000193,5,196.31,01/07/2026 03:55,card
TXN-0002201,STORE-010,PROD-00243,CUST-000808,5,190.7,20-06-2026,card
TXN-0002677,STORE-002,PROD-00102,CUST-000190,5,281.32,2025-11-08T11:36:47,cash
TXN-0002138,STORE-020,SKU000252,CUST-000926,1,86.28,04/21/2026 03:59,card
TXN-0003496,STORE-014,PROD-00234,CUST-000969,1,218.66,28-05-2026,card
TXN-0001627,STORE-018,PROD-00143,CUST-000176,4,370.32,16-06-2026,cash
TXN-0004814,STORE-007,PROD-00024,CUST-000109,1,131.49,2026-07-16T13:04:01,card
TXN-0000556,STORE-003,PROD-00276,CUST-000413,3,193.7,06/26/2026 18:10,card
TXN-0003550,STORE-010,PROD-00209,CUST-000852,4,46.91,2026-03-30T09:50:12,card
TXN-0002456,STORE-017,PROD-00236,CUST-000157,1,47.02,24-06-2026,mobile_wallet
TXN-0000985,STORE-011,PROD-00075,CUST-000009,-3,-374.2,12/22/2025 16:34,card
TXN-0001466,STORE-006,PROD-00235,CUST-000700,2,100.21,2026-04-21T04:25:49,cash
TXN-0004378,STORE-018,PROD-00165,CUST-000456,1,131.68,03/21/2026 21:34,cash
TXN-0003666,STORE-025,PROD-00246,CUST-000268,5,295.15,2025-09-19T23:07:47,mobile_wallet
TXN-0004634,STORE-006,PROD-00156,CUST-000353,2,356.66,2025-12-30T04:51:59,mobile_wallet
TXN-0000902,STORE-008,PROD-00125,CUST-000236,1,373.21,04-10-2025,mobile_wallet
TXN-0002512,STORE-019,PROD-00203,CUST-000466,5,264.67,12-06-2026,cash
TXN-0000943,STORE-023,PROD-00224,CUST-000592,5,-109.98,26-09-2025,card
TXN-0004505,STORE-022,PROD-00002,CUST-000415,2,97.99,15-01-2026,card
TXN-0004254,STORE-019,PROD-00226,CUST-000710,5,208.87,10/08/2025 10:18,mobile_wallet
TXN-0003286,STORE-023,PROD-00164,CUST-000619,4,231.45,2026-03-20T23:46:13,card
TXN-0004684,STORE-018,PROD-00214,CUST-000142,3,53.88,2026-02-14T00:42:52,card
TXN-0004418,STORE-013,PROD-00027,CUST-000053,2,103.95,09/28/2025 23:06,mobile_wallet
TXN-0004430,STORE-009,PROD-00108,CUST-000532,1,196.31,11/30/2025 18:55,card
TXN-0003502,STORE-023,PROD-00105,CUST-000435,2,126.39,13-01-2026,cash
TXN-0001386,STORE-016,PROD-00175,CUST-000230,5,215.19,02/26/2026 08:22,mobile_wallet
TXN-0001018,STORE-023,PROD-00157,CUST-000827,2,141.14,2025-12-21T13:16:42,card
TXN-0000275,STORE-022,PROD-00174,CUST-000656,4,195.74,05-06-2026,card
TXN-0002268,STORE-010,PROD-00038,CUST-000562,4,261.73,2025-08-29T06:45:40,mobile_wallet
TXN-0004437,STORE-021,PROD-00011,CUST-000988,4,25.8,20-12-2025,card
TXN-0004798,STORE-023,PROD-00218,CUST-000336,4,279.94,10/03/2025 01:53,mobile_wallet
TXN-0000613,STORE-006,PROD-00175,CUST-000633,4,215.19,04/23/2026 08:28,cash
TXN-0003164,STORE-009,PROD-00188,CUST-000313,4,61.17,28-04-2026,card
TXN-0003808,STORE-011,PROD-00241,CUST-000535,4,7.24,11/07/2025 19:02,card
TXN-0000285,STORE-024,PROD-00068,CUST-000565,1,219.43,28-01-2026,card
TXN-0002144,STORE-023,PROD-00007,CUST-000428,1,150.71,08/13/2026 09:53,cash
TXN-0003100,STORE-021,PROD-00099,CUST-000274,2,139.51,2026-04-05T20:00:38,card
TXN-0001640,STORE-020,PROD-00066,CUST-000775,5,175.34,10-09-2025,card
TXN-0004061,STORE-012,PROD-00024,CUST-000080,5,131.49,07-03-2026,mobile_wallet
TXN-0001751,STORE-022,PROD-00133,CUST-000439,3,372.3,05/15/2026 19:49,card
TXN-0000405,STORE-007,PROD-00011,CUST-000501,1,25.8,21-01-2026,mobile_wallet
TXN-0003034,STORE-007,PROD-00116,CUST-000813,3,162.81,03/11/2026 12:29,cash
TXN-0002730,STORE-001,PROD-00023,CUST-000490,1,206.36,2025-11-01T10:17:16,mobile_wallet
TXN-0000889,STORE-008,SKU000087,CUST-000535,1,347.77,2025-08-30T06:09:01,mobile_wallet
TXN-0000211,STORE-017,PROD-00028,CUST-000451,1,282.23,08/17/2026 06:43,mobile_wallet
TXN-0002290,STORE-003,PROD-00196,CUST-000911,4,190.23,2025-09-22T00:29:50,card
TXN-0001187,STORE-023,PROD-00054,CUST-000248,1,267.97,2026-03-16T15:30:28,mobile_wallet
TXN-0002297,STORE-011,PROD-00155,CUST-000299,3,266.89,05/31/2026 02:37,mobile_wallet
TXN-0003398,STORE-021,PROD-00001,CUST-000151,3,50.1,24-09-2025,mobile_wallet
TXN-0003380,STORE-019,PROD-00082,CUST-000257,5,208.22,2025-11-16T07:05:42,card
TXN-0004640,STORE-020,PROD-00158,CUST-000176,5,8.9,07/16/2026 18:54,cash
TXN-0000543,STORE-012,PROD-00217,CUST-000732,5,123.22,2026-06-13T15:55:39,card
TXN-0001530,STORE-025,PROD-00064,CUST-000208,1,103.31,2025-08-27T11:14:49,card
TXN-0001807,STORE-002,PROD-00190,CUST-000092,-3,244.93,08/25/2025 20:10,mobile_wallet
TXN-0001979,STORE-017,PROD-00148,CUST-000897,2,322.32,2026-05-16T15:00:04,card
TXN-0001346,STORE-012,PROD-00117,CUST-000489,3,15.6,07/14/2026 14:31,cash
TXN-0002903,STORE-004,PROD-00194,CUST-000970,3,137.35,26-03-2026,card
TXN-0002490,STORE-001,PROD-00116,CUST-000022,4,162.81,12/20/2025 00:08,cash
TXN-0004321,STORE-014,PROD-00175,CUST-000678,5,215.19,12-12-2025,card
TXN-0000561,STORE-023,PROD-00250,CUST-000419,1,27.33,02/03/2026 02:48,mobile_wallet
TXN-0000075,STORE-005,PROD-00170,CUST-000226,2,204.4,2026-04-03T22:35:56,cash
TXN-0004209,STORE-024,PROD-00039,CUST-000729,2,183.97,13-02-2026,cash
TXN-0000480,STORE-010,PROD-00275,CUST-000892,3,320.55,06/29/2026 08:22,card
TXN-0001496,STORE-015,PROD-00187,CUST-000068,5,300.08,08/27/2025 05:54,mobile_wallet
TXN-0004731,STORE-023,PROD-00015,CUST-000246,3,287.92,2026-04-29T04:09:05,mobile_wallet
TXN-0004861,STORE-024,SKU999999,CUST-000154,3,141.14,2026-03-24T08:13:15,card
TXN-0004434,STORE-013,PROD-00137,CUST-000124,4,278.35,2025-11-26T18:18:52,cash
TXN-0004137,STORE-010,PROD-00095,CUST-000943,3,165.36,01/11/2026 14:44,card
TXN-0000020,STORE-017,PROD-00174,CUST-000684,5,195.74,2026-04-26T22:57:23,cash
TXN-0000389,STORE-007,PROD-00209,CUST-000700,2,46.91,2025-10-29T04:02:07,card
TXN-0003721,STORE-022,PROD-00086,CUST-000321,5,24.26,02/05/2026 04:26,mobile_wallet
TXN-0002399,STORE-013,SKU000136,CUST-000502,3,39.83,04/24/2026 12:01,card
TXN-0002779,STORE-007,PROD-00057,CUST-000565,4,65.86,22-06-2026,cash
TXN-0002186,STORE-019,PROD-00001,CUST-000403,1,50.1,21-07-2026,cash
TXN-0000544,STORE-015,PROD-00263,CUST-000688,2,265.75,05/23/2026 13:32,mobile_wallet
TXN-0001457,STORE-016,PROD-00184,CUST-000189,5,232.98,31-08-2025,mobile_wallet
TXN-0000631,STORE-021,SKU000276,CUST-000493,1,193.7,18-11-2025,cash
TXN-0002620,STORE-025,SKU000072,CUST-000464,5,73.06,2025-09-10T15:59:32,card
TXN-0002053,STORE-011,SKU000288,CUST-000645,2,112.73,2026-07-08T19:53:32,mobile_wallet
TXN-0003526,STORE-016,SKU000077,CUST-000891,4,466.02,12-10-2025,cash
TXN-0002434,STORE-010,PROD-00067,CUST-000548,2,234.05,02/06/2026 11:52,card
TXN-0002117,STORE-010,PROD-00083,CUST-000257,3,243.21,05/28/2026 03:03,cash
TXN-0001788,STORE-022,PROD-00211,CUST-000150,5,258.83,2026-06-29T03:39:52,mobile_wallet
TXN-0000791,STORE-007,PROD-00075,CUST-000671,2,-374.2,20-10-2025,mobile_wallet
TXN-0000007,STORE-009,PROD-00103,CUST-000206,5,219.77,09/19/2025 04:13,cash
TXN-0003796,STORE-017,PROD-00128,CUST-000986,1,102.36,02/26/2026 18:04,card
TXN-0004837,STORE-002,PROD-00252,CUST-000190,3,86.28,06/30/2026 08:36,mobile_wallet
TXN-0002287,STORE-023,PROD-00200,CUST-000086,5,88.0,11/01/2025 17:17,cash
TXN-0004371,STORE-020,PROD-00231,CUST-000628,4,101.96,2026-01-29T02:27:34,card
TXN-0000607,STORE-022,PROD-00277,CUST-000660,4,72.79,2026-06-17T23:15:53,mobile_wallet
TXN-0004068,STORE-018,PROD-00262,CUST-000734,3,330.85,2025-10-27T19:37:19,card
TXN-0004488,STORE-001,PROD-00176,CUST-000698,2,122.92,10/10/2025 06:57,mobile_wallet
TXN-0003933,STORE-007,PROD-00234,CUST-000159,5,218.66,02/14/2026 23:56,mobile_wallet
TXN-0003539,STORE-021,PROD-00205,CUST-000526,4,27.76,14-10-2025,card
TXN-0000238,STORE-005,PROD-00095,CUST-000889,1,165.36,05/18/2026 12:34,cash
TXN-0004516,STORE-009,PROD-00101,CUST-000629,1,102.13,23-02-2026,card
TXN-0001551,STORE-008,PROD-00122,CUST-000567,4,427.3,01/16/2026 22:25,mobile_wallet
TXN-0001613,STORE-013,PROD-00243,CUST-000768,5,190.7,23-03-2026,mobile_wallet
TXN-0004089,STORE-005,PROD-00194,CUST-000348,2,137.35,2025-11-09T01:15:56,card
TXN-0000554,STORE-010,PROD-00203,CUST-000427,1,-264.67,2026-03-27T10:19:11,card
TXN-0001813,STORE-006,PROD-00285,CUST-000461,1,198.44,13-07-2026,card
TXN-0004176,STORE-020,PROD-00058,CUST-000731,1,230.62,2026-02-28T05:04:48,card
TXN-0004415,STORE-021,PROD-00275,CUST-000802,5,320.55,03-02-2026,cash
TXN-0004883,STORE-024,PROD-00044,CUST-000411,1,136.55,2025-08-25T02:03:48,card
TXN-0003428,STORE-024,PROD-00204,CUST-000374,4,220.1,11/02/2025 10:19,cash
TXN-0002453,STORE-016,PROD-00011,CUST-000571,4,25.8,12/31/2025 00:51,mobile_wallet
TXN-0003891,STORE-023,PROD-00260,CUST-000939,2,88.49,17-05-2026,mobile_wallet
TXN-0004052,STORE-020,PROD-00241,CUST-000849,5,7.24,08-03-2026,mobile_wallet
TXN-0001962,STORE-008,PROD-00190,CUST-000091,5,244.93,08/01/2026 15:10,cash
TXN-0000853,STORE-009,PROD-00156,CUST-000535,3,356.66,02/12/2026 23:54,card
TXN-0003090,STORE-024,SKU000126,CUST-000412,1,120.27,25-10-2025,mobile_wallet
TXN-0001994,STORE-009,PROD-00288,CUST-000864,4,112.73,16-01-2026,card
TXN-0002762,STORE-013,PROD-00245,CUST-000709,-3,167.35,10/28/2025 00:23,card
TXN-0000636,STORE-007,PROD-00108,CUST-000854,4,196.31,08-12-2025,cash
TXN-0001623,STORE-006,PROD-00023,CUST-000346,2,206.36,10/14/2025 12:50,card
TXN-0003600,STORE-006,PROD-00096,CUST-000168,5,221.49,2026-01-15T00:51:57,card
TXN-0001135,STORE-023,PROD-00066,CUST-000122,5,175.34,10/26/2025 01:06,cash
TXN-0002818,STORE-018,PROD-00252,CUST-000714,2,86.28,2025-12-04T21:21:14,card
TXN-0003771,STORE-025,PROD-00246,CUST-000884,3,295.15,2026-06-16T09:28:55,mobile_wallet
TXN-0004993,STORE-010,PROD-00273,CUST-000064,2,440.02,10/22/2025 08:55,card
TXN-0003979,STORE-021,PROD-00239,CUST-000713,3,296.37,2025-10-20T14:28:42,card
TXN-0001616,STORE-013,PROD-00049,CUST-000740,3,11.75,2026-08-10T06:58:26,cash
TXN-0004169,STORE-016,PROD-00031,CUST-000623,1,283.68,2026-06-02T16:35:12,card
TXN-0001050,STORE-008,PROD-00254,CUST-000466,2,316.24,2026-05-23T17:57:22,cash
TXN-0004528,STORE-002,PROD-00085,CUST-000215,3,188.57,03/30/2026 09:42,cash
TXN-0004202,STORE-023,PROD-00244,CUST-000467,3,26.03,08/29/2025 21:16,card
TXN-0000122,STORE-009,PROD-00178,CUST-000541,2,181.72,06/10/2026 05:36,mobile_wallet
TXN-0000041,STORE-022,PROD-00299,CUST-000547,4,239.33,23-08-2025,cash
TXN-0004718,STORE-014,PROD-00077,CUST-000957,2,466.02,12/23/2025 03:09,card
TXN-0001030,STORE-020,PROD-00176,CUST-000162,1,122.92,03/19/2026 04:18,cash
TXN-0001985,STORE-019,PROD-00197,CUST-000308,5,58.81,11/12/2025 13:01,mobile_wallet
TXN-0000512,STORE-001,PROD-00293,CUST-000862,1,146.52,14-10-2025,card
TXN-0001932,STORE-017,PROD-00059,CUST-000270,2,138.3,07/02/2026 16:51,card
TXN-0000294,STORE-012,PROD-00229,CUST-000153,3,238.08,27-06-2026,mobile_wallet
TXN-0004425,STORE-008,PROD-00162,CUST-000123,5,101.72,2026-04-02T16:11:13,cash
TXN-0004645,STORE-011,PROD-00032,CUST-000812,2,277.74,06-08-2026,card
TXN-0004737,STORE-014,PROD-00162,CUST-000312,1,101.72,13-09-2025,cash
TXN-0003243,STORE-015,PROD-00012,CUST-000927,5,272.48,08/16/2026 05:38,card
TXN-0002830,STORE-001,PROD-00048,CUST-000961,2,363.63,2026-08-02T10:43:45,cash
TXN-0002345,STORE-021,PROD-00122,CUST-000369,2,427.3,27-10-2025,mobile_wallet
TXN-0003366,STORE-006,PROD-00012,CUST-000144,5,272.48,2025-09-14T13:35:15,card
TXN-0004478,STORE-008,PROD-00149,CUST-000561,3,197.41,12/18/2025 03:24,mobile_wallet
TXN-0001184,STORE-023,PROD-00019,CUST-000921,5,114.13,10/31/2025 22:15,mobile_wallet
TXN-0004076,STORE-009,SKU999999,CUST-000157,4,218.94,2025-09-28T11:37:13,cash
TXN-0001980,STORE-011,PROD-00220,CUST-000211,1,218.32,2025-08-27T16:28:47,card
TXN-0000213,STORE-014,PROD-00047,CUST-000569,3,239.67,09/18/2025 20:07,card
TXN-0002517,STORE-017,PROD-00142,CUST-000096,5,70.8,02-06-2026,mobile_wallet
TXN-0000244,STORE-024,PROD-00212,CUST-000569,2,171.06,12/07/2025 04:15,mobile_wallet
TXN-0000430,STORE-023,PROD-00092,CUST-000888,2,35.56,09/19/2025 01:33,card
TXN-0000698,STORE-006,PROD-00266,CUST-000942,3,21.53,2026-04-05T14:41:00,card
TXN-0002000,STORE-006,PROD-00211,CUST-000674,1,258.83,03-07-2026,mobile_wallet
TXN-0001912,STORE-006,PROD-00209,CUST-000758,5,46.91,10/06/2025 18:44,mobile_wallet
TXN-0000866,STORE-013,PROD-00288,CUST-000009,4,112.73,2026-03-05T23:46:02,card
TXN-0000514,STORE-009,PROD-00220,CUST-000678,2,218.32,04-01-2026,card
TXN-0002282,STORE-020,PROD-00044,CUST-000144,5,136.55,2026-04-22T02:42:36,mobile_wallet
TXN-0004827,STORE-019,PROD-00113,CUST-000777,5,188.3,2026-04-21T08:52:38,card
TXN-0004886,STORE-006,PROD-00108,CUST-000003,5,196.31,2025-11-02T08:34:49,cash
TXN-0004996,STORE-006,PROD-00257,CUST-000151,3,70.06,2026-07-01T17:40:58,mobile_wallet
TXN-0002395,STORE-015,PROD-00009,CUST-000785,2,229.81,2025-11-23T06:10:04,cash
TXN-0001371,STORE-010,PROD-00255,CUST-000261,4,31.8,04/19/2026 13:31,mobile_wallet
TXN-0004367,STORE-009,PROD-00043,CUST-000999,-1,-98.85,01/18/2026 00:47,card
TXN-0002707,STORE-009,PROD-00174,CUST-000639,2,195.74,18-02-2026,card
TXN-0002030,STORE-013,PROD-00180,CUST-000077,1,73.62,2026-03-25T02:45:36,card
TXN-0003387,STORE-008,PROD-00122,CUST-000447,3,427.3,11/02/2025 21:53,cash
TXN-0002749,STORE-019,PROD-00003,CUST-000547,2,283.27,07/14/2026 03:05,cash
TXN-0001116,STORE-012,SKU000009,CUST-000962,5,229.81,07/30/2026 18:07,card
TXN-0003089,STORE-001,PROD-00281,CUST-000203,2,218.94,15-06-2026,card
TXN-0000235,STORE-005,PROD-00106,CUST-000733,5,172.64,2025-08-31T03:26:00,cash
TXN-0001363,STORE-003,PROD-00108,CUST-000531,5,196.31,2025-10-03T13:58:29,cash
TXN-0003525,STORE-013,PROD-00123,CUST-000990,4,217.36,2025-09-21T02:50:31,cash
TXN-0001308,STORE-019,PROD-00156,CUST-000264,1,356.66,12-09-2025,mobile_wallet
TXN-0004894,STORE-010,PROD-00015,CUST-000585,3,287.92,2025-10-25T22:31:24,card
TXN-0004901,STORE-009,PROD-00140,CUST-000568,2,234.87,2026-05-23T14:17:23,card
TXN-0002658,STORE-009,SKU000046,CUST-000230,1,68.42,11/20/2025 03:37,card
TXN-0000582,STORE-010,PROD-00267,CUST-000978,4,271.24,28-03-2026,cash
TXN-0004362,STORE-015,PROD-00004,CUST-000362,4,105.24,03/03/2026 18:07,mobile_wallet
TXN-0001007,STORE-003,PROD-00205,CUST-000702,3,27.76,30-12-2025,mobile_wallet
TXN-0004845,STORE-012,PROD-00011,CUST-000050,3,25.8,09-02-2026,cash
TXN-0004688,STORE-020,PROD-00145,CUST-000603,5,210.66,2025-11-10T15:06:23,card
TXN-0004878,STORE-002,PROD-00128,CUST-000058,4,102.36,20-08-2026,mobile_wallet
TXN-0001178,STORE-023,PROD-00146,CUST-000401,5,128.46,12/13/2025 03:41,mobile_wallet
TXN-0003650,STORE-007,PROD-00061,CUST-000299,4,142.82,31-05-2026,mobile_wallet
TXN-0003466,STORE-014,PROD-00241,CUST-000651,4,7.24,2026-02-04T12:29:17,cash
TXN-0004112,STORE-018,PROD-00065,CUST-000298,3,66.03,2026-05-06T02:18:20,cash
TXN-0004697,STORE-024,PROD-00217,CUST-000990,4,123.22,2026-01-25T05:35:50,mobile_wallet
TXN-0002142,STORE-021,PROD-00169,CUST-000243,2,262.44,2026-03-22T01:47:59,cash
TXN-0000108,STORE-001,PROD-00061,CUST-000982,4,142.82,12/06/2025 05:03,cash
TXN-0003590,STORE-001,PROD-00285,CUST-000014,3,198.44,25-07-2026,cash
TXN-0000783,STORE-022,PROD-00075,CUST-000315,1,374.2,02-12-2025,card
TXN-0000079,STORE-025,PROD-00229,CUST-000932,3,238.08,09-09-2025,mobile_wallet
TXN-0003548,STORE-004,PROD-00135,CUST-000147,1,288.86,26-10-2025,card
TXN-0003021,STORE-019,PROD-00161,CUST-000808,5,244.6,10-09-2025,mobile_wallet
TXN-0003840,STORE-025,PROD-00270,CUST-000200,1,191.88,11/13/2025 01:02,card
TXN-0003658,STORE-017,PROD-00092,CUST-000018,3,35.56,19-11-2025,card
TXN-0002303,STORE-004,PROD-00256,CUST-000845,4,278.69,23-02-2026,mobile_wallet
TXN-0002996,STORE-020,PROD-00034,CUST-000003,4,134.98,24-02-2026,cash
TXN-0000633,STORE-012,PROD-00064,CUST-000452,2,103.31,2026-03-16T11:18:14,cash
TXN-0003349,STORE-013,PROD-00142,CUST-000451,5,70.8,10/29/2025 02:24,cash
TXN-0002425,STORE-007,PROD-00174,CUST-000092,2,195.74,08-11-2025,card
TXN-0003561,STORE-003,PROD-00053,CUST-000587,5,209.68,2026-04-07T01:44:46,cash
TXN-0004551,STORE-002,PROD-00282,CUST-000822,4,311.97,2025-11-13T04:26:54,card
TXN-0000863,STORE-001,PROD-00258,CUST-000840,2,46.18,2025-09-05T13:55:36,cash
TXN-0001053,STORE-013,PROD-00063,CUST-000593,4,222.33,21-08-2026,cash
TXN-0004541,STORE-017,PROD-00163,CUST-000855,2,414.19,2025-10-18T06:58:30,mobile_wallet
TXN-0004121,STORE-022,PROD-00015,CUST-000271,4,287.92,29-06-2026,cash
TXN-0002632,STORE-016,PROD-00192,CUST-000942,4,57.16,10-12-2025,cash
TXN-0001974,STORE-005,PROD-00140,CUST-000754,2,234.87,08/03/2026 00:18,cash
TXN-0000951,STORE-025,PROD-00268,CUST-000813,3,159.92,11/09/2025 08:49,cash
TXN-0002782,STORE-022,PROD-00238,CUST-000198,4,110.16,11/07/2025 18:18,card
TXN-0003108,STORE-011,PROD-00190,CUST-000037,5,244.93,09/23/2025 14:30,card
TXN-0000194,STORE-002,PROD-00137,CUST-000689,1,278.35,2025-11-06T10:54:11,mobile_wallet
TXN-0001212,STORE-023,PROD-00204,CUST-000030,3,220.1,14-01-2026,card
TXN-0001154,STORE-005,PROD-00255,CUST-000538,2,31.8,10-05-2026,mobile_wallet
TXN-0002072,STORE-004,PROD-00076,CUST-000448,1,27.66,01-05-2026,mobile_wallet
TXN-0000944,STORE-022,PROD-00040,CUST-000653,5,330.8,04-09-2025,mobile_wallet
TXN-0002299,STORE-021,SKU000016,CUST-000114,1,50.67,10/12/2025 06:03,card
TXN-0004526,STORE-024,PROD-00035,CUST-000537,2,241.08,04/29/2026 23:29,mobile_wallet
TXN-0004866,STORE-006,PROD-00141,CUST-000245,1,312.06,03/18/2026 18:08,card
TXN-0001628,STORE-017,PROD-00244,CUST-000050,2,26.03,2026-03-30T01:33:25,card
TXN-0002460,STORE-007,PROD-00166,CUST-000084,3,249.26,2026-03-16T06:42:53,cash
TXN-0003617,STORE-017,PROD-00291,CUST-000405,3,387.67,2026-04-16T15:03:06,mobile_wallet
TXN-0001993,STORE-006,PROD-00234,CUST-000767,3,218.66,10-12-2025,cash
TXN-0000690,STORE-015,PROD-00108,CUST-000776,5,196.31,2025-09-27T10:41:11,cash
TXN-0004594,STORE-012,PROD-00064,CUST-000767,2,103.31,03-05-2026,card
TXN-0003039,STORE-003,PROD-00108,CUST-000713,3,196.31,2026-03-07T02:57:51,mobile_wallet
TXN-0004679,STORE-005,PROD-00164,CUST-000985,1,231.45,22-06-2026,cash
TXN-0003811,STORE-012,PROD-00275,CUST-000125,4,320.55,2025-09-20T22:58:07,cash
TXN-0003331,STORE-018,PROD-00087,CUST-000399,5,347.77,08-12-2025,card
TXN-0003074,STORE-019,PROD-00172,CUST-000563,2,197.18,07/25/2026 04:01,cash
TXN-0003684,STORE-025,PROD-00261,CUST-000981,4,132.7,09/05/2025 09:11,card
TXN-0004858,STORE-024,PROD-00161,CUST-000790,2,244.6,01-10-2025,cash
TXN-0000222,STORE-004,PROD-00176,CUST-000322,3,122.92,2026-04-17T20:55:08,mobile_wallet
TXN-0000978,STORE-017,PROD-00254,CUST-000176,4,316.24,2026-07-05T23:23:16,mobile_wallet
TXN-0001210,STORE-017,PROD-00227,CUST-000754,0,38.54,07/06/2026 02:00,cash
TXN-0002461,STORE-020,PROD-00167,CUST-000883,3,331.85,2026-03-17T11:43:52,cash
TXN-0000949,STORE-001,PROD-00296,CUST-000882,3,-246.02,08/10/2026 21:21,mobile_wallet
TXN-0000260,STORE-018,PROD-00004,CUST-000166,3,105.24,2026-05-28T00:26:00,card
TXN-0004620,STORE-006,PROD-00083,CUST-000589,3,243.21,12/16/2025 19:31,cash
TXN-0003072,STORE-013,PROD-00057,CUST-000917,2,65.86,2025-09-22T16:40:40,card
TXN-0001141,STORE-011,PROD-00219,CUST-000950,4,192.5,2025-08-30T04:14:24,card
TXN-0000557,STORE-005,PROD-00060,CUST-000306,4,134.16,07/30/2026 19:05,mobile_wallet
TXN-0002919,STORE-020,PROD-00240,CUST-000461,3,100.07,09-06-2026,card
TXN-0000934,STORE-006,PROD-00056,CUST-000072,1,405.5,09/01/2025 15:19,card
TXN-0003018,STORE-002,PROD-00294,CUST-000636,4,125.57,12-04-2026,mobile_wallet
TXN-0001955,STORE-025,PROD-00278,CUST-000351,3,401.02,2026-02-03T12:08:53,mobile_wallet
TXN-0004681,STORE-004,PROD-00106,CUST-000286,1,172.64,2026-08-13T07:28:16,card
TXN-0003110,STORE-016,PROD-00054,CUST-000881,3,267.97,31-03-2026,mobile_wallet
TXN-0001342,STORE-025,PROD-00167,CUST-000056,4,331.85,28-03-2026,cash
TXN-0000187,STORE-020,PROD-00187,CUST-000578,2,300.08,26-08-2025,cash
TXN-0001369,STORE-020,PROD-00151,CUST-000841,4,197.07,2025-10-05T15:13:50,mobile_wallet
TXN-0003702,STORE-011,PROD-00246,CUST-000337,3,295.15,16-12-2025,mobile_wallet
TXN-0001762,STORE-002,PROD-00189,CUST-000102,1,-371.6,06/01/2026 16:40,card
TXN-0002488,STORE-013,PROD-00246,CUST-000659,3,295.15,10/27/2025 20:29,cash
TXN-0001709,STORE-016,PROD-00191,CUST-000279,3,177.43,20-09-2025,cash
TXN-0000647,STORE-008,PROD-00171,CUST-000982,1,389.02,2026-06-08T05:44:19,mobile_wallet
TXN-0004837,STORE-002,PROD-00252,CUST-000190,3,86.28,06/30/2026 08:36,mobile_wallet
TXN-0003952,STORE-012,PROD-00001,CUST-000687,3,50.1,2026-02-23T02:46:03,cash
TXN-0004848,STORE-011,PROD-00268,CUST-000731,1,159.92,12-10-2025,card
TXN-0001608,STORE-013,PROD-00124,CUST-000652,3,410.1,2026-06-16T13:33:21,card
TXN-0001805,STORE-002,PROD-00211,CUST-000843,2,258.83,22-11-2025,card
TXN-0004095,STORE-008,PROD-00206,CUST-000795,3,275.13,01/21/2026 21:10,card
TXN-0000569,STORE-017,PROD-00082,CUST-000341,1,208.22,2026-03-05T18:12:03,mobile_wallet
TXN-0001451,STORE-022,PROD-00177,CUST-000092,2,52.67,07/18/2026 09:49,mobile_wallet
TXN-0003531,STORE-008,PROD-00217,CUST-000199,3,123.22,06-07-2026,card
TXN-0002403,STORE-007,PROD-00128,CUST-000864,4,102.36,2026-05-22T12:18:45,card
TXN-0002085,STORE-015,PROD-00055,CUST-000378,5,305.58,01-03-2026,mobile_wallet
TXN-0004256,STORE-012,PROD-00198,CUST-000235,3,11.18,15-09-2025,card
TXN-0001986,STORE-015,PROD-00114,CUST-000016,4,3.79,11/03/2025 05:59,card
TXN-0002678,STORE-024,PROD-00109,CUST-000208,1,121.34,24-06-2026,card
TXN-0003221,STORE-019,SKU000014,CUST-000336,2,26.37,06-03-2026,cash
TXN-0001461,STORE-013,PROD-00248,CUST-000734,3,31.77,05/15/2026 10:56,mobile_wallet
TXN-0000296,STORE-010,PROD-00050,CUST-000996,4,73.61,2025-11-03T13:11:31,mobile_wallet
TXN-0002249,STORE-012,PROD-00088,CUST-000143,5,250.66,04/19/2026 06:14,mobile_wallet
TXN-0002751,STORE-011,PROD-00118,CUST-000800,-1,265.0,03-03-2026,card
TXN-0002080,STORE-022,PROD-00085,CUST-000678,4,188.57,04/30/2026 19:22,mobile_wallet
TXN-0004168,STORE-023,PROD-00126,CUST-000768,2,120.27,02-01-2026,cash
TXN-0004406,STORE-003,PROD-00293,CUST-000882,3,146.52,14-05-2026,mobile_wallet
TXN-0000024,STORE-008,PROD-00194,CUST-000632,1,137.35,03/19/2026 10:24,card
TXN-0000642,STORE-002,PROD-00265,CUST-000025,2,47.36,27-08-2025,cash
TXN-0000729,STORE-005,PROD-00152,CUST-000418,4,131.51,21-01-2026,mobile_wallet
TXN-0002372,STORE-024,PROD-00073,CUST-000448,3,41.57,2026-03-12T10:44:52,mobile_wallet
TXN-0003107,STORE-025,PROD-00208,CUST-000162,1,270.9,04/19/2026 14:49,cash
TXN-0004193,STORE-019,PROD-00193,CUST-000080,4,70.07,21-11-2025,card
TXN-0001199,STORE-019,PROD-00104,CUST-000742,2,124.94,2026-06-20T03:25:42,cash
TXN-0000680,STORE-017,PROD-00022,CUST-000453,5,30.81,10/05/2025 16:44,cash
TXN-0003654,STORE-010,PROD-00111,CUST-000761,3,15.96,2025-12-19T22:25:48,cash
TXN-0002263,STORE-012,PROD-00053,CUST-000576,2,209.68,2026-01-14T20:27:03,mobile_wallet
TXN-0003276,STORE-019,PROD-00297,CUST-000842,5,297.41,04/25/2026 11:34,mobile_wallet
TXN-0004940,STORE-015,PROD-00060,CUST-000237,1,134.16,03/23/2026 19:11,card
TXN-0000700,STORE-014,PROD-00106,CUST-000429,4,172.64,07/19/2026 18:15,mobile_wallet
TXN-0000271,STORE-020,PROD-00107,CUST-000586,4,70.64,20-02-2026,mobile_wallet
TXN-0003013,STORE-003,PROD-00045,CUST-000841,5,122.63,2025-11-16T04:11:12,cash
TXN-0004136,STORE-025,PROD-00084,CUST-000312,1,147.66,2025-12-07T09:09:33,mobile_wallet
TXN-0001462,STORE-002,PROD-00029,CUST-000104,2,235.83,15-05-2026,mobile_wallet
TXN-0003722,STORE-007,PROD-00013,CUST-000239,-3,125.91,05-02-2026,cash
TXN-0004032,STORE-001,PROD-00275,CUST-000191,-3,320.55,07/26/2026 04:34,cash
TXN-0003887,STORE-008,PROD-00109,CUST-000595,3,-121.34,2026-02-22T12:03:38,cash
TXN-0001865,STORE-002,PROD-00209,CUST-000031,1,46.91,19-10-2025,mobile_wallet
TXN-0004381,STORE-001,PROD-00004,CUST-000280,2,105.24,02/13/2026 08:21,cash
TXN-0004575,STORE-013,PROD-00296,CUST-000191,2,246.02,23-07-2026,cash
TXN-0003130,STORE-014,PROD-00093,CUST-000023,4,253.66,2026-02-17T04:35:33,mobile_wallet
TXN-0004351,STORE-009,PROD-00263,CUST-000569,2,265.75,10/23/2025 10:24,mobile_wallet
TXN-0000500,STORE-012,PROD-00244,CUST-000134,3,26.03,22-02-2026,card
TXN-0003180,STORE-021,PROD-00049,CUST-000730,3,11.75,09/17/2025 03:57,cash
TXN-0000816,STORE-008,PROD-00075,CUST-000530,0,374.2,2025-11-28T17:44:14,cash
TXN-0002692,STORE-013,PROD-00063,CUST-000838,3,222.33,15-10-2025,card
TXN-0000911,STORE-005,PROD-00194,CUST-000662,2,137.35,06/24/2026 20:51,card
TXN-0004232,STORE-017,PROD-00293,CUST-000073,2,146.52,2025-10-12T16:50:37,mobile_wallet
TXN-0004599,STORE-008,SKU000245,CUST-000204,2,167.35,05/16/2026 22:04,mobile_wallet
TXN-0002216,STORE-003,PROD-00138,CUST-000933,2,56.89,04-07-2026,card
TXN-0001035,STORE-012,PROD-00129,CUST-000998,3,159.98,01-10-2025,card
TXN-0000387,STORE-024,PROD-00021,CUST-000198,5,130.87,05/04/2026 14:58,mobile_wallet
TXN-0001821,STORE-011,PROD-00300,CUST-000531,4,124.65,07-06-2026,mobile_wallet
TXN-0001777,STORE-019,PROD-00095,CUST-000646,1,-165.36,2026-05-30T21:51:33,mobile_wallet
TXN-0001744,STORE-009,PROD-00115,CUST-000352,3,345.35,2025-11-28T20:25:45,mobile_wallet
TXN-0000125,STORE-013,PROD-00227,CUST-000654,5,38.54,10/15/2025 05:36,cash
TXN-0003069,STORE-005,PROD-00037,CUST-000960,3,153.17,06/16/2026 14:15,cash
TXN-0002617,STORE-011,PROD-00016,CUST-000232,4,50.67,07/20/2026 10:52,cash
TXN-0004329,STORE-015,PROD-00068,CUST-000124,3,219.43,29-08-2025,card
TXN-0000105,STORE-008,PROD-00272,CUST-000810,4,149.44,09-03-2026,mobile_wallet
TXN-0002699,STORE-011,PROD-00106,CUST-000602,2,172.64,12/08/2025 16:42,cash
TXN-0002709,STORE-024,PROD-00067,CUST-000996,2,234.05,2026-02-19T16:03:59,mobile_wallet
TXN-0000999,STORE-005,PROD-00088,CUST-000719,5,250.66,2026-04-26T17:25:49,mobile_wallet
TXN-0000692,STORE-011,PROD-00276,CUST-000283,5,193.7,2025-11-29T09:57:09,card
TXN-0004417,STORE-023,PROD-00109,CUST-000177,2,121.34,07/03/2026 16:05,cash
TXN-0001536,STORE-012,PROD-00164,CUST-000389,4,231.45,04/13/2026 18:48,cash
TXN-0004602,STORE-024,PROD-00101,CUST-000625,3,102.13,2026-04-03T21:32:51,card
TXN-0002526,STORE-017,PROD-00108,CUST-000104,3,196.31,2025-12-17T23:02:39,card
TXN-0000703,STORE-019,PROD-00236,CUST-000452,1,47.02,03/31/2026 23:30,cash
TXN-0003097,STORE-019,PROD-00119,CUST-000530,2,221.95,02/23/2026 19:16,cash
TXN-0003696,STORE-001,PROD-00201,CUST-000212,4,167.96,06/07/2026 18:34,card
TXN-0002815,STORE-013,sku000016 ,CUST-000966,2,50.67,2026-02-07T23:59:36,cash
TXN-0000063,STORE-015,SKU000079,CUST-000722,3,410.73,2026-02-15T12:56:49,cash
TXN-0002631,STORE-012,PROD-00219,CUST-000873,1,192.5,01/25/2026 20:01,mobile_wallet
TXN-0003768,STORE-015,PROD-00154,CUST-000029,2,45.56,2026-02-26T00:38:41,cash
TXN-0003278,STORE-009,PROD-00277,CUST-000037,4,72.79,2025-09-09T00:25:13,card
TXN-0000313,STORE-005,PROD-00089,CUST-000728,2,18.86,09/12/2025 13:06,cash
TXN-0001888,STORE-019,PROD-00260,CUST-000047,5,88.49,06/15/2026 06:24,mobile_wallet
TXN-0000058,STORE-010,PROD-00277,CUST-000137,1,72.79,12/03/2025 18:06,mobile_wallet
TXN-0001042,STORE-023,SKU000270,CUST-000151,3,191.88,11/02/2025 16:13,cash
TXN-0003042,STORE-002,PROD-00039,CUST-000543,5,183.97,01/25/2026 18:27,mobile_wallet
TXN-0001090,STORE-025,PROD-00212,CUST-000745,5,171.06,2026-01-10T22:24:31,mobile_wallet
TXN-0001420,STORE-013,PROD-00096,CUST-000355,2,221.49,03/05/2026 21:00,cash
TXN-0000799,STORE-024,PROD-00141,CUST-000322,1,312.06,08/28/2025 04:12,mobile_wallet
TXN-0002344,STORE-017,PROD-00296,CUST-000541,5,246.02,11/05/2025 16:43,cash
TXN-0002150,STORE-014,PROD-00291,CUST-000839,5,387.67,23-10-2025,mobile_wallet
TXN-0003172,STORE-001,PROD-00153,CUST-000372,3,389.07,31-03-2026,cash
TXN-0000867,STORE-019,PROD-00293,CUST-000858,1,146.52,08/03/2026 01:42,mobile_wallet
TXN-0000627,STORE-017,SKU000108,CUST-000422,3,196.31,07-09-2025,cash
TXN-0001122,STORE-012,PROD-00298,CUST-000268,2,43.12,05-10-2025,mobile_wallet
TXN-0004034,STORE-020,PROD-00073,CUST-000971,5,41.57,2026-05-31T01:01:19,mobile_wallet
TXN-0003838,STORE-015,PROD-00206,CUST-000173,2,275.13,02/27/2026 13:48,cash
TXN-0000230,STORE-022,PROD-00010,CUST-000620,3,96.14,26-08-2025,cash
TXN-0001431,STORE-018,PROD-00121,CUST-000805,3,360.88,06/17/2026 18:34,mobile_wallet
TXN-0001764,STORE-004,PROD-00044,CUST-000458,5,136.55,16-08-2026,card
TXN-0003423,STORE-017,PROD-00279,CUST-000591,4,114.72,2025-11-18T00:54:57,card
TXN-0004282,STORE-025,PROD-00213,CUST-000784,3,158.8,2026-07-22T12:10:55,cash
TXN-0000905,STORE-005,PROD-00076,CUST-000199,1,-27.66,05/17/2026 03:44,card
TXN-0004650,STORE-025,PROD-00016,CUST-000337,2,50.67,11-02-2026,mobile_wallet
TXN-0001309,STORE-020,PROD-00208,CUST-000811,2,270.9,30-05-2026,mobile_wallet
TXN-0004775,STORE-019,PROD-00268,CUST-000863,4,159.92,05/07/2026 17:38,card
TXN-0004627,STORE-011,PROD-00201,CUST-000115,2,167.96,20-10-2025,card
TXN-0002236,STORE-018,sku000055 ,CUST-000280,3,305.58,2026-04-05T16:00:41,mobile_wallet
TXN-0002014,STORE-001,PROD-00021,CUST-000418,3,130.87,03/30/2026 01:52,mobile_wallet
TXN-0002567,STORE-006,PROD-00290,CUST-000697,3,322.63,29-01-2026,mobile_wallet
TXN-0001593,STORE-016,PROD-00145,CUST-000582,2,210.66,03/07/2026 20:12,card
TXN-0001706,STORE-005,PROD-00214,CUST-000586,4,53.88,2026-02-11T06:32:21,card
TXN-0000098,STORE-001,PROD-00289,CUST-000095,3,265.35,07-03-2026,cash
TXN-0000298,STORE-001,PROD-00233,CUST-000822,1,381.82,08/28/2025 22:23,card
TXN-0004366,STORE-005,PROD-00070,CUST-000630,1,267.33,01/28/2026 17:15,mobile_wallet
TXN-0004597,STORE-008,PROD-00108,CUST-000416,1,196.31,15-10-2025,cash
TXN-0004299,STORE-023,PROD-00258,CUST-000323,1,46.18,2026-01-05T23:12:32,card
TXN-0003362,STORE-015,PROD-00024,CUST-000169,4,131.49,2025-11-24T17:57:58,mobile_wallet
TXN-0001556,STORE-018,PROD-00161,CUST-000837,2,244.6,03-07-2026,mobile_wallet
TXN-0004931,STORE-012,PROD-00297,CUST-000908,2,297.41,2026-02-14T08:38:44,cash
TXN-0003371,STORE-022,PROD-00283,CUST-000747,4,28.3,08/16/2026 21:24,card
TXN-0000434,STORE-010,PROD-00183,CUST-000845,3,103.14,16-02-2026,card
TXN-0003893,STORE-016,PROD-00079,CUST-000739,4,410.73,07/20/2026 21:37,mobile_wallet
TXN-0002598,STORE-003,PROD-00291,CUST-000309,4,387.67,03-04-2026,mobile_wallet
TXN-0002094,STORE-007,PROD-00154,CUST-000101,1,45.56,31-05-2026,card
TXN-0004952,STORE-008,PROD-00222,CUST-000967,1,219.35,21-05-2026,cash
TXN-0004639,STORE-002,PROD-00231,CUST-000346,2,101.96,28-12-2025,cash
TXN-0004902,STORE-024,PROD-00167,CUST-000943,3,331.85,14-08-2026,mobile_wallet
TXN-0003577,STORE-023,PROD-00234,CUST-000436,2,218.66,13-08-2026,mobile_wallet
TXN-0001073,STORE-022,PROD-00175,CUST-000675,5,215.19,09-03-2026,cash
TXN-0001812,STORE-019,SKU000118,CUST-000719,-3,265.0,03/15/2026 07:44,cash
TXN-0000426,STORE-015,PROD-00090,CUST-000556,5,197.2,2026-04-01T15:55:58,cash
TXN-0002610,STORE-001,PROD-00023,CUST-000682,5,206.36,14-07-2026,card
TXN-0000073,STORE-006,SKU000100,CUST-000432,5,413.06,18-08-2026,cash
TXN-0002422,STORE-008,PROD-00120,CUST-000176,4,305.8,18-01-2026,cash
TXN-0004023,STORE-005,PROD-00065,CUST-000317,5,66.03,27-09-2025,cash
TXN-0001214,STORE-012,PROD-00054,CUST-000409,1,267.97,07-11-2025,mobile_wallet
TXN-0000026,STORE-002,SKU000207,CUST-000744,5,170.21,07-07-2026,mobile_wallet
TXN-0001596,STORE-003,PROD-00147,CUST-000190,5,80.88,07-04-2026,card
TXN-0000749,STORE-023,PROD-00048,CUST-000886,4,363.63,2025-09-12T04:12:21,mobile_wallet
TXN-0003782,STORE-001,PROD-00216,CUST-000273,1,188.81,2025-11-27T18:40:39,mobile_wallet
TXN-0003238,STORE-015,PROD-00134,CUST-000689,5,58.95,2026-04-05T17:02:40,cash
TXN-0002703,STORE-012,PROD-00172,CUST-000009,2,197.18,2025-10-07T16:02:01,mobile_wallet
TXN-0003031,STORE-013,PROD-00285,CUST-000450,5,198.44,07/05/2026 07:38,mobile_wallet
TXN-0000180,STORE-025,PROD-00174,CUST-000644,1,195.74,14-02-2026,mobile_wallet
TXN-0003690,STORE-010,PROD-00199,CUST-000643,3,49.88,12/28/2025 13:57,cash
TXN-0001699,STORE-023,PROD-00075,CUST-000309,5,374.2,2025-12-20T16:28:28,mobile_wallet
TXN-0003171,STORE-016,sku000275 ,CUST-000379,3,320.55,06/20/2026 12:20,mobile_wallet
TXN-0002995,STORE-003,PROD-00143,CUST-000315,2,370.32,22-07-2026,cash
TXN-0001568,STORE-013,PROD-00036,CUST-000494,5,277.4,07/26/2026 11:53,mobile_wallet
TXN-0000150,STORE-011,PROD-00041,CUST-000912,2,40.95,16-06-2026,cash
TXN-0000327,STORE-009,PROD-00068,CUST-000036,3,-219.43,2025-10-20T11:39:48,mobile_wallet
TXN-0001749,STORE-024,PROD-00200,CUST-000029,3,88.0,2026-08-05T01:28:21,mobile_wallet
TXN-0004253,STORE-016,PROD-00185,CUST-000597,5,-329.62,04/10/2026 13:14,card
TXN-0001279,STORE-019,PROD-00080,CUST-000437,2,189.59,06/10/2026 20:29,card
TXN-0003683,STORE-006,PROD-00095,CUST-000967,5,165.36,2025-10-13T22:00:47,card
TXN-0004179,STORE-009,PROD-00009,CUST-000391,2,229.81,29-01-2026,cash
TXN-0002597,STORE-003,PROD-00286,CUST-000803,5,118.06,09/25/2025 06:41,mobile_wallet
TXN-0003810,STORE-001,PROD-00210,CUST-000781,4,163.54,2025-10-28T08:23:51,mobile_wallet
TXN-0003129,STORE-019,PROD-00111,CUST-000865,3,15.96,27-09-2025,card
TXN-0004830,STORE-016,PROD-00233,CUST-000085,1,381.82,07/05/2026 13:47,card
TXN-0001442,STORE-003,PROD-00037,CUST-000927,5,153.17,2025-09-07T06:39:54,card
TXN-0002355,STORE-006,PROD-00219,CUST-000153,4,192.5,27-08-2025,mobile_wallet
TXN-0000303,STORE-008,PROD-00279,CUST-000322,2,114.72,01-05-2026,mobile_wallet
TXN-0003500,STORE-011,PROD-00001,CUST-000733,1,50.1,2025-11-28T02:42:05,mobile_wallet
TXN-0001550,STORE-005,PROD-00100,CUST-000698,3,413.06,2025-09-20T04:16:05,mobile_wallet
TXN-0002521,STORE-018,PROD-00237,CUST-000718,5,56.05,27-04-2026,card
TXN-0003094,STORE-002,PROD-00210,CUST-000128,1,163.54,06-08-2026,mobile_wallet
TXN-0001357,STORE-005,SKU000021,CUST-000009,5,130.87,09/14/2025 08:10,card
TXN-0002604,STORE-007,PROD-00169,CUST-000059,-1,-262.44,20-03-2026,cash
TXN-0002185,STORE-017,PROD-00223,CUST-000009,-3,244.67,11/19/2025 06:48,cash
TXN-0000011,STORE-010,PROD-00119,CUST-000425,3,221.95,2026-01-30T14:03:47,card
TXN-0004949,STORE-025,PROD-00052,CUST-000386,1,403.8,2025-09-22T10:01:04,cash
TXN-0003985,STORE-015,PROD-00142,CUST-000022,3,70.8,2026-05-14T23:07:29,card
TXN-0000297,STORE-012,PROD-00133,CUST-000209,4,372.3,12/13/2025 23:23,cash
TXN-0001254,STORE-019,PROD-00164,CUST-000619,5,231.45,04/11/2026 10:46,mobile_wallet
TXN-0003602,STORE-018,PROD-00176,CUST-000305,3,122.92,06/22/2026 19:20,cash
TXN-0003429,STORE-009,PROD-00014,CUST-000936,4,26.37,25-03-2026,cash
TXN-0001487,STORE-021,PROD-00115,CUST-000155,1,345.35,05-08-2026,cash
TXN-0001123,STORE-025,PROD-00077,CUST-000424,1,466.02,2025-10-21T01:42:21,mobile_wallet
TXN-0002147,STORE-012,PROD-00274,CUST-000180,1,144.59,11/18/2025 22:44,mobile_wallet
TXN-0000589,STORE-002,PROD-00057,CUST-000423,3,65.86,2025-12-14T17:41:04,card
TXN-0003080,STORE-019,PROD-00247,CUST-000784,2,30.45,01/28/2026 14:46,mobile_wallet
TXN-0004386,STORE-019,PROD-00185,CUST-000886,4,329.62,2026-04-29T04:27:59,cash
TXN-0001768,STORE-003,PROD-00211,CUST-000766,5,258.83,19-05-2026,cash
TXN-0001538,STORE-015,PROD-00239,CUST-000759,3,296.37,07/03/2026 20:59,cash
TXN-0003149,STORE-003,PROD-00046,CUST-000706,1,68.42,29-05-2026,cash
TXN-0000963,STORE-008,PROD-00082,CUST-000633,1,208.22,2025-09-03T21:42:08,mobile_wallet
TXN-0001688,STORE-018,PROD-00203,CUST-000584,4,264.67,29-04-2026,mobile_wallet
TXN-0001591,STORE-003,PROD-00079,CUST-000697,4,410.73,10/22/2025 21:04,cash
TXN-0000402,STORE-006,PROD-00201,CUST-000716,3,167.96,2026-08-02T01:03:53,cash
TXN-0002825,STORE-017,PROD-00119,CUST-000029,3,221.95,2025-11-19T17:03:56,mobile_wallet
TXN-0002922,STORE-011,PROD-00071,CUST-000030,3,133.13,09/05/2025 12:47,mobile_wallet
TXN-0000251,STORE-024,PROD-00232,CUST-000649,5,179.91,22-06-2026,mobile_wallet
TXN-0000390,STORE-010,PROD-00246,CUST-000307,2,295.15,24-10-2025,mobile_wallet
TXN-0000937,STORE-019,PROD-00110,CUST-000805,1,33.91,2025-10-12T03:03:34,cash
TXN-0000142,STORE-001,PROD-00077,CUST-000861,2,466.02,13-06-2026,mobile_wallet
TXN-0004240,STORE-015,PROD-00191,CUST-000431,2,177.43,06-02-2026,card
TXN-0003940,STORE-016,PROD-00095,CUST-000250,-3,165.36,2026-05-10T08:14:54,mobile_wallet
TXN-0002898,STORE-024,PROD-00122,CUST-000877,4,427.3,2026-07-30T00:43:58,mobile_wallet
TXN-0004173,STORE-020,PROD-00283,CUST-000752,2,28.3,03-02-2026,card
TXN-0001041,STORE-006,PROD-00237,CUST-000490,4,56.05,2026-05-09T23:52:30,card
TXN-0000982,STORE-021,SKU000181,CUST-000204,1,231.93,13-08-2026,cash
TXN-0003306,STORE-018,PROD-00159,CUST-000664,3,269.69,2026-06-18T16:35:40,mobile_wallet
TXN-0001775,STORE-016,PROD-00003,CUST-000447,1,283.27,16-03-2026,card
TXN-0003638,STORE-011,PROD-00253,CUST-000091,4,288.42,2025-12-13T23:12:04,mobile_wallet
TXN-0002588,STORE-020,PROD-00093,CUST-000028,1,253.66,07-09-2025,mobile_wallet
TXN-0004951,STORE-004,PROD-00092,CUST-000805,3,35.56,11/09/2025 03:28,card
TXN-0002339,STORE-020,PROD-00008,CUST-000111,4,195.87,2025-12-23T23:47:17,card
TXN-0004790,STORE-021,PROD-00228,CUST-000302,5,168.6,13-02-2026,mobile_wallet
TXN-0004748,STORE-001,PROD-00025,CUST-000088,4,233.72,2026-06-23T00:07:09,cash
TXN-0004616,STORE-021,PROD-00280,CUST-000985,5,30.75,09-12-2025,mobile_wallet
TXN-0003207,STORE-005,PROD-00114,CUST-000211,3,3.79,2025-10-19T11:19:30,card
TXN-0001164,STORE-002,PROD-00205,CUST-000676,3,27.76,19-10-2025,card
TXN-0003318,STORE-006,PROD-00214,CUST-000824,5,53.88,2026-02-17T05:32:40,card
TXN-0003381,STORE-001,PROD-00221,CUST-000292,2,89.36,2025-12-28T03:07:57,cash
TXN-0002112,STORE-008,PROD-00216,CUST-000065,4,188.81,2025-10-28T09:13:00,mobile_wallet
TXN-0000202,STORE-010,PROD-00018,CUST-000522,-1,398.31,03/23/2026 03:18,card
TXN-0002494,STORE-021,PROD-00139,CUST-000693,5,109.66,22-06-2026,cash
TXN-0001277,STORE-003,PROD-00293,CUST-000512,4,146.52,2025-11-24T23:30:14,mobile_wallet
TXN-0001660,STORE-002,PROD-00217,CUST-000579,5,123.22,19-06-2026,mobile_wallet
TXN-0002872,STORE-018,PROD-00190,CUST-000122,2,244.93,14-03-2026,cash
TXN-0000850,STORE-005,PROD-00118,CUST-000127,4,265.0,2026-05-03T22:50:35,cash
TXN-0000966,STORE-003,PROD-00279,CUST-000551,5,114.72,2025-12-04T05:14:37,cash
TXN-0004054,STORE-025,PROD-00159,CUST-000687,2,269.69,13-09-2025,mobile_wallet
TXN-0003728,STORE-015,PROD-00044,CUST-000532,2,136.55,28-03-2026,mobile_wallet
TXN-0002106,STORE-008,PROD-00276,CUST-000457,5,193.7,01/11/2026 15:01,cash
TXN-0000624,STORE-020,PROD-00247,CUST-000995,3,30.45,02/09/2026 05:33,mobile_wallet
TXN-0001615,STORE-018,PROD-00244,CUST-000069,1,26.03,22-09-2025,mobile_wallet
TXN-0003049,STORE-017,PROD-00120,CUST-000005,4,305.8,2025-12-26T19:20:32,mobile_wallet
TXN-0000646,STORE-009,PROD-00172,CUST-000369,2,197.18,11/08/2025 21:37,card
TXN-0001922,STORE-014,PROD-00113,CUST-000903,2,188.3,01/16/2026 01:21,card
TXN-0000423,STORE-015,PROD-00213,CUST-000738,3,158.8,10/05/2025 22:44,mobile_wallet
TXN-0004062,STORE-009,PROD-00041,CUST-000979,5,40.95,2026-05-30T01:20:29,cash
TXN-0004016,STORE-004,PROD-00012,CUST-000050,4,272.48,21-10-2025,cash
TXN-0001203,STORE-002,PROD-00040,CUST-000748,2,330.8,30-09-2025,cash
TXN-0002270,STORE-020,PROD-00142,CUST-000692,4,70.8,2025-11-02T06:42:53,card
TXN-0003490,STORE-016,PROD-00140,CUST-000180,1,234.87,09-03-2026,cash
TXN-0000068,STORE-022,PROD-00203,CUST-000899,1,264.67,2025-11-20T18:58:45,mobile_wallet
TXN-0001000,STORE-015,PROD-00212,CUST-000095,1,171.06,12/17/2025 22:45,mobile_wallet
TXN-0003772,STORE-010,PROD-00176,CUST-000800,5,122.92,2026-05-03T13:42:02,mobile_wallet
TXN-0001625,STORE-015,PROD-00289,CUST-000722,4,265.35,2026-04-10T12:24:22,mobile_wallet
TXN-0000320,STORE-025,PROD-00270,CUST-000622,3,191.88,01-10-2025,card
TXN-0004099,STORE-010,PROD-00270,CUST-000007,2,191.88,31-12-2025,mobile_wallet
TXN-0001610,STORE-015,PROD-00035,CUST-000554,1,241.08,07/25/2026 03:10,card
TXN-0000875,STORE-015,PROD-00283,CUST-000829,2,28.3,21-02-2026,cash
TXN-0004355,STORE-010,PROD-00197,CUST-000677,2,58.81,06/27/2026 22:29,mobile_wallet
TXN-0001913,STORE-005,PROD-00211,CUST-000864,1,258.83,12/13/2025 17:12,cash
TXN-0001619,STORE-023,PROD-00238,CUST-000979,5,110.16,02-03-2026,mobile_wallet
TXN-0001186,STORE-023,PROD-00165,CUST-000869,4,131.68,17-09-2025,card
TXN-0003705,STORE-019,PROD-00247,CUST-000178,1,30.45,29-12-2025,cash
TXN-0002667,STORE-020,PROD-00104,CUST-001000,5,124.94,02/04/2026 18:58,cash
TXN-0003242,STORE-014,PROD-00230,CUST-000141,4,29.05,09-08-2026,cash
TXN-0002450,STORE-005,PROD-00039,CUST-000115,5,183.97,2025-09-14T18:21:17,mobile_wallet
TXN-0003812,STORE-003,PROD-00224,CUST-000269,3,109.98,03/04/2026 06:07,mobile_wallet
TXN-0004980,STORE-017,PROD-00125,CUST-000164,4,373.21,28-06-2026,mobile_wallet
TXN-0001800,STORE-011,PROD-00215,CUST-000603,1,320.74,19-05-2026,cash
TXN-0004755,STORE-022,PROD-00070,CUST-000754,1,267.33,2026-02-02T16:59:42,mobile_wallet
TXN-0004626,STORE-003,PROD-00293,CUST-000310,1,146.52,03/15/2026 11:52,card
TXN-0004928,STORE-016,PROD-00105,CUST-000454,5,126.39,11-08-2026,mobile_wallet
TXN-0004762,STORE-024,PROD-00074,CUST-000776,1,121.72,2026-08-18T02:26:49,mobile_wallet
TXN-0002362,STORE-019,PROD-00063,CUST-000630,5,222.33,2025-10-16T16:55:26,mobile_wallet
TXN-0004334,STORE-004,PROD-00100,CUST-000834,4,413.06,03/24/2026 07:57,card
TXN-0000864,STORE-019,PROD-00024,CUST-000882,1,131.49,17-03-2026,cash
TXN-0003866,STORE-004,PROD-00198,CUST-000443,3,11.18,01-02-2026,card
TXN-0002205,STORE-002,PROD-00216,CUST-000383,4,188.81,10/25/2025 11:49,card
TXN-0003376,STORE-018,PROD-00243,CUST-000480,1,190.7,08/01/2026 04:13,cash
TXN-0002146,STORE-009,PROD-00143,CUST-000687,3,370.32,07-04-2026,card
TXN-0004967,STORE-014,PROD-00226,CUST-000364,5,208.87,22-01-2026,mobile_wallet
TXN-0004277,STORE-004,PROD-00201,CUST-000645,5,167.96,02/21/2026 01:19,mobile_wallet
TXN-0000208,STORE-021,sku000049 ,CUST-000492,3,11.75,06/25/2026 08:15,card
TXN-0001584,STORE-004,PROD-00040,CUST-000153,1,330.8,2026-06-15T01:32:16,cash
TXN-0001796,STORE-009,PROD-00190,CUST-000919,1,244.93,05/14/2026 08:41,mobile_wallet
TXN-0001221,STORE-009,PROD-00002,CUST-000337,5,97.99,03-11-2025,mobile_wallet
TXN-0000862,STORE-021,PROD-00188,CUST-000993,1,61.17,10/17/2025 03:46,mobile_wallet
TXN-0002561,STORE-009,PROD-00231,CUST-000257,1,-101.96,2025-10-28T14:45:37,mobile_wallet
TXN-0001197,STORE-007,PROD-00008,CUST-000786,3,195.87,12/02/2025 08:18,mobile_wallet
TXN-0001581,STORE-009,PROD-00291,CUST-000445,2,387.67,2026-07-08T00:40:54,card
TXN-0001286,STORE-011,PROD-00273,CUST-000691,4,440.02,2026-02-20T17:21:04,cash
TXN-0002197,STORE-017,PROD-00045,CUST-000985,5,122.63,11/12/2025 08:06,mobile_wallet
TXN-0001671,STORE-007,PROD-00207,CUST-000260,3,170.21,02-10-2025,cash
TXN-0002212,STORE-020,PROD-00015,CUST-000032,1,287.92,2026-04-10T10:43:48,card
TXN-0004431,STORE-023,PROD-00091,CUST-000732,3,98.64,2025-12-18T20:54:51,mobile_wallet
TXN-0000708,STORE-025,PROD-00054,CUST-000764,3,267.97,2026-07-08T02:40:55,mobile_wallet
TXN-0003675,STORE-009,PROD-00232,CUST-000541,3,179.91,2026-03-04T00:18:58,card
TXN-0004850,STORE-008,PROD-00222,CUST-000978,2,219.35,08-06-2026,cash
TXN-0000245,STORE-011,PROD-00251,CUST-000463,4,304.44,2025-10-01T05:18:57,mobile_wallet
TXN-0001502,STORE-021,PROD-00272,CUST-000045,1,149.44,2026-05-02T11:02:48,card
TXN-0003252,STORE-017,PROD-00072,CUST-000066,4,73.06,2026-04-06T02:33:18,card
TXN-0003028,STORE-018,PROD-00291,CUST-000746,5,387.67,2025-11-10T20:40:59,mobile_wallet
TXN-0003193,STORE-016,PROD-00144,CUST-000222,4,362.55,06-12-2025,cash
TXN-0000606,STORE-020,PROD-00167,CUST-000708,5,331.85,07/09/2026 11:06,cash
TXN-0000798,STORE-022,PROD-00251,CUST-000067,5,304.44,08-05-2026,cash
TXN-0000379,STORE-016,PROD-00113,CUST-000101,5,188.3,2025-11-15T11:01:01,card
TXN-0000571,STORE-005,PROD-00286,CUST-000694,5,118.06,2025-12-06T01:26:43,cash
TXN-0002680,STORE-003,PROD-00218,CUST-000539,1,279.94,2025-10-07T00:45:59,card
TXN-0001789,STORE-013,SKU000075,CUST-000829,3,374.2,03-12-2025,card
TXN-0002924,STORE-023,PROD-00288,CUST-000127,5,112.73,09/15/2025 17:28,mobile_wallet
TXN-0004293,STORE-012,PROD-00053,CUST-000475,4,209.68,03/18/2026 16:04,card
TXN-0002064,STORE-010,PROD-00285,CUST-000386,1,198.44,2025-09-15T14:34:38,card
TXN-0003249,STORE-008,PROD-00074,CUST-000758,2,121.72,2025-11-29T14:22:53,mobile_wallet
TXN-0004339,STORE-013,PROD-00139,CUST-000430,5,109.66,06-01-2026,cash
TXN-0004974,STORE-005,PROD-00021,CUST-000665,2,130.87,05/17/2026 04:29,card
TXN-0004150,STORE-004,PROD-00060,CUST-000506,2,134.16,2026-05-14T03:54:52,mobile_wallet
TXN-0001815,STORE-005,PROD-00108,CUST-000163,3,196.31,2026-06-19T07:35:17,mobile_wallet
TXN-0001476,STORE-007,SKU000203,CUST-000046,1,264.67,2026-06-10T05:09:27,mobile_wallet
TXN-0001558,STORE-013,PROD-00128,CUST-000840,4,102.36,03/25/2026 02:49,cash
TXN-0002240,STORE-008,PROD-00262,CUST-000554,1,330.85,2025-12-30T22:57:06,cash
TXN-0004720,STORE-015,PROD-00258,CUST-000253,1,46.18,04/22/2026 19:12,card
TXN-0003332,STORE-019,PROD-00238,CUST-000501,5,110.16,26-09-2025,card
TXN-0002374,STORE-021,SKU000299,CUST-000910,4,239.33,02/11/2026 00:09,card
TXN-0001830,STORE-008,PROD-00072,CUST-000738,1,73.06,2026-06-21T01:36:47,cash
TXN-0004221,STORE-016,PROD-00095,CUST-000292,4,165.36,23-01-2026,cash
TXN-0003775,STORE-018,PROD-00116,CUST-000074,1,162.81,04/29/2026 19:27,mobile_wallet
TXN-0002509,STORE-019,PROD-00052,CUST-000131,1,403.8,2026-07-27T05:02:21,cash
TXN-0003568,STORE-019,PROD-00095,CUST-000641,1,165.36,17-04-2026,cash
TXN-0001241,STORE-012,PROD-00073,CUST-000278,4,41.57,02-06-2026,card
TXN-0002736,STORE-013,PROD-00018,CUST-000017,5,398.31,05-02-2026,cash
TXN-0001337,STORE-007,PROD-00287,CUST-000146,2,159.36,10/08/2025 20:42,card
TXN-0000782,STORE-010,PROD-00162,CUST-000359,2,101.72,20-05-2026,cash
TXN-0001945,STORE-021,PROD-00263,CUST-000503,1,265.75,08/04/2026 07:54,mobile_wallet
TXN-0001766,STORE-010,PROD-00163,CUST-000781,5,414.19,2026-02-24T07:35:51,card
TXN-0003736,STORE-017,PROD-00136,CUST-000554,5,39.83,07/10/2026 18:50,card
TXN-0002069,STORE-006,PROD-00277,CUST-000079,1,72.79,2026-02-02T12:38:43,mobile_wallet
TXN-0000650,STORE-004,PROD-00222,CUST-000385,1,219.35,05/17/2026 00:57,cash
TXN-0000832,STORE-012,SKU000195,CUST-000298,1,66.89,16-10-2025,card
TXN-0000115,STORE-003,PROD-00223,CUST-000617,3,244.67,2026-05-25T00:53:46,mobile_wallet
TXN-0000921,STORE-023,PROD-00048,CUST-000431,2,363.63,24-01-2026,card
TXN-0004332,STORE-021,PROD-00184,CUST-000740,4,232.98,2025-10-09T09:42:37,mobile_wallet
TXN-0001422,STORE-017,PROD-00298,CUST-000429,5,43.12,2025-08-29T05:17:52,cash
TXN-0003797,STORE-008,PROD-00142,CUST-000117,2,70.8,05/07/2026 00:05,cash
TXN-0004148,STORE-007,PROD-00036,CUST-000418,5,277.4,14-05-2026,card
TXN-0000015,STORE-016,PROD-00198,CUST-000367,4,11.18,2025-10-03T05:12:30,card
TXN-0004217,STORE-004,PROD-00296,CUST-000127,4,246.02,12/29/2025 21:49,cash
TXN-0004900,STORE-008,PROD-00118,CUST-000872,4,265.0,17-03-2026,cash
TXN-0000351,STORE-001,PROD-00277,CUST-000017,4,72.79,10/15/2025 03:20,card
TXN-0000980,STORE-024,PROD-00106,CUST-000583,4,172.64,04-08-2026,mobile_wallet
TXN-0003879,STORE-015,PROD-00265,CUST-000384,1,47.36,2026-01-31T02:27:41,card
TXN-0002207,STORE-007,PROD-00278,CUST-000866,5,401.02,2026-07-19T12:43:39,cash
TXN-0001304,STORE-002,PROD-00141,CUST-000558,2,312.06,2026-05-16T00:56:44,cash
TXN-0004821,STORE-023,PROD-00258,CUST-000160,4,46.18,05/24/2026 17:00,cash
TXN-0002511,STORE-013,sku000084 ,CUST-000353,5,147.66,2025-08-26T20:22:14,card
TXN-0002209,STORE-002,PROD-00142,CUST-000240,4,70.8,01/23/2026 13:24,card
TXN-0003455,STORE-011,PROD-00079,CUST-000359,3,410.73,2026-07-17T10:57:11,mobile_wallet
TXN-0000264,STORE-002,PROD-00297,CUST-000496,1,297.41,04/26/2026 20:01,card
TXN-0001140,STORE-011,SKU000153,CUST-000454,1,389.07,29-10-2025,mobile_wallet
TXN-0001508,STORE-015,PROD-00076,CUST-000944,1,27.66,10/23/2025 07:03,cash
TXN-0003863,STORE-001,PROD-00054,CUST-000217,3,267.97,2026-02-11T21:44:27,card
TXN-0001125,STORE-016,PROD-00027,CUST-000090,5,103.95,2026-01-01T02:20:31,mobile_wallet
TXN-0001477,STORE-016,PROD-00019,CUST-000562,1,114.13,08/23/2026 09:44,card
TXN-0004317,STORE-014,PROD-00061,CUST-000901,1,142.82,2026-03-27T18:05:44,card
TXN-0003847,STORE-022,PROD-00185,CUST-000750,3,329.62,07/04/2026 05:08,card
TXN-0003000,STORE-016,PROD-00294,CUST-000921,2,125.57,12/10/2025 17:03,mobile_wallet
TXN-0003554,STORE-020,PROD-00176,CUST-000725,5,122.92,01/19/2026 13:34,mobile_wallet
TXN-0001027,STORE-003,PROD-00106,CUST-000309,2,172.64,2025-09-24T18:18:26,cash
TXN-0002375,STORE-007,PROD-00294,CUST-000734,1,125.57,02/27/2026 21:35,card
TXN-0002807,STORE-024,PROD-00070,CUST-000387,2,267.33,04/01/2026 00:27,mobile_wallet
TXN-0000986,STORE-011,PROD-00239,CUST-000603,2,296.37,18-01-2026,card
TXN-0004647,STORE-024,PROD-00065,CUST-000264,3,66.03,09/14/2025 20:40,card
TXN-0003653,STORE-018,PROD-00149,CUST-000216,3,197.41,2026-06-27T05:47:28,mobile_wallet
TXN-0001605,STORE-022,PROD-00203,CUST-000699,4,264.67,01/01/2026 08:41,mobile_wallet
TXN-0003504,STORE-011,PROD-00009,CUST-000597,4,229.81,2026-08-23T04:46:05,cash
TXN-0003131,STORE-022,PROD-00210,CUST-000334,1,163.54,2026-06-05T22:20:59,card
TXN-0003937,STORE-018,PROD-00130,CUST-000095,2,93.35,2026-06-30T11:41:11,card
TXN-0000004,STORE-005,PROD-00243,CUST-000140,2,190.7,07/03/2026 00:00,cash
TXN-0004717,STORE-014,PROD-00160,CUST-000039,4,168.5,04/19/2026 02:16,cash
TXN-0003088,STORE-005,PROD-00217,CUST-000940,3,123.22,01/26/2026 16:57,mobile_wallet
TXN-0002091,STORE-025,PROD-00294,CUST-000370,2,125.57,15-01-2026,mobile_wallet
TXN-0004356,STORE-007,PROD-00223,CUST-000732,3,244.67,05/16/2026 20:23,cash
TXN-0000914,STORE-008,PROD-00172,CUST-000528,3,197.18,2026-01-04T20:30:08,mobile_wallet
TXN-0002875,STORE-001,PROD-00149,CUST-000066,3,197.41,11/13/2025 22:34,cash
TXN-0004547,STORE-014,PROD-00206,CUST-000952,3,275.13,2025-11-14T02:31:15,cash
TXN-0002920,STORE-002,PROD-00201,CUST-000561,5,167.96,2026-04-16T23:37:38,cash
TXN-0003253,STORE-002,PROD-00014,CUST-000899,5,26.37,2026-08-16T04:25:02,cash
TXN-0003162,STORE-017,PROD-00187,CUST-000206,3,300.08,2025-12-18T23:22:55,cash
TXN-0004582,STORE-015,PROD-00269,CUST-000869,4,340.17,2026-02-23T08:23:12,cash
TXN-0001150,STORE-011,PROD-00081,CUST-000187,3,411.67,26-09-2025,card
TXN-0000211,STORE-017,PROD-00028,CUST-000451,1,282.23,08/17/2026 06:43,mobile_wallet
TXN-0002966,STORE-020,PROD-00143,CUST-000467,1,370.32,10-04-2026,cash
TXN-0000733,STORE-011,PROD-00196,CUST-000499,2,-190.23,06/04/2026 04:34,card
TXN-0000635,STORE-012,PROD-00253,CUST-000512,1,288.42,25-12-2025,mobile_wallet
TXN-0002502,STORE-008,PROD-00019,CUST-000859,4,114.13,2026-04-07T22:12:30,card
TXN-0003263,STORE-009,PROD-00019,CUST-000950,1,114.13,2025-08-24T01:43:35,card
TXN-0000504,STORE-006,PROD-00108,CUST-000800,4,196.31,20-02-2026,cash
TXN-0003858,STORE-001,PROD-00197,CUST-000072,3,58.81,2026-06-22T07:37:01,mobile_wallet
TXN-0003555,STORE-006,PROD-00039,CUST-000086,5,183.97,01-02-2026,card
TXN-0002338,STORE-001,PROD-00031,CUST-000811,-1,283.68,2025-12-05T19:20:39,mobile_wallet
TXN-0000394,STORE-007,PROD-00295,CUST-000054,1,213.54,2026-03-21T10:09:33,mobile_wallet
TXN-0002157,STORE-007,PROD-00286,CUST-000412,2,118.06,2025-10-27T15:45:18,card
TXN-0001693,STORE-019,PROD-00076,CUST-000352,2,27.66,2026-05-31T03:40:49,card
TXN-0000760,STORE-002,PROD-00299,CUST-000411,1,239.33,11/28/2025 05:13,mobile_wallet
TXN-0004175,STORE-012,PROD-00073,CUST-000475,5,41.57,06/27/2026 08:14,cash
TXN-0003565,STORE-002,PROD-00052,CUST-000245,5,403.8,08/05/2026 03:04,mobile_wallet
TXN-0004180,STORE-009,PROD-00212,CUST-000726,5,171.06,13-10-2025,cash
TXN-0003901,STORE-018,PROD-00051,CUST-000137,4,248.42,2025-10-27T03:30:27,cash
TXN-0003103,STORE-001,SKU000227,CUST-000174,2,38.54,06/17/2026 06:30,card
TXN-0002295,STORE-013,PROD-00137,CUST-000621,1,278.35,15-01-2026,cash
TXN-0001924,STORE-022,PROD-00230,CUST-000462,5,29.05,2025-10-02T17:17:56,mobile_wallet
TXN-0001144,STORE-025,PROD-00133,CUST-000634,1,372.3,2026-05-18T20:10:48,card
TXN-0002669,STORE-004,PROD-00287,CUST-000171,1,159.36,2025-10-19T10:32:00,mobile_wallet
TXN-0001412,STORE-024,PROD-00202,CUST-000064,1,87.32,05/31/2026 04:56,mobile_wallet
TXN-0001611,STORE-013,PROD-00154,CUST-000821,3,45.56,05-10-2025,cash
TXN-0002804,STORE-002,PROD-00173,CUST-000068,2,124.21,10/15/2025 15:12,mobile_wallet
TXN-0003885,STORE-022,PROD-00119,CUST-000604,5,221.95,09/20/2025 04:29,mobile_wallet
TXN-0000101,STORE-005,PROD-00194,CUST-000863,-3,137.35,22-07-2026,mobile_wallet
TXN-0001923,STORE-018,PROD-00240,CUST-000939,5,100.07,2025-10-30T17:50:32,card
TXN-0004409,STORE-006,PROD-00100,CUST-000572,4,413.06,2026-02-10T20:27:35,cash
TXN-0004704,STORE-016,PROD-00055,CUST-000342,3,305.58,17-08-2026,card
TXN-0003655,STORE-020,PROD-00014,CUST-000413,4,26.37,06/07/2026 08:24,mobile_wallet
TXN-0000737,STORE-021,PROD-00296,CUST-000993,2,246.02,2026-07-16T18:01:21,cash
TXN-0004304,STORE-018,PROD-00049,CUST-000541,1,11.75,12/16/2025 04:10,mobile_wallet
TXN-0004182,STORE-011,PROD-00055,CUST-000648,3,305.58,01/28/2026 17:39,cash
TXN-0004959,STORE-002,PROD-00151,CUST-000588,3,197.07,12/20/2025 07:38,mobile_wallet
TXN-0001972,STORE-015,PROD-00182,CUST-000767,4,92.63,2025-11-06T20:22:48,mobile_wallet
TXN-0001028,STORE-015,PROD-00279,CUST-000938,5,114.72,03/02/2026 06:01,cash
TXN-0003803,STORE-005,PROD-00027,CUST-000995,2,103.95,28-08-2025,cash
TXN-0004757,STORE-008,PROD-00300,CUST-000142,5,124.65,01/14/2026 16:18,card
TXN-0002376,STORE-011,PROD-00133,CUST-000461,4,372.3,2026-08-14T18:05:32,mobile_wallet
TXN-0004777,STORE-018,PROD-00093,CUST-000100,5,253.66,04/26/2026 20:02,card
TXN-0002589,STORE-004,PROD-00181,CUST-000715,2,231.93,2025-08-30T18:53:03,mobile_wallet
TXN-0004826,STORE-019,PROD-00133,CUST-000475,2,372.3,2026-06-06T22:09:54,mobile_wallet
TXN-0003743,STORE-007,PROD-00213,CUST-000656,5,158.8,22-07-2026,cash
TXN-0002930,STORE-003,SKU000187,CUST-000019,3,300.08,2025-10-27T07:58:01,cash
TXN-0000659,STORE-018,PROD-00122,CUST-000187,1,427.3,2025-08-24T01:53:19,mobile_wallet
TXN-0003166,STORE-006,PROD-00216,CUST-000768,3,188.81,05/19/2026 08:58,card
TXN-0001597,STORE-012,PROD-00192,CUST-000105,5,57.16,25-06-2026,cash
TXN-0002752,STORE-021,PROD-00052,CUST-000288,1,403.8,2026-04-21T04:13:58,mobile_wallet
TXN-0004407,STORE-015,PROD-00014,CUST-000424,5,26.37,25-08-2025,card
TXN-0002152,STORE-015,PROD-00141,CUST-000907,2,312.06,2025-11-06T05:33:49,mobile_wallet
TXN-0002725,STORE-012,PROD-00199,CUST-000569,1,49.88,11/12/2025 10:41,card
TXN-0000451,STORE-022,PROD-00095,CUST-000516,1,165.36,11/02/2025 19:54,cash
TXN-0001547,STORE-010,PROD-00067,CUST-000383,3,234.05,2025-10-01T16:46:23,cash
TXN-0000364,STORE-004,PROD-00206,CUST-000983,5,275.13,2026-04-15T10:13:05,card
TXN-0004102,STORE-024,PROD-00086,CUST-000671,2,24.26,03/26/2026 11:24,cash
TXN-0000596,STORE-021,PROD-00300,CUST-000788,4,124.65,12/18/2025 07:25,mobile_wallet
TXN-0004632,STORE-014,PROD-00169,CUST-000971,3,262.44,11-05-2026,card
TXN-0003027,STORE-011,PROD-00015,CUST-000052,1,287.92,2026-01-31T13:22:39,card
TXN-0002774,STORE-002,PROD-00003,CUST-000478,4,283.27,2025-10-27T19:54:28,cash
TXN-0001104,STORE-004,PROD-00030,CUST-000230,5,142.56,11-10-2025,cash
TXN-0004051,STORE-022,PROD-00118,CUST-000887,5,265.0,11-08-2026,card
TXN-0003294,STORE-005,PROD-00145,CUST-000075,4,210.66,02/15/2026 22:01,mobile_wallet
TXN-0000830,STORE-015,PROD-00022,CUST-000090,2,30.81,15-09-2025,card
TXN-0004249,STORE-025,PROD-00242,CUST-000868,-3,12.79,2026-07-23T07:52:35,mobile_wallet
TXN-0003375,STORE-025,PROD-00184,CUST-000022,2,232.98,08/08/2026 13:14,card
TXN-0000031,STORE-005,PROD-00085,CUST-000494,4,188.57,2026-07-11T03:42:51,card
TXN-0002228,STORE-005,PROD-00291,CUST-000117,1,387.67,2026-07-12T11:34:13,cash
TXN-0002194,STORE-022,PROD-00056,CUST-000766,1,405.5,12-12-2025,card
TXN-0000788,STORE-017,PROD-00201,CUST-000040,3,167.96,03-04-2026,mobile_wallet
TXN-0004161,STORE-017,PROD-00132,CUST-000245,4,131.99,13-12-2025,cash
TXN-0004201,STORE-024,PROD-00146,CUST-000964,4,128.46,2025-12-18T11:27:05,card
TXN-0002614,STORE-020,PROD-00048,CUST-000564,5,363.63,04/10/2026 08:46,mobile_wallet
TXN-0002173,STORE-018,PROD-00222,CUST-000193,5,219.35,04/20/2026 13:57,mobile_wallet
TXN-0003495,STORE-014,PROD-00194,CUST-000568,4,137.35,29-07-2026,cash
TXN-0001928,STORE-017,PROD-00256,CUST-000179,2,278.69,2025-08-26T13:17:39,mobile_wallet
TXN-0004324,STORE-007,PROD-00026,CUST-000467,-1,57.84,11/18/2025 22:21,card
TXN-0001382,STORE-006,PROD-00102,CUST-000402,1,281.32,2026-04-08T21:17:24,card
TXN-0004642,STORE-013,PROD-00127,CUST-000256,4,96.44,18-05-2026,card
TXN-0003608,STORE-017,PROD-00150,CUST-000507,4,90.56,2025-11-30T10:58:22,cash
TXN-0003538,STORE-016,PROD-00210,CUST-000553,1,163.54,30-10-2025,cash
TXN-0004340,STORE-002,PROD-00248,CUST-000958,1,31.77,03/17/2026 02:17,mobile_wallet
TXN-0000316,STORE-006,PROD-00218,CUST-000972,4,279.94,12/20/2025 03:16,cash
TXN-0001389,STORE-014,PROD-00158,CUST-000296,5,8.9,09-10-2025,card
TXN-0000220,STORE-008,PROD-00226,CUST-000834,2,208.87,05-08-2026,card
TXN-0001852,STORE-024,PROD-00189,CUST-000404,5,371.6,10/24/2025 03:59,card
TXN-0001315,STORE-009,PROD-00260,CUST-000692,5,88.49,12-12-2025,card
TXN-0003152,STORE-003,PROD-00123,CUST-000901,1,217.36,19-03-2026,card
TXN-0001143,STORE-004,SKU999999,CUST-000869,3,128.46,2026-05-06T18:56:42,cash
TXN-0004587,STORE-008,PROD-00189,CUST-000050,5,371.6,05/25/2026 21:22,mobile_wallet
TXN-0001473,STORE-021,PROD-00115,CUST-000111,1,345.35,08/20/2026 06:22,card
TXN-0003628,STORE-006,SKU000072,CUST-000708,4,73.06,13-04-2026,cash
TXN-0003920,STORE-025,PROD-00267,CUST-000763,2,271.24,08/24/2025 01:34,mobile_wallet
TXN-0001232,STORE-005,PROD-00096,CUST-000728,4,221.49,03/16/2026 12:18,mobile_wallet
TXN-0004484,STORE-020,PROD-00128,CUST-000006,4,-102.36,2026-02-06T08:57:22,mobile_wallet
TXN-0000618,STORE-025,PROD-00253,CUST-000034,5,288.42,2025-12-28T02:52:11,cash
TXN-0002368,STORE-002,PROD-00246,CUST-000007,4,295.15,23-11-2025,cash
TXN-0002214,STORE-010,PROD-00169,CUST-000255,4,262.44,13-10-2025,card
TXN-0004454,STORE-022,PROD-00260,CUST-000166,4,88.49,23-08-2026,card
TXN-0004945,STORE-008,PROD-00039,CUST-000540,2,183.97,2026-03-14T06:51:06,mobile_wallet
TXN-0003499,STORE-013,PROD-00053,CUST-000868,4,209.68,05-03-2026,cash
TXN-0004444,STORE-006,PROD-00062,CUST-000070,5,189.58,12/04/2025 02:39,card
TXN-0002819,STORE-015,PROD-00238,CUST-000649,1,110.16,09/17/2025 01:14,mobile_wallet
TXN-0000831,STORE-012,SKU000090,CUST-000462,2,197.2,03/25/2026 07:22,cash
TXN-0001544,STORE-004,PROD-00031,CUST-000138,1,283.68,20-11-2025,cash
TXN-0001410,STORE-004,PROD-00022,CUST-000205,5,30.81,2025-08-29T07:06:18,mobile_wallet
TXN-0003687,STORE-014,SKU000034,CUST-000340,2,134.98,2026-03-21T06:31:38,cash
TXN-0003054,STORE-016,PROD-00197,CUST-000591,3,58.81,04/27/2026 19:24,mobile_wallet
TXN-0004482,STORE-016,PROD-00255,CUST-000408,3,31.8,04/06/2026 00:51,cash
TXN-0001226,STORE-008,PROD-00162,CUST-000852,2,101.72,05/25/2026 13:12,cash
TXN-0002563,STORE-005,PROD-00096,CUST-000490,4,221.49,2026-05-19T21:02:41,card
TXN-0001019,STORE-015,PROD-00171,CUST-000068,2,389.02,03/02/2026 12:04,cash
TXN-0000212,STORE-002,SKU000114,CUST-000720,4,3.79,03-12-2025,mobile_wallet
TXN-0001755,STORE-004,PROD-00239,CUST-000553,4,296.37,2025-09-18T18:03:25,cash
TXN-0002086,STORE-010,PROD-00204,CUST-000657,1,220.1,04-12-2025,mobile_wallet
TXN-0004289,STORE-011,PROD-00207,CUST-000034,5,170.21,2025-09-08T16:17:58,mobile_wallet
TXN-0001987,STORE-012,PROD-00004,CUST-000665,5,105.24,01/30/2026 23:56,cash
TXN-0004906,STORE-018,PROD-00092,CUST-000816,2,35.56,2025-12-18T01:47:54,cash
TXN-0000727,STORE-019,PROD-00120,CUST-000866,1,305.8,2026-04-20T10:05:20,cash
TXN-0004603,STORE-008,PROD-00071,CUST-000762,1,133.13,09/28/2025 23:24,cash
TXN-0002878,STORE-016,PROD-00087,CUST-000101,3,347.77,24-01-2026,mobile_wallet
TXN-0003864,STORE-004,PROD-00162,CUST-000340,4,101.72,06/10/2026 16:34,cash
TXN-0001778,STORE-024,PROD-00065,CUST-000439,5,66.03,07-03-2026,mobile_wallet
TXN-0004910,STORE-007,PROD-00240,CUST-000332,3,100.07,19-08-2026,mobile_wallet
TXN-0003939,STORE-014,PROD-00118,CUST-000679,3,265.0,01/22/2026 21:26,card
TXN-0004778,STORE-019,PROD-00016,CUST-000415,3,50.67,2026-07-18T10:08:29,cash
TXN-0003521,STORE-018,PROD-00201,CUST-000410,3,167.96,16-03-2026,mobile_wallet
TXN-0004276,STORE-017,PROD-00105,CUST-000055,4,126.39,2026-04-01T06:05:34,cash
TXN-0000859,STORE-019,PROD-00062,CUST-000561,2,189.58,2025-10-20T11:30:01,card
TXN-0003012,STORE-013,PROD-00002,CUST-000589,2,97.99,29-12-2025,mobile_wallet
TXN-0004871,STORE-011,PROD-00121,CUST-001000,2,360.88,07/26/2026 05:14,cash
TXN-0000829,STORE-018,PROD-00218,CUST-000208,3,279.94,29-09-2025,mobile_wallet
TXN-0002231,STORE-017,PROD-00124,CUST-000775,3,410.1,2026-06-11T19:17:11,mobile_wallet
TXN-0002493,STORE-025,PROD-00242,CUST-000371,2,12.79,2026-07-24T08:52:43,cash
TXN-0000038,STORE-023,SKU000263,CUST-000283,5,265.75,10-05-2026,mobile_wallet
TXN-0002180,STORE-010,sku000071 ,CUST-000822,4,133.13,2026-06-28T17:15:29,mobile_wallet
TXN-0004989,STORE-012,PROD-00112,CUST-000222,4,196.87,04/21/2026 15:09,cash
TXN-0003546,STORE-003,PROD-00283,CUST-000816,3,28.3,01/20/2026 18:39,card
TXN-0003076,STORE-006,PROD-00002,CUST-000978,3,97.99,2026-05-15T16:06:04,cash
TXN-0001695,STORE-007,PROD-00191,CUST-000760,4,177.43,2025-11-15T14:02:51,card
TXN-0004143,STORE-006,PROD-00129,CUST-000649,1,159.98,05/21/2026 15:55,mobile_wallet
TXN-0000247,STORE-023,PROD-00269,CUST-000067,1,340.17,2025-11-15T00:47:52,card
TXN-0001509,STORE-006,SKU000195,CUST-000811,1,66.89,12/11/2025 01:04,cash
TXN-0002659,STORE-025,PROD-00124,CUST-000447,4,410.1,02/19/2026 07:44,mobile_wallet
TXN-0004392,STORE-013,PROD-00116,CUST-000411,3,162.81,2026-01-28T05:10:23,mobile_wallet
TXN-0002026,STORE-021,PROD-00092,CUST-000996,3,35.56,04/19/2026 15:30,card
TXN-0001723,STORE-003,PROD-00020,CUST-000642,1,55.46,2025-10-29T14:13:27,card
TXN-0003015,STORE-014,PROD-00289,CUST-000217,5,265.35,06/14/2026 15:02,card
TXN-0003986,STORE-019,PROD-00232,CUST-000632,2,179.91,12-11-2025,cash
TXN-0001753,STORE-005,SKU000036,CUST-000043,1,-277.4,2025-10-18T08:28:12,card
TXN-0004941,STORE-005,PROD-00069,CUST-000006,5,201.76,07/18/2026 18:15,card
TXN-0003900,STORE-008,PROD-00249,CUST-000645,5,70.32,2026-05-05T19:30:17,cash
TXN-0000306,STORE-021,PROD-00168,CUST-000956,1,290.99,29-10-2025,mobile_wallet
TXN-0001411,STORE-025,PROD-00049,CUST-000976,2,11.75,12-05-2026,cash
TXN-0003542,STORE-024,PROD-00119,CUST-000414,2,221.95,12/01/2025 03:25,cash
TXN-0002226,STORE-021,PROD-00278,CUST-000593,5,401.02,10-10-2025,cash
TXN-0000952,STORE-020,PROD-00091,CUST-000503,2,98.64,09-08-2026,mobile_wallet
TXN-0004612,STORE-011,PROD-00267,CUST-000658,-3,271.24,2026-06-15T02:23:20,mobile_wallet
TXN-0001023,STORE-024,PROD-00052,CUST-000559,3,403.8,22-11-2025,cash
TXN-0003659,STORE-012,PROD-00057,CUST-000386,5,65.86,20-07-2026,mobile_wallet
TXN-0004605,STORE-011,PROD-00029,CUST-000715,4,235.83,05/17/2026 23:31,mobile_wallet
TXN-0001773,STORE-018,PROD-00280,CUST-000142,3,30.75,2025-11-16T02:51:51,cash
TXN-0003014,STORE-005,PROD-00277,CUST-000820,3,72.79,03/06/2026 14:32,cash
TXN-0001289,STORE-020,PROD-00012,CUST-000983,2,272.48,26-03-2026,card
TXN-0000460,STORE-014,PROD-00120,CUST-000991,4,305.8,01-11-2025,mobile_wallet
TXN-0003963,STORE-022,PROD-00164,CUST-000577,4,231.45,28-05-2026,mobile_wallet
TXN-0000422,STORE-015,PROD-00180,CUST-000856,5,73.62,06/27/2026 05:12,mobile_wallet
TXN-0003791,STORE-002,PROD-00134,CUST-000105,3,58.95,12/24/2025 23:51,mobile_wallet
TXN-0004384,STORE-018,PROD-00213,CUST-000266,2,158.8,02/13/2026 20:08,card
TXN-0000427,STORE-016,PROD-00149,CUST-000901,1,197.41,27-10-2025,cash
TXN-0001497,STORE-013,PROD-00158,CUST-000214,2,8.9,11/16/2025 00:02,cash
TXN-0002133,STORE-009,SKU000189,CUST-000622,5,371.6,10-07-2026,mobile_wallet
TXN-0003344,STORE-006,PROD-00177,CUST-000118,2,52.67,02-08-2026,card
TXN-0000461,STORE-021,PROD-00140,CUST-000355,4,234.87,11/14/2025 20:54,cash
TXN-0002897,STORE-013,PROD-00174,CUST-000649,3,195.74,2026-05-14T08:48:28,card
TXN-0000199,STORE-011,PROD-00181,CUST-000666,5,231.93,02/02/2026 06:35,cash
TXN-0002349,STORE-010,PROD-00194,CUST-000640,5,137.35,01/07/2026 21:57,cash
TXN-0002473,STORE-008,PROD-00054,CUST-000798,1,267.97,25-02-2026,card
TXN-0003456,STORE-018,PROD-00095,CUST-000333,1,165.36,06/16/2026 12:57,cash
TXN-0004075,STORE-010,PROD-00198,CUST-000645,2,11.18,2026-04-19T09:27:40,cash
TXN-0004113,STORE-009,PROD-00084,CUST-000071,1,147.66,10/08/2025 20:00,cash
TXN-0002951,STORE-009,PROD-00169,CUST-000467,3,262.44,01/30/2026 11:09,cash
TXN-0004030,STORE-005,PROD-00136,CUST-000516,3,39.83,2026-04-13T15:19:26,cash
TXN-0001324,STORE-021,PROD-00139,CUST-000494,2,109.66,08/16/2026 06:48,mobile_wallet
TXN-0003507,STORE-010,PROD-00229,CUST-000216,1,238.08,30-01-2026,card
TXN-0000599,STORE-018,PROD-00081,CUST-000018,3,411.67,01/27/2026 06:25,card
TXN-0002179,STORE-011,PROD-00172,CUST-000770,1,197.18,29-12-2025,card
TXN-0002123,STORE-025,PROD-00151,CUST-000621,4,197.07,29-10-2025,mobile_wallet
TXN-0003374,STORE-008,PROD-00042,CUST-000327,3,3.53,05/11/2026 16:19,cash
TXN-0003322,STORE-020,PROD-00126,CUST-000304,4,120.27,05/06/2026 17:30,mobile_wallet
TXN-0002777,STORE-017,PROD-00112,CUST-000931,-3,196.87,01/04/2026 14:53,card
TXN-0004483,STORE-007,PROD-00061,CUST-000442,5,142.82,14-11-2025,mobile_wallet
TXN-0003305,STORE-005,PROD-00254,CUST-000417,4,316.24,27-07-2026,card
TXN-0001231,STORE-007,PROD-00108,CUST-000156,4,196.31,08-06-2026,mobile_wallet
TXN-0002946,STORE-023,PROD-00122,CUST-000220,2,427.3,01/20/2026 01:00,mobile_wallet
TXN-0001817,STORE-023,PROD-00222,CUST-000954,1,219.35,02/23/2026 16:28,card
TXN-0001456,STORE-005,PROD-00127,CUST-000199,2,96.44,02/22/2026 20:50,card
TXN-0000728,STORE-014,PROD-00122,CUST-000729,2,427.3,09/09/2025 20:54,cash
TXN-0003136,STORE-022,PROD-00106,CUST-000397,3,172.64,2026-02-03T17:36:28,mobile_wallet
TXN-0001460,STORE-013,PROD-00207,CUST-000088,1,170.21,02/11/2026 08:14,mobile_wallet
TXN-0004424,STORE-024,PROD-00003,CUST-000757,3,283.27,10-02-2026,cash
TXN-0000938,STORE-016,PROD-00221,CUST-000303,2,89.36,29-03-2026,cash
TXN-0001296,STORE-013,PROD-00241,CUST-000130,1,7.24,25-04-2026,mobile_wallet
TXN-0001267,STORE-006,PROD-00206,CUST-000703,3,275.13,2025-09-05T02:18:15,cash
TXN-0003052,STORE-018,PROD-00191,CUST-000873,3,177.43,2026-07-17T05:10:55,mobile_wallet
TXN-0002845,STORE-020,PROD-00031,CUST-000165,4,283.68,2025-08-29T17:09:46,cash
TXN-0004308,STORE-016,PROD-00253,CUST-000043,1,288.42,04-07-2026,card
TXN-0001489,STORE-009,PROD-00252,CUST-000964,3,86.28,07/09/2026 07:07,card
TXN-0004893,STORE-016,PROD-00212,CUST-000127,2,171.06,07/29/2026 13:54,mobile_wallet
TXN-0001060,STORE-017,PROD-00082,CUST-000135,5,208.22,21-07-2026,cash
TXN-0001953,STORE-001,PROD-00138,CUST-000683,3,56.89,22-09-2025,mobile_wallet
TXN-0004493,STORE-011,PROD-00183,CUST-000363,3,103.14,2025-12-26T15:45:57,cash
TXN-0004973,STORE-004,PROD-00291,CUST-000720,4,387.67,02/05/2026 20:48,cash
TXN-0002361,STORE-008,PROD-00150,CUST-000107,3,90.56,06/19/2026 06:33,mobile_wallet
TXN-0001155,STORE-014,PROD-00110,CUST-000414,1,33.91,26-05-2026,card
TXN-0001659,STORE-004,PROD-00036,CUST-000379,5,277.4,2026-01-14T02:53:42,mobile_wallet
TXN-0003783,STORE-011,PROD-00115,CUST-000548,5,345.35,06/28/2026 09:41,cash
TXN-0000776,STORE-011,PROD-00034,CUST-000886,4,134.98,28-09-2025,cash
TXN-0000263,STORE-022,PROD-00146,CUST-000422,5,128.46,09/30/2025 20:47,mobile_wallet
TXN-0001907,STORE-002,PROD-00140,CUST-000876,1,234.87,2025-10-23T17:04:29,card
TXN-0003607,STORE-018,PROD-00251,CUST-000979,4,304.44,27-11-2025,card
TXN-0004183,STORE-009,PROD-00020,CUST-000394,3,-55.46,2025-11-01T07:52:33,card
TXN-0001400,STORE-011,PROD-00142,CUST-000420,1,70.8,28-03-2026,card
TXN-0001326,STORE-025,SKU000226,CUST-000224,2,208.87,24-04-2026,cash
TXN-0003882,STORE-004,PROD-00271,CUST-000544,1,15.73,06/21/2026 09:49,card
TXN-0000717,STORE-008,PROD-00104,CUST-000514,3,124.94,2026-07-12T11:43:07,cash
TXN-0003805,STORE-011,PROD-00045,CUST-000459,2,122.63,03/04/2026 04:55,mobile_wallet
TXN-0002714,STORE-019,PROD-00005,CUST-000260,2,93.78,14-03-2026,cash
TXN-0001934,STORE-021,PROD-00279,CUST-000582,4,114.72,2025-11-04T04:38:53,cash
TXN-0004610,STORE-021,PROD-00192,CUST-000389,3,57.16,04-11-2025,cash
TXN-0003112,STORE-008,PROD-00163,CUST-000032,3,414.19,19-03-2026,mobile_wallet
TXN-0004447,STORE-017,PROD-00211,CUST-000809,-3,258.83,2026-01-12T09:27:57,cash
TXN-0004270,STORE-019,PROD-00152,CUST-000565,4,131.51,17-05-2026,cash
TXN-0002636,STORE-005,PROD-00159,CUST-000888,3,269.69,05/16/2026 13:28,card
TXN-0003572,STORE-018,PROD-00064,CUST-000339,2,103.31,2026-04-13T20:01:44,card
TXN-0002436,STORE-007,sku000130 ,CUST-000374,1,93.35,29-09-2025,mobile_wallet
TXN-0000454,STORE-011,PROD-00021,CUST-000626,4,130.87,28-09-2025,mobile_wallet
TXN-0004151,STORE-003,PROD-00105,CUST-000145,2,126.39,06/19/2026 12:55,mobile_wallet
TXN-0002171,STORE-010,PROD-00281,CUST-000808,5,218.94,15-09-2025,mobile_wallet
TXN-0002003,STORE-014,PROD-00158,CUST-000694,1,8.9,30-03-2026,mobile_wallet
TXN-0003898,STORE-012,PROD-00097,CUST-000408,3,5.72,20-05-2026,mobile_wallet
TXN-0004093,STORE-018,PROD-00008,CUST-000888,2,195.87,2025-10-18T21:54:57,cash
TXN-0000054,STORE-003,PROD-00275,CUST-000605,3,320.55,07/22/2026 09:49,cash
TXN-0001711,STORE-001,PROD-00116,CUST-000184,4,162.81,18-12-2025,cash
TXN-0000857,STORE-012,PROD-00067,CUST-000878,3,234.05,13-12-2025,cash
TXN-0000053,STORE-006,PROD-00113,CUST-000397,5,188.3,08/21/2026 02:02,mobile_wallet
TXN-0003425,STORE-013,PROD-00201,CUST-000624,2,167.96,2026-01-11T22:53:13,card
TXN-0002784,STORE-009,PROD-00024,CUST-000484,4,131.49,07/09/2026 11:26,card
TXN-0000976,STORE-011,PROD-00112,CUST-000161,2,196.87,2025-12-27T18:10:23,cash
TXN-0000761,STORE-025,PROD-00267,CUST-000911,3,271.24,02/08/2026 06:24,mobile_wallet
TXN-0003720,STORE-011,PROD-00180,CUST-000223,4,73.62,02/27/2026 15:40,card
TXN-0003082,STORE-001,PROD-00005,CUST-000706,5,93.78,11/11/2025 11:25,mobile_wallet
TXN-0002557,STORE-021,PROD-00101,CUST-000300,4,102.13,2026-05-23T04:39:29,card
TXN-0002063,STORE-015,PROD-00034,CUST-000102,5,134.98,02/06/2026 04:47,cash
TXN-0001465,STORE-006,PROD-00261,CUST-000896,5,132.7,2026-02-09T04:29:20,card
TXN-0000138,STORE-008,PROD-00281,CUST-000380,3,218.94,03/28/2026 23:07,card
TXN-0001106,STORE-024,PROD-00196,CUST-000215,2,-190.23,23-12-2025,cash
TXN-0001794,STORE-006,PROD-00200,CUST-000074,4,88.0,2026-01-23T06:36:27,card
TXN-0004103,STORE-010,PROD-00268,CUST-000176,2,159.92,01-01-2026,cash
TXN-0001310,STORE-012,PROD-00161,CUST-000699,4,244.6,2026-03-08T12:37:40,mobile_wallet
TXN-0001819,STORE-006,PROD-00044,CUST-000779,2,136.55,04/04/2026 20:39,card
TXN-0002174,STORE-020,PROD-00249,CUST-000833,1,70.32,02-08-2026,cash
TXN-0000640,STORE-018,PROD-00130,CUST-000794,0,93.35,27-05-2026,card
TXN-0003776,STORE-002,PROD-00215,CUST-000013,1,320.74,2026-06-19T00:30:55,mobile_wallet
TXN-0000242,STORE-020,PROD-00258,CUST-000591,4,46.18,07/15/2026 06:47,cash
TXN-0000933,STORE-015,PROD-00115,CUST-000682,1,345.35,29-01-2026,cash
TXN-0003583,STORE-015,PROD-00245,CUST-000380,4,167.35,11/27/2025 19:02,card
TXN-0000137,STORE-019,PROD-00108,CUST-000727,1,196.31,03/26/2026 04:25,card
TXN-0003127,STORE-023,PROD-00199,CUST-000467,3,49.88,2025-11-22T03:15:47,mobile_wallet
TXN-0004122,STORE-019,PROD-00161,CUST-000642,3,244.6,2026-05-16T00:57:27,cash
TXN-0002486,STORE-006,PROD-00218,CUST-000506,2,279.94,07-04-2026,card
TXN-0004912,STORE-010,PROD-00194,CUST-000063,5,137.35,2025-10-25T06:21:53,mobile_wallet
TXN-0002289,STORE-016,PROD-00190,CUST-000831,3,244.93,12-02-2026,mobile_wallet
TXN-0002724,STORE-016,SKU000081,CUST-000239,2,411.67,19-05-2026,card
TXN-0003330,STORE-019,PROD-00264,CUST-000942,2,163.32,04/25/2026 16:34,cash
TXN-0004242,STORE-014,PROD-00172,CUST-000952,5,197.18,07/14/2026 17:19,cash
TXN-0003205,STORE-018,PROD-00209,CUST-000212,2,46.91,2025-09-13T14:08:42,mobile_wallet
TXN-0002885,STORE-023,PROD-00018,CUST-000056,5,398.31,2026-07-16T23:34:44,cash
TXN-0000560,STORE-002,PROD-00284,CUST-000625,4,334.85,12-05-2026,mobile_wallet
TXN-0004252,STORE-009,PROD-00108,CUST-000114,3,196.31,2025-09-09T12:15:42,card
TXN-0000293,STORE-014,PROD-00028,CUST-000952,4,282.23,17-12-2025,mobile_wallet
TXN-0004991,STORE-015,PROD-00040,CUST-000713,3,330.8,08/15/2026 03:26,mobile_wallet
TXN-0001853,STORE-002,PROD-00237,CUST-000012,4,56.05,02/08/2026 22:55,card
TXN-0003450,STORE-004,PROD-00216,CUST-000550,2,188.81,15-12-2025,cash
TXN-0001663,STORE-018,PROD-00197,CUST-000261,-1,58.81,19-06-2026,mobile_wallet
TXN-0001840,STORE-008,PROD-00134,CUST-000624,4,58.95,09/14/2025 22:29,mobile_wallet
TXN-0004596,STORE-019,PROD-00252,CUST-000224,1,86.28,10-09-2025,card
TXN-0001793,STORE-010,PROD-00233,CUST-000342,2,381.82,03/14/2026 17:39,cash
TXN-0004864,STORE-022,PROD-00166,CUST-000292,5,249.26,2026-08-21T10:44:02,card
TXN-0000232,STORE-005,PROD-00144,CUST-000513,3,362.55,2026-06-13T20:43:01,mobile_wallet
TXN-0001700,STORE-001,PROD-00267,CUST-000841,4,271.24,11/20/2025 03:38,cash
TXN-0002087,STORE-020,PROD-00145,CUST-000377,4,210.66,04/22/2026 14:46,mobile_wallet
TXN-0001925,STORE-019,PROD-00087,CUST-000266,3,347.77,07/13/2026 23:51,mobile_wallet
TXN-0003329,STORE-019,PROD-00206,CUST-000997,2,275.13,02/20/2026 20:04,mobile_wallet
TXN-0000319,STORE-012,PROD-00248,CUST-000240,1,31.77,2026-02-07T03:00:02,card
TXN-0001205,STORE-010,PROD-00243,CUST-000592,5,190.7,01-10-2025,card
TXN-0003552,STORE-011,PROD-00215,CUST-000249,5,320.74,12-10-2025,mobile_wallet
TXN-0003379,STORE-017,PROD-00264,CUST-000999,1,163.32,12/06/2025 02:16,cash
TXN-0004630,STORE-024,PROD-00044,CUST-000689,3,136.55,27-08-2025,card
TXN-0000912,STORE-003,PROD-00287,CUST-000837,4,159.36,04/25/2026 18:26,cash
TXN-0000481,STORE-019,PROD-00048,CUST-000446,1,363.63,16-07-2026,mobile_wallet
TXN-0001335,STORE-015,PROD-00072,CUST-000920,-3,73.06,26-10-2025,mobile_wallet
TXN-0002257,STORE-002,PROD-00084,CUST-000059,2,147.66,08-11-2025,card
TXN-0000328,STORE-019,PROD-00090,CUST-000944,2,197.2,2026-03-23T14:32:12,cash
TXN-0002291,STORE-012,PROD-00176,CUST-000950,1,122.92,23-05-2026,cash
TXN-0001266,STORE-017,SKU000052,CUST-000014,1,403.8,12/08/2025 16:42,cash
TXN-0004429,STORE-023,PROD-00269,CUST-000935,3,340.17,2025-11-01T02:39:48,cash
TXN-0004946,STORE-006,PROD-00231,CUST-000589,3,101.96,2025-09-11T17:08:55,card
TXN-0000502,STORE-022,PROD-00186,CUST-000666,1,108.59,09/23/2025 03:25,cash
TXN-0001933,STORE-019,PROD-00174,CUST-000488,4,195.74,01-11-2025,mobile_wallet
TXN-0000074,STORE-010,PROD-00282,CUST-000701,1,311.97,31-08-2025,cash
TXN-0003595,STORE-019,PROD-00288,CUST-000847,3,112.73,05/26/2026 06:45,cash
TXN-0000684,STORE-007,PROD-00020,CUST-000540,3,55.46,03/11/2026 22:56,mobile_wallet
TXN-0004653,STORE-010,PROD-00174,CUST-000897,1,195.74,01-04-2026,card
TXN-0000993,STORE-010,PROD-00213,CUST-000653,3,158.8,2026-08-05T15:08:00,mobile_wallet
TXN-0003161,STORE-015,PROD-00175,CUST-000083,3,215.19,2025-12-28T10:19:20,cash
TXN-0003081,STORE-017,PROD-00235,CUST-000310,4,100.21,2026-01-22T06:05:33,card
TXN-0004333,STORE-015,PROD-00274,CUST-000704,4,144.59,29-05-2026,cash
TXN-0000739,STORE-016,PROD-00080,CUST-000048,1,189.59,2026-07-21T09:10:05,cash
TXN-0000035,STORE-006,SKU000261,CUST-000468,5,132.7,2025-10-10T19:51:44,cash
TXN-0004410,STORE-013,PROD-00261,CUST-000382,5,132.7,11/20/2025 23:28,cash
TXN-0004025,STORE-015,PROD-00278,CUST-000693,2,401.02,2026-01-18T21:46:14,cash
TXN-0003355,STORE-010,PROD-00201,CUST-000691,5,167.96,29-08-2025,cash
TXN-0004722,STORE-013,PROD-00158,CUST-000369,4,8.9,28-06-2026,cash
TXN-0003575,STORE-023,PROD-00294,CUST-000586,1,-125.57,22-10-2025,card
TXN-0002554,STORE-017,PROD-00089,CUST-000587,5,18.86,25-06-2026,mobile_wallet
TXN-0002596,STORE-010,PROD-00270,CUST-000797,4,191.88,2026-06-14T18:07:12,cash
TXN-0000838,STORE-022,PROD-00080,CUST-000606,3,189.59,07/04/2026 02:48,cash
TXN-0002722,STORE-011,PROD-00204,CUST-000355,3,220.1,03-02-2026,mobile_wallet
TXN-0002329,STORE-016,PROD-00204,CUST-000817,3,220.1,08/25/2025 06:01,mobile_wallet
TXN-0003098,STORE-001,SKU000072,CUST-000736,1,73.06,2025-11-05T22:22:50,card
TXN-0004539,STORE-020,PROD-00209,CUST-000838,5,46.91,07/19/2026 17:27,card
TXN-0000660,STORE-003,PROD-00104,CUST-000793,3,124.94,30-07-2026,cash
TXN-0004498,STORE-025,PROD-00287,CUST-000076,2,159.36,04/24/2026 01:56,mobile_wallet
TXN-0001669,STORE-001,PROD-00176,CUST-000921,4,122.92,09/17/2025 14:39,mobile_wallet
TXN-0000806,STORE-002,PROD-00128,CUST-000593,5,102.36,09-12-2025,cash
TXN-0002092,STORE-002,PROD-00117,CUST-000927,4,15.6,09/01/2025 14:03,card
TXN-0000410,STORE-006,PROD-00094,CUST-000978,2,215.98,09/02/2025 04:34,mobile_wallet
TXN-0002163,STORE-025,PROD-00216,CUST-000913,5,188.81,07/03/2026 21:54,cash
TXN-0000088,STORE-012,SKU000106,CUST-000366,4,172.64,2026-05-06T12:53:39,card
TXN-0000797,STORE-021,PROD-00141,CUST-000052,4,312.06,2026-07-18T18:40:09,card
TXN-0002673,STORE-012,PROD-00196,CUST-000973,4,190.23,2025-10-05T17:36:58,cash
TXN-0002867,STORE-011,PROD-00223,CUST-000886,4,244.67,15-12-2025,mobile_wallet
TXN-0002741,STORE-020,PROD-00161,CUST-000401,5,244.6,2026-07-22T20:22:59,card
TXN-0001189,STORE-017,PROD-00088,CUST-000876,4,250.66,12/09/2025 03:56,cash
TXN-0001175,STORE-020,PROD-00201,CUST-000500,3,167.96,13-05-2026,card
TXN-0001889,STORE-001,PROD-00094,CUST-000809,4,215.98,2025-09-21T15:09:20,cash
TXN-0002187,STORE-023,PROD-00113,CUST-000719,3,188.3,01/27/2026 17:11,card
TXN-0000893,STORE-009,PROD-00189,CUST-000519,1,371.6,2025-10-24T10:22:17,mobile_wallet
TXN-0002254,STORE-025,PROD-00246,CUST-000573,5,295.15,11/25/2025 18:22,mobile_wallet
TXN-0001927,STORE-009,PROD-00105,CUST-000926,1,126.39,2026-04-05T04:48:05,cash
TXN-0003989,STORE-021,PROD-00265,CUST-000836,5,47.36,23-01-2026,mobile_wallet
TXN-0003351,STORE-012,PROD-00156,CUST-000554,2,356.66,02/22/2026 21:40,cash
TXN-0002507,STORE-006,PROD-00033,CUST-000022,1,182.35,10/29/2025 12:52,mobile_wallet
TXN-0002311,STORE-021,PROD-00204,CUST-000689,1,220.1,2026-01-25T07:36:39,card
TXN-0000871,STORE-020,PROD-00178,CUST-000052,3,181.72,18-05-2026,cash
TXN-0002653,STORE-006,PROD-00094,CUST-000785,3,215.98,01/07/2026 23:24,card
TXN-0004398,STORE-009,PROD-00046,CUST-000787,5,68.42,16-09-2025,card
TXN-0001269,STORE-002,PROD-00125,CUST-000322,3,373.21,08/28/2025 15:05,cash
TXN-0004574,STORE-022,PROD-00240,CUST-000300,4,100.07,04/20/2026 05:45,card
TXN-0003888,STORE-006,PROD-00300,CUST-000225,4,124.65,2026-04-25T02:51:35,mobile_wallet
TXN-0003200,STORE-002,PROD-00189,CUST-000296,2,371.6,09-12-2025,card
TXN-0000828,STORE-001,PROD-00064,CUST-000571,5,103.31,2025-09-13T08:13:36,mobile_wallet
TXN-0003663,STORE-012,PROD-00119,CUST-000278,1,221.95,2026-06-03T10:14:42,cash
TXN-0000291,STORE-008,SKU000146,CUST-000254,2,128.46,03/04/2026 03:08,mobile_wallet
TXN-0003431,STORE-018,PROD-00015,CUST-000379,2,287.92,04-12-2025,card
TXN-0004314,STORE-018,PROD-00230,CUST-000542,1,29.05,25-12-2025,card
TXN-0001312,STORE-009,PROD-00115,CUST-000407,5,345.35,30-09-2025,card
TXN-0003842,STORE-015,SKU000143,CUST-000637,5,370.32,09/08/2025 03:45,cash
TXN-0004538,STORE-012,PROD-00271,CUST-000694,4,15.73,11/05/2025 03:42,mobile_wallet
TXN-0004090,STORE-015,PROD-00028,CUST-000214,2,282.23,14-05-2026,cash
TXN-0002982,STORE-018,PROD-00062,CUST-000502,1,189.58,2026-06-26T20:55:39,cash
TXN-0003447,STORE-019,PROD-00298,CUST-000627,1,43.12,2025-10-13T17:00:59,mobile_wallet
TXN-0000678,STORE-010,PROD-00203,CUST-000858,4,264.67,11/24/2025 10:10,cash
TXN-0003406,STORE-006,PROD-00068,CUST-000232,1,219.43,2026-08-19T20:23:20,card
TXN-0001587,STORE-021,PROD-00144,CUST-000937,1,362.55,2026-03-05T03:55:52,cash
TXN-0002592,STORE-004,PROD-00068,CUST-000637,5,219.43,19-04-2026,mobile_wallet
TXN-0004036,STORE-024,PROD-00206,CUST-000316,1,275.13,01/03/2026 12:45,card
TXN-0001763,STORE-011,PROD-00191,CUST-000646,4,-177.43,03/24/2026 12:17,cash
TXN-0003493,STORE-019,PROD-00020,CUST-000155,5,55.46,08-10-2025,cash
TXN-0001595,STORE-023,SKU000287,CUST-000375,4,159.36,03-07-2026,card
TXN-0001918,STORE-013,PROD-00135,CUST-000891,5,288.86,2026-04-04T15:11:24,card
TXN-0001716,STORE-013,PROD-00030,CUST-000176,4,142.56,2026-02-17T18:21:53,cash
TXN-0002783,STORE-023,PROD-00217,CUST-000276,2,123.22,2026-03-06T01:30:05,mobile_wallet
TXN-0004184,STORE-003,PROD-00138,CUST-000554,3,56.89,27-11-2025,cash
TXN-0002907,STORE-023,PROD-00140,CUST-000190,3,234.87,2026-06-23T06:09:09,mobile_wallet
TXN-0004794,STORE-011,PROD-00257,CUST-000810,1,70.06,28-02-2026,card
TXN-0002285,STORE-002,sku000104 ,CUST-000700,2,124.94,04/08/2026 01:30,mobile_wallet
TXN-0001012,STORE-013,PROD-00151,CUST-000830,2,197.07,05/29/2026 19:13,mobile_wallet
TXN-0000572,STORE-025,PROD-00235,CUST-000911,1,100.21,22-12-2025,card
TXN-0003161,STORE-015,PROD-00175,CUST-000083,3,215.19,2025-12-28T10:19:20,cash
TXN-0003115,STORE-003,PROD-00174,CUST-000728,2,195.74,02-03-2026,cash
TXN-0000935,STORE-003,PROD-00206,CUST-000961,3,275.13,2025-09-13T09:17:08,mobile_wallet
TXN-0004501,STORE-021,PROD-00280,CUST-000078,1,30.75,02/18/2026 03:34,mobile_wallet
TXN-0002985,STORE-011,PROD-00205,CUST-000333,3,27.76,2025-10-09T04:44:37,cash
TXN-0000149,STORE-006,PROD-00075,CUST-000530,3,374.2,05/30/2026 10:44,card
TXN-0002416,STORE-014,PROD-00094,CUST-000635,2,215.98,27-02-2026,cash
TXN-0003361,STORE-009,PROD-00235,CUST-000347,2,100.21,2025-08-30T00:03:24,mobile_wallet
TXN-0004305,STORE-010,PROD-00047,CUST-000020,5,239.67,2026-05-07T10:25:49,cash
TXN-0002560,STORE-017,PROD-00184,CUST-000013,2,232.98,01/23/2026 16:15,cash
TXN-0002546,STORE-003,PROD-00091,CUST-000499,4,98.64,07-12-2025,mobile_wallet
TXN-0001837,STORE-016,PROD-00296,CUST-000182,3,246.02,2025-12-26T10:10:21,card
TXN-0002314,STORE-008,PROD-00249,CUST-000336,3,70.32,02-10-2025,cash
TXN-0001285,STORE-015,PROD-00147,CUST-000902,2,80.88,07/08/2026 23:31,card
TXN-0000744,STORE-002,PROD-00037,CUST-000984,1,153.17,2026-02-25T22:11:37,cash
TXN-0003383,STORE-005,PROD-00277,CUST-000994,4,72.79,2026-04-11T12:31:00,card
TXN-0000259,STORE-007,PROD-00253,CUST-000675,5,288.42,02/26/2026 23:17,card
TXN-0001158,STORE-021,PROD-00249,CUST-000853,4,70.32,06/20/2026 03:13,card
TXN-0002366,STORE-025,PROD-00273,CUST-000023,5,440.02,2025-10-03T07:17:59,card
TXN-0004963,STORE-001,PROD-00099,CUST-000542,4,139.51,13-04-2026,card
TXN-0000681,STORE-016,PROD-00189,CUST-000427,3,371.6,04/18/2026 05:59,card
TXN-0004780,STORE-010,PROD-00044,CUST-000934,5,136.55,2026-07-03T21:45:49,mobile_wallet
TXN-0002367,STORE-001,PROD-00081,CUST-000005,5,411.67,2025-12-17T19:39:38,card
TXN-0000059,STORE-016,PROD-00261,CUST-000038,1,132.7,04/26/2026 15:04,mobile_wallet
TXN-0003064,STORE-004,PROD-00232,CUST-000280,5,179.91,12/03/2025 09:23,cash
TXN-0004746,STORE-009,PROD-00184,CUST-000621,4,232.98,02/08/2026 04:14,cash
TXN-0001230,STORE-017,PROD-00176,CUST-000112,5,122.92,2026-04-17T21:44:10,mobile_wallet
TXN-0002463,STORE-025,PROD-00244,CUST-000994,5,26.03,07/11/2026 15:53,card
TXN-0001448,STORE-022,PROD-00286,CUST-000189,3,-118.06,19-01-2026,card
TXN-0003096,STORE-005,PROD-00266,CUST-000708,2,21.53,2025-08-29T06:13:33,cash
TXN-0000805,STORE-010,PROD-00064,CUST-000577,3,103.31,24-11-2025,card
TXN-0000172,STORE-007,SKU999999,CUST-000621,3,7.24,2025-11-17T21:20:05,mobile_wallet
TXN-0004281,STORE-002,PROD-00248,CUST-000566,5,31.77,11/21/2025 07:32,card
TXN-0002388,STORE-001,PROD-00105,CUST-000985,2,126.39,11/29/2025 02:30,cash
TXN-0004578,STORE-017,SKU000288,CUST-000176,1,112.73,04-11-2025,card
TXN-0003959,STORE-022,PROD-00084,CUST-000663,5,147.66,05-08-2026,card
TXN-0000355,STORE-004,PROD-00200,CUST-000748,3,88.0,11/07/2025 20:23,mobile_wallet
TXN-0000425,STORE-019,PROD-00172,CUST-000385,4,197.18,10/05/2025 14:12,cash
TXN-0004091,STORE-014,PROD-00035,CUST-000658,2,241.08,07/21/2026 23:58,cash
TXN-0004699,STORE-019,PROD-00273,CUST-000507,2,440.02,2026-08-19T02:59:27,card
TXN-0001469,STORE-005,PROD-00206,CUST-000834,2,275.13,11/27/2025 00:01,cash
TXN-0000718,STORE-011,PROD-00015,CUST-000257,2,287.92,2026-04-06T12:22:28,mobile_wallet
TXN-0002908,STORE-021,PROD-00071,CUST-000157,2,133.13,09/18/2025 13:49,cash
TXN-0003248,STORE-020,PROD-00118,CUST-000918,5,265.0,19-07-2026,mobile_wallet
TXN-0002682,STORE-010,SKU000199,CUST-000933,4,49.88,30-04-2026,mobile_wallet
TXN-0001037,STORE-002,PROD-00149,CUST-000218,4,197.41,14-05-2026,mobile_wallet
TXN-0002611,STORE-016,PROD-00281,CUST-000248,3,218.94,2026-02-19T13:48:51,mobile_wallet
TXN-0002219,STORE-012,PROD-00094,CUST-000601,5,215.98,05-01-2026,cash
TXN-0002705,STORE-015,PROD-00168,CUST-000368,4,290.99,06/10/2026 07:56,card
TXN-0003820,STORE-021,SKU000024,CUST-000078,1,131.49,06/15/2026 08:26,mobile_wallet
TXN-0000516,STORE-023,PROD-00061,CUST-000862,2,142.82,05/19/2026 06:17,cash
TXN-0001204,STORE-017,PROD-00168,CUST-000346,1,290.99,07/06/2026 14:52,mobile_wallet
TXN-0004849,STORE-023,PROD-00257,CUST-000425,1,70.06,10/13/2025 16:21,cash
TXN-0000055,STORE-007,PROD-00185,CUST-000301,5,329.62,09-03-2026,card
TXN-0003929,STORE-020,PROD-00177,CUST-000144,5,52.67,2025-09-29T13:31:47,mobile_wallet
TXN-0000824,STORE-021,PROD-00118,CUST-000451,1,265.0,02/07/2026 05:59,card
TXN-0000448,STORE-019,sku000124 ,CUST-000227,1,410.1,2026-08-19T22:30:22,mobile_wallet
TXN-0004495,STORE-017,PROD-00213,CUST-000170,1,158.8,04/16/2026 08:11,card
TXN-0000898,STORE-018,PROD-00253,CUST-000616,2,288.42,10/16/2025 16:08,mobile_wallet
TXN-0002145,STORE-010,sku000243 ,CUST-000227,5,190.7,09/05/2025 22:26,card
TXN-0000278,STORE-018,PROD-00162,CUST-000906,1,101.72,10/21/2025 03:38,card
TXN-0002040,STORE-013,PROD-00186,CUST-000401,4,108.59,02/18/2026 22:18,cash
TXN-0001549,STORE-011,PROD-00120,CUST-000944,4,305.8,12-08-2026,cash
TXN-0002357,STORE-001,PROD-00239,CUST-000582,2,296.37,29-09-2025,card
TXN-0003877,STORE-015,PROD-00032,CUST-000354,3,277.74,14-07-2026,cash
TXN-0002605,STORE-010,PROD-00128,CUST-000835,4,102.36,20-04-2026,card
TXN-0004658,STORE-018,PROD-00120,CUST-000915,3,305.8,09-11-2025,card
TXN-0001726,STORE-016,PROD-00264,CUST-000575,5,163.32,06/18/2026 18:18,cash
TXN-0000858,STORE-009,PROD-00122,CUST-000918,2,427.3,2025-08-23T22:31:09,card
TXN-0004614,STORE-024,PROD-00250,CUST-000009,5,27.33,10/30/2025 12:51,cash
TXN-0004562,STORE-010,PROD-00189,CUST-000112,2,371.6,2025-10-14T07:06:41,mobile_wallet
TXN-0001901,STORE-014,PROD-00290,CUST-000734,3,322.63,2025-10-03T21:39:29,cash
TXN-0003293,STORE-010,PROD-00121,CUST-000222,-3,360.88,2025-09-17T23:20:34,card
TXN-0004160,STORE-009,PROD-00128,CUST-000640,5,102.36,09/17/2025 04:04,card
TXN-0002319,STORE-006,PROD-00024,CUST-000553,4,131.49,2025-09-02T08:47:24,mobile_wallet
TXN-0004065,STORE-025,PROD-00133,CUST-000204,2,372.3,27-02-2026,mobile_wallet
TXN-0002532,STORE-022,PROD-00007,CUST-000606,3,150.71,2026-04-09T05:42:49,mobile_wallet
TXN-0001899,STORE-017,PROD-00125,CUST-000938,2,373.21,2025-10-09T08:55:51,cash
TXN-0003613,STORE-024,PROD-00106,CUST-000905,5,172.64,2026-07-26T04:24:23,cash
TXN-0004467,STORE-002,PROD-00291,CUST-000675,3,387.67,06/14/2026 01:27,card
TXN-0002111,STORE-020,PROD-00117,CUST-000792,5,15.6,08/31/2025 22:15,card
TXN-0002624,STORE-006,SKU000211,CUST-000217,2,258.83,2026-03-16T21:29:14,cash
TXN-0001718,STORE-014,PROD-00110,CUST-000571,2,33.91,2025-11-01T19:40:30,cash
TXN-0003693,STORE-023,PROD-00290,CUST-000582,4,322.63,2026-01-19T12:45:26,cash
TXN-0000287,STORE-022,PROD-00267,CUST-000879,3,271.24,02-11-2025,card
TXN-0000456,STORE-016,PROD-00036,CUST-000867,3,277.4,01/24/2026 19:12,mobile_wallet
TXN-0004800,STORE-015,PROD-00273,CUST-000099,3,440.02,2026-08-17T20:31:41,card
TXN-0000210,STORE-021,PROD-00117,CUST-000745,5,15.6,07-09-2025,cash
TXN-0000335,STORE-018,PROD-00050,CUST-000285,3,73.61,21-08-2026,cash
TXN-0000107,STORE-009,PROD-00279,CUST-000984,-3,114.72,16-06-2026,mobile_wallet
TXN-0004278,STORE-013,PROD-00266,CUST-000566,1,21.53,20-05-2026,card
TXN-0002585,STORE-010,PROD-00116,CUST-000025,3,162.81,2026-07-14T03:39:17,card
TXN-0001001,STORE-009,PROD-00251,CUST-000803,3,304.44,2026-01-19T04:08:05,cash
TXN-0003163,STORE-005,PROD-00045,CUST-000996,4,122.63,05/17/2026 08:07,cash
TXN-0002408,STORE-011,PROD-00092,CUST-000020,1,35.56,2026-04-09T21:43:48,cash
TXN-0000743,STORE-014,PROD-00208,CUST-000719,4,270.9,02/04/2026 15:41,cash
TXN-0004502,STORE-003,PROD-00101,CUST-000641,1,102.13,2026-01-24T06:52:34,card
TXN-0002506,STORE-001,PROD-00244,CUST-000347,3,26.03,10/24/2025 06:12,mobile_wallet
TXN-0000424,STORE-019,PROD-00213,CUST-000482,5,158.8,03/04/2026 02:50,mobile_wallet
TXN-0004258,STORE-001,PROD-00223,CUST-000706,3,244.67,06/07/2026 04:34,card
TXN-0000268,STORE-020,SKU000148,CUST-000305,3,322.32,11-06-2026,cash
TXN-0000399,STORE-002,PROD-00217,CUST-000197,1,123.22,08-06-2026,mobile_wallet
TXN-0004561,STORE-014,PROD-00115,CUST-000766,2,-345.35,08/16/2026 09:33,mobile_wallet
TXN-0002230,STORE-018,PROD-00031,CUST-000101,4,283.68,2025-12-06T03:36:11,mobile_wallet
TXN-0002591,STORE-023,PROD-00177,CUST-000986,3,52.67,11/21/2025 10:39,card
TXN-0001047,STORE-002,PROD-00028,CUST-000487,3,282.23,01/22/2026 17:33,mobile_wallet
TXN-0004747,STORE-009,PROD-00290,CUST-000753,5,322.63,02/23/2026 06:56,card
TXN-0003461,STORE-025,PROD-00005,CUST-000867,4,93.78,07-01-2026,cash
TXN-0001443,STORE-006,PROD-00092,CUST-000377,1,35.56,2026-06-26T01:12:02,cash
TXN-0001120,STORE-010,PROD-00241,CUST-000602,5,7.24,03/24/2026 04:46,card
TXN-0000775,STORE-024,PROD-00274,CUST-000473,4,144.59,2025-12-25T03:09:03,mobile_wallet
TXN-0001740,STORE-022,PROD-00076,CUST-000955,5,27.66,10-09-2025,mobile_wallet
TXN-0002708,STORE-017,PROD-00124,CUST-000106,3,410.1,2025-10-31T21:23:29,cash
TXN-0004629,STORE-017,PROD-00035,CUST-000667,1,241.08,04/16/2026 15:58,mobile_wallet
TXN-0004714,STORE-009,PROD-00005,CUST-000719,1,93.78,06/29/2026 05:53,card
TXN-0001021,STORE-016,PROD-00181,CUST-000116,-1,231.93,2025-10-20T07:51:20,card
TXN-0003513,STORE-020,PROD-00044,CUST-000512,0,136.55,07-09-2025,cash
TXN-0004118,STORE-009,PROD-00006,CUST-000142,5,82.96,05-09-2025,mobile_wallet
TXN-0002899,STORE-009,PROD-00240,CUST-000593,1,100.07,2026-01-21T01:37:14,cash
TXN-0000411,STORE-009,PROD-00065,CUST-000011,3,66.03,2026-07-01T20:17:34,mobile_wallet
TXN-0001975,STORE-005,PROD-00084,CUST-000445,3,147.66,06/21/2026 20:26,cash
TXN-0004057,STORE-007,PROD-00048,CUST-000659,2,363.63,15-07-2026,card
TXN-0003488,STORE-001,PROD-00169,CUST-000821,4,262.44,2026-07-30T03:55:13,mobile_wallet
TXN-0002217,STORE-011,PROD-00094,CUST-000814,5,215.98,2026-03-20T04:57:53,card
TXN-0002800,STORE-023,PROD-00153,CUST-000760,1,389.07,19-11-2025,mobile_wallet
TXN-0000047,STORE-001,PROD-00283,CUST-000925,3,28.3,10/17/2025 22:09,card
TXN-0002059,STORE-023,PROD-00283,CUST-000143,5,28.3,17-12-2025,mobile_wallet
TXN-0003216,STORE-013,SKU000120,CUST-000626,4,305.8,2026-05-31T22:29:58,cash
TXN-0000622,STORE-006,PROD-00277,CUST-000531,2,72.79,05-12-2025,cash
TXN-0001999,STORE-006,PROD-00167,CUST-000657,2,331.85,24-07-2026,card
TXN-0004535,STORE-016,PROD-00105,CUST-000480,5,126.39,03/01/2026 08:35,card
TXN-0003692,STORE-022,sku000119 ,CUST-000491,1,221.95,11-05-2026,card
TXN-0003488,STORE-001,PROD-00169,CUST-000821,4,262.44,2026-07-30T03:55:13,mobile_wallet
TXN-0002136,STORE-005,PROD-00174,CUST-000959,2,195.74,2026-07-05T13:36:49,card
TXN-0002603,STORE-024,PROD-00086,CUST-000485,4,24.26,2025-11-09T11:31:08,cash
TXN-0004238,STORE-006,PROD-00077,CUST-000798,4,466.02,2026-05-01T18:17:04,card
TXN-0003919,STORE-006,PROD-00096,CUST-000022,5,221.49,03/09/2026 03:08,mobile_wallet
TXN-0004007,STORE-005,PROD-00087,CUST-000536,5,347.77,24-04-2026,card
TXN-0003343,STORE-021,SKU999999,CUST-000377,1,167.96,2026-04-13T10:55:17,cash
TXN-0001588,STORE-015,PROD-00073,CUST-000380,2,41.57,02-02-2026,card
TXN-0002352,STORE-010,PROD-00231,CUST-000085,1,101.96,07/23/2026 12:20,cash
TXN-0004018,STORE-019,PROD-00029,CUST-000260,2,235.83,12/26/2025 10:25,cash
TXN-0002671,STORE-010,PROD-00132,CUST-000307,2,131.99,11/18/2025 01:52,card
TXN-0003323,STORE-005,PROD-00258,CUST-000625,1,46.18,05-04-2026,cash
TXN-0004460,STORE-007,PROD-00206,CUST-000424,2,275.13,2026-05-31T03:53:01,card
TXN-0000021,STORE-022,PROD-00178,CUST-000570,4,181.72,04-08-2026,card
TXN-0000825,STORE-024,PROD-00041,CUST-000043,2,40.95,2026-02-11T00:09:59,card
TXN-0003769,STORE-018,PROD-00041,CUST-000812,2,40.95,21-10-2025,mobile_wallet
TXN-0004828,STORE-001,PROD-00161,CUST-000898,1,244.6,2026-08-03T15:41:42,card
TXN-0003957,STORE-020,PROD-00010,CUST-000228,4,96.14,04/08/2026 18:59,card
TXN-0003445,STORE-010,PROD-00215,CUST-000641,5,320.74,13-02-2026,mobile_wallet
TXN-0002963,STORE-013,PROD-00183,CUST-000044,3,103.14,12/05/2025 04:42,mobile_wallet
TXN-0003075,STORE-003,PROD-00135,CUST-000823,3,288.86,26-01-2026,cash
TXN-0001834,STORE-018,PROD-00225,CUST-000336,3,372.01,15-05-2026,card
TXN-0004123,STORE-021,PROD-00212,CUST-000722,5,171.06,2026-05-11T13:41:28,card
TXN-0004712,STORE-015,PROD-00212,CUST-000996,5,171.06,23-11-2025,card
TXN-0002419,STORE-005,PROD-00278,CUST-000113,5,401.02,07-02-2026,mobile_wallet
TXN-0001832,STORE-001,PROD-00017,CUST-000974,1,73.06,23-12-2025,card
TXN-0003636,STORE-001,PROD-00019,CUST-000108,3,114.13,08/06/2026 18:49,mobile_wallet
TXN-0001634,STORE-007,PROD-00246,CUST-000278,2,295.15,2025-12-02T07:37:21,card
TXN-0004675,STORE-009,PROD-00073,CUST-000371,2,41.57,14-06-2026,cash
TXN-0002057,STORE-003,PROD-00013,CUST-000652,1,125.91,03-05-2026,cash
TXN-0003629,STORE-021,PROD-00204,CUST-000035,5,220.1,2025-09-25T08:52:53,cash
TXN-0001801,STORE-023,SKU000218,CUST-000338,3,279.94,31-12-2025,mobile_wallet
TXN-0003512,STORE-025,PROD-00041,CUST-000537,2,40.95,05-02-2026,cash
TXN-0003906,STORE-003,PROD-00042,CUST-000482,-3,3.53,22-09-2025,card
TXN-0003245,STORE-005,PROD-00003,CUST-000480,2,283.27,02-10-2025,mobile_wallet
TXN-0003498,STORE-025,PROD-00014,CUST-000541,2,26.37,14-02-2026,cash
TXN-0000094,STORE-008,PROD-00061,CUST-000097,4,142.82,08/24/2025 21:29,mobile_wallet
TXN-0001294,STORE-004,sku000257 ,CUST-000067,5,70.06,2025-10-03T06:19:09,card
TXN-0000547,STORE-003,PROD-00025,CUST-000973,1,233.72,04/16/2026 02:23,card
TXN-0000821,STORE-005,PROD-00080,CUST-000144,2,189.59,2025-12-07T15:41:49,mobile_wallet
TXN-0001759,STORE-013,PROD-00016,CUST-000117,4,50.67,11/11/2025 16:58,card
TXN-0004873,STORE-012,PROD-00066,CUST-000949,4,175.34,10/03/2025 00:25,mobile_wallet
TXN-0000239,STORE-024,PROD-00156,CUST-000967,3,356.66,2026-03-03T15:23:05,card
TXN-0001146,STORE-016,PROD-00100,CUST-000129,1,413.06,30-06-2026,cash
TXN-0000006,STORE-020,PROD-00262,CUST-000582,1,330.85,12/01/2025 02:03,card
TXN-0004652,STORE-016,PROD-00277,CUST-000599,4,72.79,02/08/2026 23:42,mobile_wallet
TXN-0003591,STORE-019,PROD-00041,CUST-000010,-3,-40.95,01/25/2026 18:34,card
TXN-0000341,STORE-004,PROD-00063,CUST-000931,1,222.33,11-04-2026,mobile_wallet
TXN-0004037,STORE-001,PROD-00225,CUST-000019,3,372.01,30-05-2026,mobile_wallet
TXN-0000282,STORE-010,sku000111 ,CUST-000331,2,15.96,2026-07-25T15:30:43,card
TXN-0003357,STORE-021,PROD-00082,CUST-000638,4,208.22,2025-09-05T08:27:17,mobile_wallet
TXN-0001883,STORE-005,PROD-00288,CUST-000886,5,112.73,04/30/2026 09:31,cash
TXN-0004643,STORE-009,PROD-00214,CUST-000217,5,53.88,01/03/2026 08:34,card
TXN-0000869,STORE-018,PROD-00115,CUST-000660,2,345.35,03/04/2026 11:15,card
TXN-0003137,STORE-023,PROD-00280,CUST-000900,3,30.75,2026-07-08T20:56:13,cash
TXN-0003401,STORE-002,PROD-00285,CUST-000964,2,198.44,06/05/2026 06:00,card
TXN-0000252,STORE-014,PROD-00070,CUST-000664,3,267.33,24-11-2025,mobile_wallet
TXN-0003766,STORE-020,PROD-00109,CUST-000328,4,121.34,2026-04-02T14:13:24,cash
TXN-0001264,STORE-015,PROD-00141,CUST-000343,5,312.06,27-09-2025,mobile_wallet
TXN-0000713,STORE-004,PROD-00010,CUST-000090,2,96.14,11/09/2025 18:30,card
TXN-0002333,STORE-003,PROD-00188,CUST-000308,3,61.17,2026-05-06T18:11:56,cash
TXN-0000959,STORE-014,PROD-00158,CUST-000991,0,8.9,2025-09-19T03:48:23,card
TXN-0000126,STORE-019,PROD-00236,CUST-000448,1,47.02,07/17/2026 23:58,mobile_wallet
TXN-0003143,STORE-017,PROD-00103,CUST-000156,3,219.77,2026-01-27T20:58:19,card
TXN-0001543,STORE-016,PROD-00117,CUST-000115,5,15.6,2026-07-22T18:33:11,cash
TXN-0002987,STORE-017,PROD-00213,CUST-000430,2,158.8,2026-08-20T20:20:20,cash
TXN-0001707,STORE-002,PROD-00034,CUST-000495,3,134.98,2025-12-16T15:38:38,cash
TXN-0001161,STORE-005,PROD-00204,CUST-000240,4,220.1,25-03-2026,cash
TXN-0001537,STORE-007,PROD-00280,CUST-000309,2,30.75,07/03/2026 19:51,cash
TXN-0004224,STORE-001,PROD-00285,CUST-000741,5,198.44,01/24/2026 09:05,cash
TXN-0004957,STORE-009,PROD-00255,CUST-000764,4,31.8,14-01-2026,card
TXN-0003280,STORE-013,PROD-00246,CUST-000711,4,295.15,2026-07-31T04:39:40,cash
TXN-0004622,STORE-013,PROD-00129,CUST-000835,5,159.98,06-05-2026,card
TXN-0003011,STORE-016,PROD-00216,CUST-000991,3,188.81,02/06/2026 20:21,card
TXN-0000741,STORE-020,sku000193 ,CUST-000611,4,70.07,08/11/2026 19:24,card
TXN-0000279,STORE-001,PROD-00077,CUST-000354,3,466.02,2026-06-08T14:23:34,mobile_wallet
TXN-0000135,STORE-014,PROD-00028,CUST-000310,4,282.23,02/04/2026 11:35,cash
TXN-0002785,STORE-015,PROD-00262,CUST-000584,1,330.85,01/21/2026 11:08,mobile_wallet
TXN-0002812,STORE-021,PROD-00162,CUST-000382,3,101.72,29-10-2025,cash
TXN-0004660,STORE-015,PROD-00086,CUST-000299,5,24.26,11/17/2025 09:08,mobile_wallet
TXN-0001948,STORE-020,PROD-00096,CUST-000313,4,221.49,14-05-2026,card
TXN-0000630,STORE-006,PROD-00005,CUST-000406,4,93.78,10/08/2025 01:01,cash
TXN-0003146,STORE-016,PROD-00166,CUST-000477,1,249.26,10/23/2025 18:11,card
TXN-0003353,STORE-007,PROD-00138,CUST-000577,3,56.89,22-01-2026,cash
TXN-0004851,STORE-022,SKU000276,CUST-000633,3,193.7,2025-11-17T21:12:50,cash
TXN-0003753,STORE-006,PROD-00051,CUST-000563,4,248.42,01/12/2026 01:20,cash
TXN-0004666,STORE-019,PROD-00145,CUST-000105,5,210.66,2026-01-23T06:15:57,cash
TXN-0002098,STORE-025,PROD-00206,CUST-000955,1,275.13,03/23/2026 14:18,cash
TXN-0001555,STORE-020,PROD-00183,CUST-000868,4,103.14,06/16/2026 01:44,cash
TXN-0002429,STORE-016,PROD-00214,CUST-000693,4,-53.88,13-06-2026,card
TXN-0004785,STORE-014,SKU000166,CUST-000058,1,249.26,01/30/2026 08:36,mobile_wallet
TXN-0002498,STORE-010,PROD-00025,CUST-000196,5,233.72,06/05/2026 18:23,cash
TXN-0001074,STORE-012,PROD-00257,CUST-000289,5,70.06,2026-07-22T00:54:52,cash
TXN-0000195,STORE-024,PROD-00050,CUST-000710,2,73.61,10-03-2026,mobile_wallet
TXN-0002203,STORE-022,PROD-00207,CUST-000569,2,170.21,2025-11-06T08:32:33,mobile_wallet
TXN-0002686,STORE-018,PROD-00057,CUST-000681,1,65.86,12/02/2025 01:49,card
TXN-0000890,STORE-012,PROD-00171,CUST-000481,1,389.02,2025-08-26T18:29:30,cash
TXN-0003169,STORE-004,PROD-00257,CUST-000607,1,70.06,2025-12-11T03:00:43,card
TXN-0001097,STORE-024,PROD-00119,CUST-000451,5,221.95,2026-03-09T15:58:00,card
TXN-0001365,STORE-003,PROD-00159,CUST-000885,4,269.69,2025-09-03T04:13:43,mobile_wallet
TXN-0004523,STORE-008,PROD-00254,CUST-000614,1,316.24,07/21/2026 18:11,mobile_wallet
TXN-0001128,STORE-018,PROD-00041,CUST-000289,5,40.95,02/07/2026 14:12,mobile_wallet
TXN-0002838,STORE-001,PROD-00201,CUST-000941,5,167.96,2026-06-01T11:51:49,card
TXN-0003391,STORE-019,PROD-00081,CUST-000724,4,411.67,2026-03-14T04:39:11,cash
TXN-0003609,STORE-025,PROD-00228,CUST-000333,1,168.6,15-03-2026,mobile_wallet
TXN-0002884,STORE-011,PROD-00241,CUST-000852,1,7.24,02/14/2026 19:05,mobile_wallet
TXN-0003345,STORE-018,PROD-00061,CUST-000044,1,142.82,2026-08-05T19:54:40,cash
TXN-0000696,STORE-023,PROD-00017,CUST-000234,5,73.06,2025-08-24T12:42:03,cash
TXN-0003277,STORE-015,PROD-00073,CUST-000608,4,41.57,17-12-2025,cash
TXN-0004787,STORE-007,PROD-00102,CUST-000850,1,281.32,20-09-2025,card
TXN-0000732,STORE-002,PROD-00106,CUST-000182,2,172.64,2026-06-28T07:23:51,mobile_wallet
TXN-0004545,STORE-003,SKU000146,CUST-000781,5,128.46,2026-05-21T19:27:05,card
TXN-0004554,STORE-021,PROD-00119,CUST-000819,3,221.95,27-01-2026,mobile_wallet
TXN-0004069,STORE-019,PROD-00183,CUST-000234,4,103.14,2025-09-08T10:23:33,mobile_wallet
TXN-0003619,STORE-011,PROD-00003,CUST-000040,2,283.27,27-11-2025,cash
TXN-0003825,STORE-017,PROD-00228,CUST-000431,5,168.6,05/20/2026 09:57,card
TXN-0002266,STORE-019,PROD-00183,CUST-000293,1,103.14,2025-09-17T23:07:27,mobile_wallet
TXN-0000990,STORE-020,PROD-00232,CUST-000884,3,179.91,2025-12-20T03:06:27,cash
TXN-0002688,STORE-005,PROD-00186,CUST-000647,4,108.59,27-05-2026,mobile_wallet
TXN-0000605,STORE-021,PROD-00071,CUST-000764,4,133.13,2026-08-20T22:53:34,mobile_wallet
TXN-0000033,STORE-015,PROD-00064,CUST-000249,4,103.31,2025-09-09T03:25:31,cash
TXN-0001387,STORE-012,PROD-00135,CUST-000350,4,288.86,2026-03-01T22:57:09,card
TXN-0004119,STORE-024,PROD-00221,CUST-000761,2,89.36,16-12-2025,card
TXN-0004768,STORE-016,PROD-00083,CUST-000148,3,243.21,09/08/2025 00:55,card
TXN-0001950,STORE-016,PROD-00224,CUST-000227,2,109.98,05-12-2025,mobile_wallet
TXN-0002457,STORE-023,PROD-00127,CUST-000669,3,96.44,24-06-2026,mobile_wallet
TXN-0001311,STORE-016,PROD-00247,CUST-000188,-1,30.45,12/01/2025 20:11,card
TXN-0004932,STORE-003,sku000112 ,CUST-000042,3,196.87,2026-03-15T17:21:59,card
TXN-0004101,STORE-020,PROD-00086,CUST-000184,5,24.26,2025-12-08T13:29:46,mobile_wallet
TXN-0000592,STORE-005,PROD-00294,CUST-000406,4,125.57,03/31/2026 19:11,mobile_wallet
TXN-0002393,STORE-001,PROD-00088,CUST-000195,2,250.66,2026-03-06T08:21:15,card
TXN-0002327,STORE-020,PROD-00194,CUST-000387,3,137.35,11/20/2025 06:24,card
TXN-0001244,STORE-012,PROD-00245,CUST-000433,1,167.35,07-03-2026,card
TXN-0002702,STORE-017,PROD-00135,CUST-000812,4,288.86,2025-12-13T05:36:32,mobile_wallet
TXN-0003261,STORE-012,PROD-00057,CUST-000728,5,65.86,28-09-2025,card
TXN-0001031,STORE-001,PROD-00057,CUST-000116,4,65.86,28-10-2025,card
TXN-0004365,STORE-013,SKU000111,CUST-000679,5,15.96,05/22/2026 02:59,mobile_wallet
TXN-0004721,STORE-010,PROD-00147,CUST-000474,2,80.88,2026-03-07T00:14:44,card
TXN-0000505,STORE-003,PROD-00018,CUST-000613,4,398.31,04/14/2026 13:21,mobile_wallet
TXN-0004408,STORE-006,PROD-00199,CUST-000334,1,49.88,2025-09-18T20:25:20,card
TXN-0004107,STORE-024,PROD-00041,CUST-000397,1,40.95,2025-10-25T19:21:26,card
TXN-0003300,STORE-007,PROD-00293,CUST-000446,3,146.52,13-04-2026,cash
TXN-0003025,STORE-017,PROD-00211,CUST-000565,1,258.83,11-11-2025,cash
TXN-0004648,STORE-006,PROD-00125,CUST-000468,1,373.21,08/13/2026 18:54,card
TXN-0002045,STORE-015,PROD-00118,CUST-000970,4,265.0,11/01/2025 11:25,card
TXN-0000389,STORE-007,PROD-00209,CUST-000700,2,46.91,2025-10-29T04:02:07,card
TXN-0002805,STORE-007,PROD-00261,CUST-000781,1,132.7,01-02-2026,card
TXN-0000804,STORE-007,PROD-00066,CUST-000103,2,175.34,2026-06-15T16:18:43,card
TXN-0003700,STORE-025,PROD-00119,CUST-000102,3,221.95,05/21/2026 07:15,card
TXN-0004511,STORE-016,PROD-00086,CUST-000007,5,24.26,11/25/2025 19:52,mobile_wallet
TXN-0002704,STORE-020,PROD-00269,CUST-000018,2,340.17,14-08-2026,card
TXN-0003672,STORE-005,PROD-00065,CUST-000406,2,66.03,03/12/2026 02:55,mobile_wallet
TXN-0001034,STORE-010,PROD-00028,CUST-000771,1,282.23,2026-06-13T10:28:04,card
TXN-0002810,STORE-007,PROD-00242,CUST-000002,5,12.79,2026-05-17T18:37:23,mobile_wallet
TXN-0004504,STORE-007,PROD-00122,CUST-000326,5,427.3,2025-08-26T04:27:28,card
TXN-0001273,STORE-020,PROD-00114,CUST-000241,3,3.79,08/22/2026 07:29,mobile_wallet
TXN-0001646,STORE-023,PROD-00173,CUST-000785,4,124.21,24-10-2025,mobile_wallet
TXN-0000882,STORE-025,PROD-00068,CUST-000259,1,219.43,30-01-2026,card
TXN-0001622,STORE-016,PROD-00102,CUST-000981,-3,281.32,2025-09-30T17:54:19,cash
TXN-0002827,STORE-001,PROD-00258,CUST-000800,4,46.18,07/29/2026 01:58,mobile_wallet
TXN-0001792,STORE-009,PROD-00073,CUST-000435,2,-41.57,22-08-2026,card
TXN-0004635,STORE-010,SKU000053,CUST-000958,2,209.68,07/07/2026 21:49,mobile_wallet
TXN-0004019,STORE-006,PROD-00244,CUST-000245,1,26.03,23-10-2025,mobile_wallet
TXN-0001843,STORE-006,PROD-00188,CUST-000429,5,61.17,05-03-2026,card
TXN-0000253,STORE-015,PROD-00104,CUST-000760,1,124.94,15-07-2026,card
TXN-0002279,STORE-021,PROD-00176,CUST-000015,5,122.92,2026-08-08T16:19:56,card
TXN-0001418,STORE-003,PROD-00256,CUST-000121,3,278.69,2026-02-20T06:58:49,cash
TXN-0004695,STORE-003,PROD-00067,CUST-000125,4,234.05,22-05-2026,mobile_wallet
TXN-0004026,STORE-006,PROD-00100,CUST-000677,5,413.06,2025-12-11T04:56:48,card
TXN-0001648,STORE-011,PROD-00117,CUST-000022,2,15.6,06/04/2026 16:39,card
TXN-0001577,STORE-011,SKU000172,CUST-000175,3,197.18,09/28/2025 19:13,card
TXN-0000084,STORE-015,PROD-00149,CUST-000458,5,197.41,20-05-2026,card
TXN-0002755,STORE-023,PROD-00280,CUST-000673,3,30.75,04-11-2025,mobile_wallet
TXN-0002293,STORE-013,PROD-00191,CUST-000164,4,177.43,2025-10-01T06:53:54,card
TXN-0004223,STORE-006,PROD-00175,CUST-000049,3,215.19,08-09-2025,mobile_wallet
TXN-0002674,STORE-022,PROD-00227,CUST-000926,3,38.54,2025-11-11T08:12:01,card
TXN-0003393,STORE-011,PROD-00065,CUST-000753,1,66.03,2026-07-08T11:15:34,mobile_wallet
TXN-0004735,STORE-022,PROD-00039,CUST-000662,3,183.97,12/17/2025 01:00,cash
TXN-0002018,STORE-009,PROD-00102,CUST-000035,5,281.32,2026-06-13T04:35:37,card
TXN-0000604,STORE-011,PROD-00290,CUST-000296,4,322.63,16-03-2026,card
TXN-0004155,STORE-022,PROD-00079,CUST-000384,2,410.73,06-08-2026,mobile_wallet
TXN-0001436,STORE-021,PROD-00230,CUST-000757,1,29.05,03-11-2025,card
TXN-0003934,STORE-014,SKU999999,CUST-000381,1,110.16,02-12-2025,cash
TXN-0002489,STORE-014,PROD-00115,CUST-000539,3,345.35,2026-01-11T05:55:48,mobile_wallet
TXN-0004997,STORE-016,PROD-00271,CUST-000760,3,15.73,2025-10-08T20:14:17,cash
TXN-0001873,STORE-010,PROD-00056,CUST-000182,2,405.5,07/14/2026 16:08,card
TXN-0003222,STORE-002,PROD-00245,CUST-000021,4,167.35,23-07-2026,card
TXN-0003154,STORE-002,PROD-00146,CUST-000985,1,128.46,05/08/2026 17:01,card
TXN-0003473,STORE-022,PROD-00047,CUST-000976,5,239.67,07/06/2026 01:46,cash
TXN-0004525,STORE-013,PROD-00236,CUST-000145,5,47.02,07/02/2026 09:46,cash
TXN-0004843,STORE-007,PROD-00127,CUST-000532,1,96.44,20-06-2026,card
TXN-0000246,STORE-011,PROD-00195,CUST-000607,4,66.89,30-03-2026,mobile_wallet
TXN-0003969,STORE-012,PROD-00167,CUST-000287,5,331.85,03/21/2026 01:12,mobile_wallet
TXN-0003823,STORE-005,PROD-00149,CUST-000084,2,197.41,09/09/2025 23:19,card
TXN-0004450,STORE-018,PROD-00105,CUST-000007,3,126.39,14-05-2026,card
TXN-0004117,STORE-021,PROD-00147,CUST-000026,4,80.88,01/27/2026 02:49,cash
TXN-0001341,STORE-015,PROD-00276,CUST-000416,3,193.7,27-10-2025,card
TXN-0000770,STORE-017,PROD-00074,CUST-000536,5,121.72,2026-08-19T12:12:43,card
TXN-0000844,STORE-004,PROD-00200,CUST-000459,1,88.0,09/28/2025 01:47,mobile_wallet
TXN-0000525,STORE-011,SKU999999,CUST-000708,5,219.43,10/03/2025 13:50,card
TXN-0001638,STORE-025,PROD-00209,CUST-000186,4,46.91,08/23/2026 03:04,card
TXN-0002744,STORE-007,SKU000048,CUST-000178,4,363.63,2026-03-10T04:25:48,mobile_wallet
TXN-0000550,STORE-023,PROD-00043,CUST-000028,3,98.85,02-08-2026,cash
TXN-0002771,STORE-002,PROD-00146,CUST-000746,1,128.46,2025-09-22T16:51:48,mobile_wallet
TXN-0003384,STORE-008,PROD-00111,CUST-000354,5,15.96,2026-01-18T15:41:58,cash
TXN-0004142,STORE-007,PROD-00089,CUST-000642,4,18.86,2026-06-01T14:37:38,mobile_wallet
TXN-0002700,STORE-005,PROD-00214,CUST-000124,3,53.88,07-08-2026,cash
TXN-0003517,STORE-024,PROD-00194,CUST-000745,2,137.35,19-02-2026,card
TXN-0000028,STORE-008,PROD-00028,CUST-000393,4,282.23,15-08-2026,cash
TXN-0001990,STORE-010,PROD-00004,CUST-000876,5,105.24,2025-11-02T18:42:54,card
TXN-0000106,STORE-014,PROD-00295,CUST-000297,2,213.54,2026-02-15T22:47:59,cash
TXN-0001240,STORE-022,PROD-00072,CUST-000309,3,73.06,2026-05-27T14:34:52,cash
TXN-0004218,STORE-023,PROD-00131,CUST-000424,1,154.11,18-08-2026,card
TXN-0000950,STORE-016,PROD-00064,CUST-000112,4,103.31,30-10-2025,cash
TXN-0000663,STORE-020,PROD-00118,CUST-000508,2,265.0,11/16/2025 02:04,mobile_wallet
TXN-0004729,STORE-016,PROD-00042,CUST-000716,1,3.53,07/09/2026 13:05,cash
TXN-0002798,STORE-015,PROD-00278,CUST-000875,3,401.02,01/14/2026 02:04,cash
TXN-0001879,STORE-002,PROD-00099,CUST-000948,5,139.51,09/15/2025 15:51,mobile_wallet
TXN-0001044,STORE-025,PROD-00216,CUST-000617,2,188.81,2026-02-15T10:51:18,mobile_wallet
TXN-0002662,STORE-012,PROD-00269,CUST-000961,1,340.17,12/06/2025 21:24,cash
TXN-0001696,STORE-012,PROD-00052,CUST-000235,1,403.8,30-09-2025,cash
TXN-0003121,STORE-015,PROD-00101,CUST-000478,1,102.13,2025-12-26T21:15:22,cash
TXN-0002496,STORE-023,PROD-00178,CUST-000525,3,181.72,29-07-2026,cash
TXN-0003642,STORE-015,PROD-00130,CUST-000452,2,93.35,05/06/2026 03:05,card
TXN-0001427,STORE-008,PROD-00126,CUST-000141,4,120.27,2026-07-26T15:31:34,cash
TXN-0004291,STORE-013,PROD-00200,CUST-000354,5,88.0,2026-04-22T13:23:59,cash
TXN-0002528,STORE-001,PROD-00006,CUST-000627,5,82.96,29-10-2025,mobile_wallet
TXN-0004548,STORE-011,PROD-00233,CUST-000258,3,381.82,2026-06-24T19:17:59,card
TXN-0001786,STORE-007,SKU000002,CUST-000203,1,-97.99,2026-05-20T01:19:08,cash
TXN-0000152,STORE-001,PROD-00086,CUST-000471,2,24.26,06-09-2025,mobile_wallet
TXN-0001665,STORE-006,PROD-00236,CUST-000734,2,47.02,2026-02-21T11:19:52,card
TXN-0003841,STORE-020,PROD-00161,CUST-000857,3,244.6,2026-02-17T23:59:10,cash
TXN-0001306,STORE-023,PROD-00157,CUST-000728,4,141.14,20-04-2026,card
TXN-0001779,STORE-024,PROD-00140,CUST-000777,2,234.87,07/14/2026 03:06,card
TXN-0000290,STORE-007,PROD-00264,CUST-000091,5,163.32,2025-09-22T20:12:41,mobile_wallet
TXN-0000069,STORE-018,PROD-00201,CUST-000515,3,167.96,10-04-2026,mobile_wallet
TXN-0002441,STORE-011,PROD-00083,CUST-000182,2,243.21,2025-10-26T22:34:18,card
TXN-0000016,STORE-006,PROD-00031,CUST-000194,1,283.68,22-04-2026,mobile_wallet
TXN-0000532,STORE-009,PROD-00261,CUST-000046,5,132.7,20-03-2026,card
TXN-0002535,STORE-024,PROD-00063,CUST-000576,4,222.33,31-07-2026,cash
TXN-0004267,STORE-018,PROD-00127,CUST-000600,5,96.44,03-12-2025,card
TXN-0001362,STORE-016,PROD-00108,CUST-000127,5,196.31,01/31/2026 20:45,card
TXN-0002371,STORE-003,PROD-00196,CUST-000514,2,190.23,2025-09-11T16:09:21,card
TXN-0003208,STORE-002,PROD-00081,CUST-000820,3,411.67,06/23/2026 12:19,card
TXN-0004754,STORE-021,PROD-00073,CUST-000467,3,41.57,2026-02-15T14:23:45,cash
TXN-0003726,STORE-002,PROD-00192,CUST-000376,2,57.16,04/22/2026 05:03,card
TXN-0004017,STORE-024,PROD-00013,CUST-000285,1,125.91,2026-01-22T15:18:05,card
TXN-0002891,STORE-010,PROD-00002,CUST-000502,1,97.99,2025-12-01T01:53:18,mobile_wallet
TXN-0001689,STORE-020,PROD-00182,CUST-000290,5,92.63,06/11/2026 19:05,mobile_wallet
TXN-0003854,STORE-018,PROD-00077,CUST-000338,5,466.02,2025-12-12T19:24:34,card
TXN-0004801,STORE-014,PROD-00203,CUST-000597,4,264.67,11/16/2025 00:04,card
TXN-0002854,STORE-006,PROD-00269,CUST-000321,2,340.17,2025-09-22T15:46:28,card
TXN-0004690,STORE-007,PROD-00110,CUST-000137,3,33.91,09/21/2025 19:04,cash
TXN-0004497,STORE-003,PROD-00151,CUST-000848,4,197.07,03-12-2025,cash
TXN-0000099,STORE-008,PROD-00247,CUST-000298,4,30.45,2026-03-19T21:17:52,mobile_wallet
TXN-0001579,STORE-004,PROD-00199,CUST-000427,2,49.88,28-12-2025,cash
TXN-0001424,STORE-023,PROD-00135,CUST-000120,3,288.86,05/03/2026 10:51,card
TXN-0001229,STORE-007,PROD-00276,CUST-000598,4,193.7,12/22/2025 06:18,card
TXN-0004657,STORE-022,PROD-00273,CUST-000353,2,440.02,09/19/2025 11:13,mobile_wallet
TXN-0004943,STORE-004,PROD-00291,CUST-000067,2,387.67,09/18/2025 16:08,mobile_wallet
TXN-0003182,STORE-013,PROD-00115,CUST-000891,2,345.35,02-01-2026,mobile_wallet
TXN-0001854,STORE-025,PROD-00182,CUST-000789,3,92.63,2026-07-19T19:35:32,card
TXN-0002834,STORE-010,PROD-00152,CUST-000792,5,131.51,05-12-2025,card
TXN-0002973,STORE-016,PROD-00156,CUST-000221,3,356.66,30-04-2026,card
TXN-0004294,STORE-018,PROD-00003,CUST-000499,1,283.27,02/06/2026 15:27,mobile_wallet
TXN-0000140,STORE-019,PROD-00231,CUST-000024,2,101.96,2026-06-25T20:29:10,mobile_wallet
TXN-0003824,STORE-008,PROD-00239,CUST-000568,1,296.37,10/19/2025 10:31,mobile_wallet
TXN-0001997,STORE-015,PROD-00094,CUST-000064,1,215.98,07/20/2026 16:46,mobile_wallet
TXN-0003484,STORE-007,PROD-00139,CUST-000284,2,109.66,10-07-2026,mobile_wallet
TXN-0004116,STORE-018,PROD-00245,CUST-000507,5,167.35,05-05-2026,cash
TXN-0000742,STORE-007,PROD-00080,CUST-000086,-3,189.59,03/24/2026 04:07,cash
TXN-0000885,STORE-008,PROD-00246,CUST-000552,1,295.15,19-08-2026,card
TXN-0001670,STORE-005,PROD-00106,CUST-000242,1,172.64,02/10/2026 23:28,card
TXN-0003199,STORE-016,PROD-00197,CUST-000341,5,-58.81,06/20/2026 18:44,card
TXN-0003447,STORE-019,PROD-00298,CUST-000627,1,43.12,2025-10-13T17:00:59,mobile_wallet
TXN-0000907,STORE-011,PROD-00211,CUST-000404,4,258.83,08/22/2026 21:17,card
TXN-0000082,STORE-019,PROD-00208,CUST-000606,2,270.9,26-01-2026,mobile_wallet
TXN-0004890,STORE-018,PROD-00112,CUST-000702,3,-196.87,07-06-2026,card
TXN-0002307,STORE-005,PROD-00183,CUST-000184,4,103.14,07/20/2026 18:58,cash
TXN-0003955,STORE-014,PROD-00049,CUST-000853,3,11.75,12-12-2025,card
TXN-0001099,STORE-013,sku000143 ,CUST-000398,3,370.32,03/05/2026 21:54,mobile_wallet
TXN-0000988,STORE-021,PROD-00294,CUST-000060,4,125.57,09/10/2025 08:47,card
TXN-0000036,STORE-013,sku000165 ,CUST-000764,4,131.68,2025-09-07T01:16:39,cash
TXN-0004696,STORE-019,PROD-00287,CUST-000015,5,159.36,09/05/2025 14:45,cash
TXN-0001091,STORE-002,PROD-00128,CUST-000567,1,102.36,08/29/2025 08:13,card
TXN-0004676,STORE-007,PROD-00021,CUST-000749,2,130.87,2026-02-07T11:09:16,card
TXN-0003457,STORE-006,PROD-00216,CUST-000716,1,188.81,04-08-2026,card
TXN-0000644,STORE-023,PROD-00116,CUST-000662,4,162.81,2025-09-18T02:24:03,card
TXN-0002848,STORE-012,PROD-00226,CUST-000411,3,208.87,09/05/2025 02:56,mobile_wallet
TXN-0001479,STORE-020,PROD-00074,CUST-000151,1,121.72,2025-10-17T15:53:09,card
TXN-0001501,STORE-011,PROD-00078,CUST-000210,4,62.45,07/05/2026 09:09,cash
TXN-0003185,STORE-019,PROD-00207,CUST-000368,1,170.21,02/10/2026 01:32,cash
TXN-0001679,STORE-014,PROD-00096,CUST-000488,3,221.49,2025-10-10T01:48:40,mobile_wallet
TXN-0002129,STORE-009,PROD-00007,CUST-000644,4,150.71,09/22/2025 16:43,card
TXN-0000418,STORE-021,PROD-00029,CUST-000063,2,235.83,06/19/2026 21:18,card
TXN-0004053,STORE-008,PROD-00171,CUST-000668,5,389.02,08-08-2026,cash
TXN-0004844,STORE-001,PROD-00124,CUST-000914,1,410.1,28-07-2026,cash
TXN-0004521,STORE-016,PROD-00107,CUST-000964,5,70.64,12/04/2025 13:19,mobile_wallet
TXN-0000479,STORE-010,PROD-00086,CUST-000629,3,24.26,12-02-2026,card
TXN-0001839,STORE-017,PROD-00241,CUST-000149,4,7.24,2026-02-14T08:27:53,card
TXN-0003481,STORE-003,PROD-00292,CUST-000743,1,228.17,2025-11-25T21:35:28,mobile_wallet
TXN-0000699,STORE-014,PROD-00067,CUST-000658,4,234.05,2026-07-21T21:19:24,card
TXN-0001624,STORE-023,PROD-00228,CUST-000430,1,168.6,22-11-2025,mobile_wallet
TXN-0003346,STORE-005,PROD-00101,CUST-000139,3,102.13,19-01-2026,mobile_wallet
TXN-0004158,STORE-019,PROD-00281,CUST-000698,1,218.94,02/11/2026 20:27,cash
TXN-0003947,STORE-024,PROD-00020,CUST-000954,5,55.46,2026-01-25T05:05:35,mobile_wallet
TXN-0004779,STORE-008,PROD-00231,CUST-000537,1,101.96,2026-06-27T19:18:51,cash
TXN-0002492,STORE-008,PROD-00002,CUST-000504,4,97.99,2025-11-15T15:51:02,card
TXN-0004919,STORE-021,PROD-00124,CUST-000554,3,410.1,05/20/2026 19:57,cash
TXN-0003178,STORE-003,PROD-00277,CUST-000819,1,72.79,04/13/2026 01:21,mobile_wallet
TXN-0002556,STORE-024,PROD-00169,CUST-000061,4,262.44,04/15/2026 15:31,cash
TXN-0003695,STORE-019,PROD-00192,CUST-000757,1,57.16,2025-10-24T13:09:14,mobile_wallet
TXN-0003520,STORE-014,PROD-00237,CUST-000624,2,56.05,04/23/2026 04:45,card
TXN-0001191,STORE-020,PROD-00268,CUST-000333,3,159.92,06/30/2026 17:19,mobile_wallet
TXN-0000668,STORE-022,PROD-00011,CUST-000106,2,25.8,2026-03-24T12:47:53,cash
TXN-0001054,STORE-022,PROD-00225,CUST-000276,5,372.01,2026-01-06T20:19:30,card
TXN-0000552,STORE-018,PROD-00055,CUST-000747,-1,-305.58,30-11-2025,cash
TXN-0003311,STORE-021,PROD-00030,CUST-000180,2,142.56,03/16/2026 00:03,mobile_wallet
TXN-0003236,STORE-006,PROD-00074,CUST-000822,3,121.72,2026-05-01T01:41:54,cash
TXN-0003058,STORE-025,PROD-00117,CUST-000477,3,15.6,10/16/2025 11:33,mobile_wallet
TXN-0001218,STORE-001,PROD-00188,CUST-000568,4,61.17,2025-09-24T10:44:05,card
TXN-0004185,STORE-013,PROD-00110,CUST-000208,1,33.91,2025-12-28T09:13:18,card
TXN-0000612,STORE-018,PROD-00044,CUST-000230,5,136.55,06/03/2026 03:28,card
TXN-0003043,STORE-002,PROD-00229,CUST-000061,2,238.08,01-09-2025,cash
TXN-0002137,STORE-023,PROD-00079,CUST-000809,4,410.73,24-11-2025,mobile_wallet
TXN-0001079,STORE-002,PROD-00205,CUST-000755,5,27.76,12/15/2025 11:10,cash
TXN-0001535,STORE-022,PROD-00186,CUST-000109,5,108.59,02/04/2026 14:05,mobile_wallet
TXN-0001540,STORE-021,PROD-00163,CUST-000424,2,-414.19,05-07-2026,card
TXN-0004897,STORE-015,PROD-00171,CUST-000127,3,389.02,2025-11-06T11:54:07,mobile_wallet
TXN-0002738,STORE-014,SKU000084,CUST-000353,-3,147.66,19-09-2025,mobile_wallet
TXN-0001697,STORE-010,PROD-00040,CUST-000020,3,330.8,2026-02-28T12:08:56,cash
TXN-0001795,STORE-008,PROD-00249,CUST-000589,5,70.32,2026-04-10T03:31:06,cash
TXN-0000588,STORE-009,PROD-00277,CUST-000353,2,72.79,03/02/2026 01:36,mobile_wallet
TXN-0000955,STORE-021,PROD-00279,CUST-000970,4,114.72,04-06-2026,cash
TXN-0003386,STORE-010,PROD-00125,CUST-000050,3,373.21,03-05-2026,card
TXN-0000979,STORE-013,PROD-00144,CUST-000013,1,362.55,06/19/2026 06:39,card
TXN-0004613,STORE-004,SKU000140,CUST-000881,1,234.87,06/29/2026 13:24,card
TXN-0003036,STORE-011,PROD-00166,CUST-000836,1,249.26,04/20/2026 11:24,mobile_wallet
TXN-0002799,STORE-013,PROD-00068,CUST-000042,2,219.43,2026-06-08T23:14:00,cash
TXN-0000116,STORE-013,PROD-00197,CUST-000644,5,58.81,23-11-2025,card
TXN-0003337,STORE-005,PROD-00036,CUST-000583,5,277.4,02/03/2026 18:28,cash
TXN-0002056,STORE-002,PROD-00010,CUST-000372,3,96.14,01/05/2026 16:10,cash
TXN-0003179,STORE-010,PROD-00169,CUST-000049,1,262.44,2025-11-01T06:17:37,mobile_wallet
TXN-0001958,STORE-007,sku000114 ,CUST-000843,5,3.79,2026-07-26T17:37:22,cash
TXN-0003446,STORE-019,PROD-00037,CUST-000617,2,153.17,23-08-2025,mobile_wallet
TXN-0001963,STORE-021,PROD-00014,CUST-000375,4,26.37,02-08-2026,cash
TXN-0000354,STORE-018,PROD-00104,CUST-000351,1,124.94,01/10/2026 11:05,mobile_wallet
TXN-0002471,STORE-015,SKU000205,CUST-000482,1,27.76,26-05-2026,card
TXN-0003397,STORE-001,PROD-00059,CUST-000638,3,138.3,08/25/2025 18:42,cash
TXN-0003452,STORE-006,PROD-00244,CUST-000406,5,26.03,16-01-2026,cash
TXN-0000664,STORE-013,PROD-00193,CUST-000565,2,-70.07,2025-08-24T06:26:22,card
TXN-0003412,STORE-017,PROD-00239,CUST-000386,5,296.37,07/30/2026 01:20,cash
TXN-0003407,STORE-013,PROD-00126,CUST-000354,1,120.27,2026-05-05T22:40:17,card
TXN-0002989,STORE-025,PROD-00134,CUST-000873,5,58.95,11/02/2025 14:01,card
TXN-0002664,STORE-015,PROD-00271,CUST-000152,5,15.73,09/27/2025 12:05,mobile_wallet
TXN-0000900,STORE-018,PROD-00009,CUST-000196,4,229.81,2026-05-22T19:50:22,cash
TXN-0003835,STORE-004,PROD-00079,CUST-000159,2,410.73,04/09/2026 22:31,cash
TXN-0002938,STORE-007,PROD-00284,CUST-000195,3,334.85,31-12-2025,mobile_wallet
TXN-0002847,STORE-008,PROD-00181,CUST-000592,4,231.93,29-06-2026,mobile_wallet
TXN-0000576,STORE-016,PROD-00126,CUST-000162,3,120.27,03/10/2026 00:28,cash
TXN-0004163,STORE-013,PROD-00116,CUST-000895,2,162.81,2026-06-09T04:16:18,mobile_wallet
TXN-0004269,STORE-011,PROD-00079,CUST-000544,3,410.73,23-10-2025,cash
TXN-0003206,STORE-013,PROD-00091,CUST-000068,4,98.64,2026-05-21T08:00:13,cash
TXN-0003465,STORE-013,PROD-00048,CUST-000223,5,363.63,2026-06-16T05:54:43,mobile_wallet
TXN-0000428,STORE-024,PROD-00253,CUST-000757,4,288.42,2026-03-23T23:52:44,cash
TXN-0002909,STORE-020,PROD-00038,CUST-000046,5,261.73,01/13/2026 07:36,cash
TXN-0000740,STORE-018,PROD-00276,CUST-000720,2,193.7,07/26/2026 01:18,cash
TXN-0002773,STORE-010,PROD-00069,CUST-000521,4,201.76,2026-03-04T05:00:53,cash
TXN-0004586,STORE-006,PROD-00058,CUST-000497,2,230.62,2026-08-20T20:40:31,card
TXN-0004014,STORE-024,PROD-00290,CUST-000696,2,322.63,21-03-2026,card
TXN-0003274,STORE-009,PROD-00192,CUST-000115,3,57.16,10/23/2025 02:43,cash
TXN-0001029,STORE-014,PROD-00201,CUST-000826,3,167.96,29-01-2026,mobile_wallet
TXN-0001649,STORE-022,PROD-00172,CUST-000366,4,197.18,19-01-2026,mobile_wallet
TXN-0004120,STORE-018,PROD-00084,CUST-000435,5,147.66,16-02-2026,cash
TXN-0001468,STORE-008,PROD-00149,CUST-000100,3,197.41,2025-10-08T11:30:49,cash
TXN-0002365,STORE-005,PROD-00257,CUST-000946,5,70.06,2026-04-28T23:48:31,mobile_wallet
TXN-0004898,STORE-024,PROD-00188,CUST-000449,4,61.17,07/06/2026 15:27,mobile_wallet
TXN-0003997,STORE-018,PROD-00175,CUST-000309,3,215.19,2025-11-24T03:25:22,card
TXN-0001454,STORE-007,PROD-00052,CUST-000801,5,403.8,01/25/2026 05:27,cash
TXN-0004977,STORE-019,PROD-00138,CUST-000896,5,56.89,06-12-2025,mobile_wallet
TXN-0003944,STORE-012,PROD-00010,CUST-000397,1,96.14,05/09/2026 07:20,mobile_wallet
TXN-0002868,STORE-001,SKU000070,CUST-000685,3,267.33,2025-11-17T18:23:31,card
TXN-0002198,STORE-021,PROD-00151,CUST-000804,2,197.07,04/22/2026 18:03,mobile_wallet
TXN-0003157,STORE-010,PROD-00255,CUST-000959,-3,31.8,09/26/2025 07:48,mobile_wallet
TXN-0000720,STORE-007,PROD-00288,CUST-000876,5,112.73,03/18/2026 01:58,card
TXN-0001045,STORE-005,SKU000263,CUST-000204,5,265.75,08/24/2025 23:21,card
TXN-0003993,STORE-022,PROD-00051,CUST-000330,4,248.42,23-08-2026,mobile_wallet
TXN-0000104,STORE-001,PROD-00277,CUST-000986,4,72.79,2026-04-18T19:46:57,mobile_wallet
TXN-0002442,STORE-002,PROD-00165,CUST-000173,3,131.68,02-01-2026,card
TXN-0001816,STORE-004,PROD-00069,CUST-000372,2,201.76,10/18/2025 17:32,mobile_wallet
TXN-0000801,STORE-023,PROD-00208,CUST-000567,1,270.9,11-01-2026,cash
TXN-0003389,STORE-010,PROD-00013,CUST-000756,3,125.91,29-11-2025,card
TXN-0000868,STORE-010,PROD-00269,CUST-000647,2,340.17,2025-09-19T16:42:22,card
TXN-0002034,STORE-003,PROD-00133,CUST-000070,2,372.3,2026-04-14T22:10:31,cash
TXN-0000352,STORE-012,PROD-00291,CUST-000693,3,387.67,19-09-2025,mobile_wallet
TXN-0003469,STORE-022,SKU000032,CUST-000210,2,277.74,06/12/2026 06:51,cash
TXN-0002211,STORE-011,PROD-00018,CUST-000349,3,398.31,25-10-2025,cash
TXN-0001977,STORE-010,PROD-00227,CUST-000832,2,38.54,03-08-2026,cash
TXN-0004058,STORE-014,PROD-00228,CUST-000411,4,168.6,07-02-2026,mobile_wallet
TXN-0001150,STORE-011,PROD-00081,CUST-000187,3,411.67,26-09-2025,card
TXN-0003962,STORE-025,PROD-00187,CUST-000395,1,300.08,2025-08-28T09:27:14,cash
TXN-0003781,STORE-006,PROD-00236,CUST-000471,4,47.02,12/21/2025 17:52,cash
TXN-0000629,STORE-023,PROD-00009,CUST-000524,2,-229.81,10/23/2025 18:03,card
TXN-0002537,STORE-007,PROD-00070,CUST-000283,4,267.33,05/01/2026 10:15,mobile_wallet
TXN-0000470,STORE-018,PROD-00284,CUST-000272,5,334.85,2026-08-22T04:59:30,mobile_wallet
TXN-0000229,STORE-008,PROD-00012,CUST-000894,5,272.48,14-10-2025,card
TXN-0004125,STORE-003,PROD-00259,CUST-000788,4,172.49,10/19/2025 11:42,cash
TXN-0001051,STORE-003,PROD-00103,CUST-000432,1,219.77,03-07-2026,card
TXN-0000365,STORE-003,PROD-00089,CUST-000479,1,18.86,2025-12-23T01:15:50,mobile_wallet
TXN-0002816,STORE-022,PROD-00084,CUST-000707,1,147.66,04-06-2026,mobile_wallet
TXN-0004678,STORE-008,PROD-00292,CUST-000903,3,228.17,05/31/2026 22:45,mobile_wallet
TXN-0004015,STORE-022,PROD-00095,CUST-000483,2,165.36,08/28/2025 08:01,cash
TXN-0003470,STORE-018,PROD-00008,CUST-000608,1,195.87,09/23/2025 05:49,card
TXN-0001872,STORE-003,PROD-00160,CUST-000897,1,168.5,10-06-2026,cash
TXN-0000357,STORE-018,PROD-00200,CUST-000350,3,88.0,03/22/2026 15:39,card
TXN-0003699,STORE-017,PROD-00282,CUST-000326,4,311.97,2026-08-23T11:46:21,card
TXN-0003079,STORE-012,PROD-00034,CUST-000069,3,134.98,2025-09-04T01:11:33,cash
TXN-0002468,STORE-013,PROD-00176,CUST-000829,5,122.92,12/26/2025 00:34,cash
TXN-0001024,STORE-012,PROD-00250,CUST-000554,0,27.33,01/06/2026 07:38,mobile_wallet
TXN-0000370,STORE-006,PROD-00020,CUST-000368,4,55.46,11/26/2025 00:36,cash
TXN-0002840,STORE-007,PROD-00144,CUST-000797,3,362.55,22-11-2025,card
TXN-0003999,STORE-004,PROD-00170,CUST-000672,3,204.4,14-01-2026,mobile_wallet
TXN-0003850,STORE-005,PROD-00112,CUST-000839,4,196.87,12/22/2025 02:09,cash
TXN-0004114,STORE-014,PROD-00173,CUST-000625,5,124.21,05-10-2025,card
TXN-0004809,STORE-011,PROD-00107,CUST-000073,4,70.64,04/03/2026 13:00,card
TXN-0000077,STORE-011,PROD-00291,CUST-000849,4,387.67,2026-04-03T20:37:31,mobile_wallet
TXN-0004045,STORE-015,PROD-00021,CUST-000128,1,130.87,02/21/2026 10:00,card
TXN-0002095,STORE-025,PROD-00184,CUST-000256,5,232.98,2025-08-23T17:19:04,mobile_wallet
TXN-0004867,STORE-016,PROD-00178,CUST-000436,3,181.72,02-07-2026,mobile_wallet
TXN-0002994,STORE-002,PROD-00171,CUST-000718,5,389.02,2026-08-03T07:23:08,mobile_wallet
TXN-0004411,STORE-022,PROD-00241,CUST-000005,3,7.24,14-05-2026,card
TXN-0004060,STORE-016,PROD-00164,CUST-000821,1,231.45,09-09-2025,mobile_wallet
TXN-0003078,STORE-018,PROD-00274,CUST-000160,2,144.59,2026-02-11T11:01:35,card
TXN-0004312,STORE-019,PROD-00070,CUST-000935,3,267.33,2025-10-15T17:30:44,cash
TXN-0001280,STORE-024,PROD-00146,CUST-000556,4,128.46,18-05-2026,card
TXN-0002484,STORE-010,PROD-00192,CUST-000628,1,57.16,2025-10-11T04:09:13,card
TXN-0004853,STORE-009,PROD-00222,CUST-000665,4,219.35,12/01/2025 09:50,cash
TXN-0003035,STORE-004,PROD-00121,CUST-000959,2,360.88,2026-05-19T20:48:57,card
TXN-0000595,STORE-017,PROD-00190,CUST-001000,4,244.93,02/09/2026 06:50,cash
TXN-0002113,STORE-011,PROD-00297,CUST-000676,3,297.41,2025-09-09T19:39:14,card
TXN-0000248,STORE-013,PROD-00266,CUST-000061,1,21.53,24-10-2025,card
TXN-0000049,STORE-006,PROD-00151,CUST-000993,1,197.07,02-02-2026,card
TXN-0001952,STORE-021,PROD-00001,CUST-000202,2,50.1,07/11/2026 09:12,card
TXN-0001183,STORE-025,PROD-00120,CUST-000189,4,305.8,07/02/2026 15:10,card
TXN-0002634,STORE-008,PROD-00226,CUST-000311,3,208.87,2025-10-05T13:38:15,mobile_wallet
TXN-0002060,STORE-001,PROD-00139,CUST-000254,3,109.66,2026-06-19T11:19:40,cash
TXN-0003544,STORE-009,PROD-00080,CUST-000692,1,189.59,2026-04-15T09:26:40,mobile_wallet
TXN-0002446,STORE-018,PROD-00091,CUST-000079,2,98.64,05/08/2026 23:01,mobile_wallet
TXN-0002402,STORE-009,PROD-00145,CUST-000268,5,210.66,2025-12-26T07:04:09,cash
TXN-0003225,STORE-022,PROD-00078,CUST-000102,4,62.45,2026-01-20T13:10:45,card
TXN-0002569,STORE-009,PROD-00074,CUST-000903,5,121.72,23-08-2025,mobile_wallet
TXN-0002264,STORE-011,PROD-00048,CUST-000937,1,363.63,2025-12-09T09:47:53,mobile_wallet
TXN-0000551,STORE-006,PROD-00136,CUST-000688,2,39.83,31-01-2026,cash
TXN-0002735,STORE-020,PROD-00031,CUST-000237,2,283.68,31-07-2026,mobile_wallet
TXN-0003147,STORE-005,PROD-00105,CUST-000725,1,126.39,2025-09-04T05:32:59,card
TXN-0000677,STORE-019,PROD-00206,CUST-000132,1,275.13,02/15/2026 14:20,card
TXN-0004706,STORE-010,PROD-00143,CUST-000986,5,370.32,2026-02-11T12:35:30,cash
TXN-0002459,STORE-025,PROD-00274,CUST-000589,2,144.59,2026-06-05T00:56:30,card
TXN-0000694,STORE-013,PROD-00105,CUST-000177,1,126.39,2026-01-28T06:00:01,cash
TXN-0004583,STORE-023,PROD-00238,CUST-000458,4,110.16,2026-08-15T04:32:20,card
TXN-0004933,STORE-002,PROD-00086,CUST-000172,2,24.26,04/30/2026 04:49,cash
TXN-0002167,STORE-009,PROD-00200,CUST-000695,1,88.0,07/02/2026 06:30,cash
TXN-0004400,STORE-020,PROD-00103,CUST-000063,1,219.77,03/07/2026 05:19,card
TXN-0004744,STORE-016,PROD-00173,CUST-000528,3,124.21,02-05-2026,mobile_wallet
TXN-0004475,STORE-010,PROD-00169,CUST-000643,3,262.44,2026-02-08T07:57:05,mobile_wallet
TXN-0003066,STORE-005,PROD-00017,CUST-000458,2,73.06,07/22/2026 02:40,mobile_wallet
TXN-0001318,STORE-024,PROD-00143,CUST-000785,2,370.32,2026-02-20T17:34:48,mobile_wallet
TXN-0000915,STORE-010,PROD-00006,CUST-000355,2,82.96,2026-03-30T17:09:22,card
TXN-0001377,STORE-016,PROD-00050,CUST-000035,5,73.61,2025-11-10T06:15:26,card
TXN-0003719,STORE-019,PROD-00248,CUST-000583,4,31.77,08/20/2026 15:25,cash
TXN-0001690,STORE-017,PROD-00209,CUST-000306,4,46.91,2025-11-20T18:38:17,mobile_wallet
TXN-0004156,STORE-015,PROD-00106,CUST-000608,2,172.64,07-11-2025,cash
TXN-0002960,STORE-021,PROD-00010,CUST-000094,4,96.14,24-05-2026,card
TXN-0001876,STORE-002,PROD-00048,CUST-000542,3,363.63,02-06-2026,card
TXN-0001292,STORE-005,PROD-00103,CUST-000333,3,219.77,22-06-2026,cash
TXN-0000276,STORE-021,PROD-00247,CUST-000773,4,30.45,03/28/2026 05:07,cash
TXN-0001375,STORE-014,PROD-00238,CUST-000522,5,110.16,12-10-2025,card
TXN-0002826,STORE-023,PROD-00076,CUST-000913,1,27.66,03/06/2026 00:21,cash
TXN-0001384,STORE-015,PROD-00296,CUST-000571,2,246.02,01/19/2026 16:58,card
TXN-0003916,STORE-003,PROD-00296,CUST-000032,5,246.02,03/28/2026 08:08,card
TXN-0002681,STORE-003,PROD-00189,CUST-000828,4,371.6,28-08-2025,mobile_wallet
TXN-0004975,STORE-017,PROD-00157,CUST-000334,2,141.14,02/11/2026 20:43,card
TXN-0000440,STORE-005,PROD-00040,CUST-000233,1,330.8,10/18/2025 16:41,card
TXN-0002310,STORE-020,PROD-00218,CUST-000019,3,279.94,2026-08-14T22:36:17,card
TXN-0001428,STORE-001,PROD-00125,CUST-000073,5,373.21,15-12-2025,mobile_wallet
TXN-0000447,STORE-005,PROD-00015,CUST-000649,3,287.92,2026-06-24T22:53:00,mobile_wallet
TXN-0002042,STORE-014,PROD-00191,CUST-000055,2,177.43,2025-10-23T20:42:03,card
TXN-0003716,STORE-007,PROD-00225,CUST-000518,1,372.01,11/21/2025 15:35,card
TXN-0004882,STORE-012,PROD-00291,CUST-000169,3,387.67,08/29/2025 19:46,card
TXN-0001113,STORE-008,PROD-00254,CUST-000686,2,316.24,2025-12-20T19:40:15,card
TXN-0002089,STORE-011,PROD-00079,CUST-000029,1,410.73,04/23/2026 20:21,mobile_wallet
TXN-0002005,STORE-009,PROD-00134,CUST-000739,5,58.95,23-06-2026,mobile_wallet
TXN-0004608,STORE-011,PROD-00036,CUST-000367,4,277.4,2026-02-03T21:15:14,cash
TXN-0004904,STORE-009,PROD-00212,CUST-000660,1,171.06,08/23/2026 04:33,card
TXN-0003442,STORE-004,PROD-00274,CUST-000564,1,144.59,16-01-2026,mobile_wallet
TXN-0000880,STORE-017,PROD-00052,CUST-000137,2,403.8,27-04-2026,card
TXN-0001288,STORE-020,PROD-00071,CUST-000734,5,133.13,03-05-2026,cash
TXN-0003580,STORE-023,PROD-00096,CUST-000659,1,221.49,26-06-2026,card
TXN-0003912,STORE-003,PROD-00110,CUST-000903,5,33.91,09/06/2025 21:13,card
TXN-0004154,STORE-019,PROD-00097,CUST-000233,1,5.72,2026-04-29T06:34:04,mobile_wallet
TXN-0002505,STORE-006,PROD-00274,CUST-000119,5,144.59,03/27/2026 05:09,mobile_wallet
TXN-0002433,STORE-013,PROD-00206,CUST-000147,3,275.13,03/28/2026 06:42,mobile_wallet
TXN-0001011,STORE-012,PROD-00226,CUST-000995,1,208.87,03/05/2026 09:04,card
TXN-0004815,STORE-021,PROD-00208,CUST-000360,2,270.9,04/12/2026 19:13,mobile_wallet
TXN-0000870,STORE-002,PROD-00139,CUST-000012,2,109.66,2025-12-03T06:45:43,card
TXN-0002306,STORE-015,PROD-00097,CUST-000222,1,5.72,09-05-2026,card
TXN-0003605,STORE-008,PROD-00076,CUST-000717,3,27.66,12/18/2025 10:31,cash
TXN-0003159,STORE-012,PROD-00267,CUST-000310,4,271.24,18-06-2026,mobile_wallet
TXN-0000117,STORE-016,PROD-00090,CUST-000668,-3,197.2,12-07-2026,cash
TXN-0003462,STORE-019,PROD-00024,CUST-000958,4,131.49,08-01-2026,mobile_wallet
TXN-0001136,STORE-002,PROD-00056,CUST-000404,1,405.5,01/09/2026 02:42,cash
TXN-0003541,STORE-021,PROD-00009,CUST-000345,5,229.81,12-09-2025,card
TXN-0000143,STORE-011,PROD-00274,CUST-000607,4,144.59,19-01-2026,card
TXN-0002052,STORE-014,PROD-00182,CUST-000232,4,92.63,2025-10-08T06:39:19,card
TXN-0003085,STORE-011,PROD-00299,CUST-000487,1,239.33,09/16/2025 06:21,cash
TXN-0001174,STORE-024,PROD-00011,CUST-000871,5,25.8,01-01-2026,mobile_wallet
TXN-0000188,STORE-022,PROD-00098,CUST-000896,4,258.04,04/15/2026 11:24,cash
TXN-0003806,STORE-003,PROD-00039,CUST-000185,2,183.97,03/01/2026 20:55,card
TXN-0000234,STORE-014,PROD-00294,CUST-000720,3,125.57,18-09-2025,card
TXN-0004887,STORE-023,PROD-00076,CUST-000951,1,27.66,2026-05-16T13:11:04,card
TXN-0002580,STORE-007,PROD-00237,CUST-000708,1,56.05,2026-02-06T14:45:59,card
TXN-0004261,STORE-022,PROD-00240,CUST-000524,5,100.07,2025-09-03T16:33:06,mobile_wallet
TXN-0002551,STORE-009,PROD-00135,CUST-000473,3,288.86,30-10-2025,card
TXN-0000573,STORE-017,PROD-00288,CUST-000561,1,112.73,2026-02-16T15:57:59,cash
TXN-0002992,STORE-008,PROD-00232,CUST-000139,4,179.91,02/02/2026 20:33,cash
TXN-0001686,STORE-008,sku000143 ,CUST-000452,4,370.32,2026-02-26T04:18:10,card
TXN-0000674,STORE-003,PROD-00108,CUST-000595,4,196.31,2026-06-08T08:30:05,mobile_wallet
TXN-0004770,STORE-009,PROD-00247,CUST-000054,2,30.45,24-05-2026,cash
TXN-0002044,STORE-007,PROD-00063,CUST-000409,1,222.33,03/03/2026 01:28,mobile_wallet
TXN-0001575,STORE-018,PROD-00109,CUST-000324,1,121.34,03/25/2026 01:54,cash
TXN-0001109,STORE-019,PROD-00064,CUST-000438,3,103.31,07/04/2026 17:32,cash
TXN-0004403,STORE-020,PROD-00129,CUST-000761,2,159.98,20-09-2025,mobile_wallet
TXN-0000404,STORE-022,PROD-00151,CUST-000028,5,197.07,05/04/2026 21:50,cash
TXN-0001926,STORE-004,PROD-00023,CUST-000978,4,206.36,2026-02-04T11:42:50,cash
TXN-0001683,STORE-006,PROD-00274,CUST-000294,2,144.59,2025-12-03T20:41:30,cash
TXN-0003044,STORE-017,PROD-00183,CUST-000527,3,103.14,07-06-2026,cash
TXN-0002582,STORE-005,PROD-00200,CUST-000939,2,88.0,11/03/2025 09:21,cash
TXN-0001674,STORE-024,PROD-00252,CUST-000176,4,86.28,11/10/2025 13:26,cash
TXN-0003128,STORE-005,PROD-00056,CUST-000489,5,405.5,02/19/2026 13:32,card
TXN-0001145,STORE-017,PROD-00106,CUST-000039,2,172.64,08-12-2025,mobile_wallet
TXN-0000414,STORE-024,PROD-00080,CUST-000100,5,189.59,24-12-2025,cash
TXN-0000884,STORE-016,PROD-00104,CUST-000482,5,124.94,10/24/2025 13:09,cash
TXN-0000910,STORE-008,PROD-00157,CUST-000749,4,141.14,2025-10-31T02:51:52,mobile_wallet
TXN-0002935,STORE-015,PROD-00164,CUST-000478,5,231.45,2026-06-21T06:49:34,mobile_wallet
TXN-0001656,STORE-018,PROD-00233,CUST-000809,5,381.82,06/14/2026 00:35,card
TXN-0002049,STORE-023,PROD-00028,CUST-000452,2,282.23,10/24/2025 15:55,cash
TXN-0004715,STORE-006,PROD-00064,CUST-000913,3,103.31,09/05/2025 22:03,mobile_wallet
TXN-0000908,STORE-021,PROD-00080,CUST-000186,1,189.59,2025-09-19T11:15:30,card
TXN-0004131,STORE-016,PROD-00181,CUST-000370,3,231.93,02/22/2026 04:17,cash
TXN-0002050,STORE-009,PROD-00272,CUST-000583,4,149.44,2026-08-06T00:12:43,card
TXN-0001705,STORE-010,PROD-00022,CUST-000834,1,30.81,03-08-2026,card
TXN-0000477,STORE-001,PROD-00241,CUST-000398,3,7.24,07-06-2026,card
TXN-0004880,STORE-005,PROD-00290,CUST-000384,5,322.63,2025-11-20T00:54:46,cash
TXN-0002448,STORE-021,PROD-00059,CUST-000683,5,138.3,02/07/2026 18:33,card
TXN-0002856,STORE-007,PROD-00209,CUST-000767,3,46.91,11-05-2026,mobile_wallet
TXN-0002926,STORE-004,PROD-00190,CUST-000118,4,244.93,15-02-2026,cash
TXN-0002549,STORE-022,PROD-00020,CUST-000830,5,55.46,2026-04-01T18:17:00,card
TXN-0003093,STORE-024,PROD-00087,CUST-000923,1,347.77,2026-05-13T02:19:27,cash
TXN-0003737,STORE-019,PROD-00055,CUST-000233,5,305.58,06/21/2026 04:11,cash
TXN-0002803,STORE-001,PROD-00288,CUST-000863,3,112.73,06/15/2026 01:38,card
TXN-0003409,STORE-007,PROD-00282,CUST-000959,1,311.97,17-12-2025,card
TXN-0001968,STORE-003,PROD-00202,CUST-000438,3,87.32,07/02/2026 14:32,card
TXN-0003727,STORE-016,PROD-00193,CUST-000883,4,70.07,12/02/2025 20:52,card
TXN-0003800,STORE-002,PROD-00118,CUST-000620,3,265.0,2026-07-19T18:29:27,card
TXN-0003750,STORE-016,PROD-00043,CUST-000653,3,98.85,2025-09-25T13:53:20,cash
TXN-0004086,STORE-003,PROD-00209,CUST-000481,3,46.91,2025-11-17T20:31:31,mobile_wallet
TXN-0003385,STORE-003,PROD-00258,CUST-000639,3,46.18,04/25/2026 06:01,mobile_wallet
TXN-0003978,STORE-019,PROD-00127,CUST-000718,5,96.44,23-03-2026,card
TXN-0003404,STORE-012,PROD-00236,CUST-000042,3,47.02,04-07-2026,card
TXN-0001969,STORE-024,PROD-00055,CUST-000008,2,305.58,09/23/2025 17:14,cash
TXN-0000258,STORE-025,PROD-00002,CUST-000363,0,97.99,21-04-2026,card
TXN-0000548,STORE-024,PROD-00238,CUST-000097,5,110.16,01-07-2026,card
TXN-0001298,STORE-024,PROD-00247,CUST-000986,1,30.45,21-01-2026,card
TXN-0004760,STORE-020,PROD-00182,CUST-000323,3,92.63,2025-08-24T10:33:33,card
TXN-0004427,STORE-007,PROD-00118,CUST-000374,2,265.0,01/15/2026 12:31,mobile_wallet
TXN-0004533,STORE-002,PROD-00281,CUST-000805,5,218.94,2026-01-10T06:19:52,card
TXN-0003861,STORE-022,PROD-00287,CUST-000039,2,159.36,2026-02-06T23:33:33,cash
TXN-0001823,STORE-020,PROD-00162,CUST-000676,2,101.72,2026-08-09T21:23:54,card
TXN-0000715,STORE-002,PROD-00111,CUST-000243,5,15.96,16-02-2026,mobile_wallet
TXN-0001632,STORE-012,PROD-00201,CUST-000942,1,-167.96,03-01-2026,mobile_wallet
TXN-0000131,STORE-008,PROD-00136,CUST-000829,2,39.83,08/03/2026 11:14,card
TXN-0001481,STORE-007,PROD-00180,CUST-000452,1,73.62,12/26/2025 11:53,mobile_wallet
TXN-0000445,STORE-004,PROD-00031,CUST-000562,3,283.68,2025-12-15T08:13:23,card
TXN-0003522,STORE-016,PROD-00251,CUST-000037,3,304.44,01/28/2026 20:31,mobile_wallet
TXN-0003438,STORE-022,PROD-00246,CUST-000275,4,295.15,23-05-2026,mobile_wallet
TXN-0002047,STORE-005,PROD-00230,CUST-000447,5,29.05,07/23/2026 22:46,mobile_wallet
TXN-0002469,STORE-001,SKU000300,CUST-000114,3,-124.65,22-05-2026,card
TXN-0004335,STORE-021,PROD-00269,CUST-000402,4,340.17,11-04-2026,mobile_wallet
TXN-0000712,STORE-015,PROD-00125,CUST-000796,2,373.21,2026-03-03T12:48:51,card
TXN-0002305,STORE-015,PROD-00228,CUST-000452,2,168.6,10/21/2025 04:46,cash
TXN-0002392,STORE-006,PROD-00041,CUST-000070,2,40.95,09/28/2025 18:46,cash
TXN-0003062,STORE-021,PROD-00218,CUST-000013,3,279.94,16-02-2026,mobile_wallet
TXN-0004134,STORE-008,PROD-00039,CUST-000757,5,183.97,02/24/2026 09:05,card
TXN-0000501,STORE-022,PROD-00028,CUST-000549,2,282.23,29-01-2026,mobile_wallet
TXN-0001896,STORE-016,PROD-00012,CUST-000193,2,272.48,03/01/2026 20:01,card
TXN-0001658,STORE-006,PROD-00062,CUST-000525,1,189.58,2026-07-16T17:22:33,card
TXN-0002009,STORE-018,PROD-00071,CUST-000839,5,133.13,14-08-2026,card
TXN-0000396,STORE-021,PROD-00188,CUST-000188,5,61.17,2026-01-18T08:08:44,card
TXN-0003151,STORE-016,PROD-00262,CUST-000047,4,330.85,10-04-2026,card
TXN-0000697,STORE-008,PROD-00146,CUST-000565,3,128.46,2025-09-01T11:42:18,cash
TXN-0003941,STORE-018,PROD-00152,CUST-000998,4,131.51,01/12/2026 12:59,mobile_wallet
TXN-0000541,STORE-022,PROD-00159,CUST-000855,5,269.69,07/31/2026 14:02,mobile_wallet
TXN-0003587,STORE-013,PROD-00227,CUST-000087,3,38.54,26-03-2026,mobile_wallet
TXN-0002350,STORE-002,PROD-00004,CUST-000323,1,105.24,05/18/2026 21:21,cash
TXN-0000337,STORE-022,PROD-00124,CUST-000238,5,410.1,21-10-2025,mobile_wallet
TXN-0004159,STORE-001,PROD-00019,CUST-000076,1,114.13,2026-06-11T01:10:16,card
TXN-0001791,STORE-002,PROD-00032,CUST-000833,4,277.74,2026-08-15T05:15:02,cash
TXN-0001545,STORE-017,SKU000073,CUST-000195,4,41.57,2025-09-10T16:40:49,cash
TXN-0002862,STORE-013,PROD-00080,CUST-000442,1,189.59,05/01/2026 23:32,cash
TXN-0003133,STORE-025,PROD-00180,CUST-000793,5,73.62,16-08-2026,card
TXN-0001471,STORE-001,PROD-00210,CUST-000367,4,163.54,2026-07-19T11:49:10,cash
TXN-0004271,STORE-007,PROD-00148,CUST-000854,5,322.32,09-11-2025,cash
TXN-0001180,STORE-008,PROD-00204,CUST-000476,4,220.1,29-07-2026,cash
TXN-0003677,STORE-025,PROD-00273,CUST-000415,3,440.02,10/21/2025 15:35,card
TXN-0001548,STORE-016,PROD-00290,CUST-000396,0,322.63,2026-01-13T12:48:49,cash
TXN-0004064,STORE-001,PROD-00136,CUST-000358,5,39.83,2026-03-28T08:33:50,card
TXN-0004306,STORE-012,PROD-00192,CUST-000472,3,57.16,26-12-2025,mobile_wallet
TXN-0004082,STORE-007,PROD-00298,CUST-000124,4,43.12,24-04-2026,cash
TXN-0004319,STORE-006,PROD-00101,CUST-000189,3,102.13,10-12-2025,cash
TXN-0000565,STORE-010,PROD-00240,CUST-000459,4,100.07,17-01-2026,mobile_wallet
TXN-0000625,STORE-017,PROD-00109,CUST-000027,3,121.34,06-12-2025,card
TXN-0003340,STORE-020,PROD-00135,CUST-000074,2,288.86,05/16/2026 16:36,cash
TXN-0002159,STORE-002,PROD-00195,CUST-000432,1,66.89,09-01-2026,mobile_wallet
TXN-0001676,STORE-017,PROD-00265,CUST-000557,2,47.36,07/10/2026 15:21,card
TXN-0002016,STORE-024,PROD-00108,CUST-000509,5,196.31,2026-06-07T10:39:21,card
TXN-0003260,STORE-021,SKU000192,CUST-000502,1,57.16,03/09/2026 22:53,cash
TXN-0000184,STORE-018,PROD-00291,CUST-000399,3,387.67,29-09-2025,mobile_wallet
TXN-0001153,STORE-008,PROD-00193,CUST-000168,2,70.07,2025-10-01T18:05:25,mobile_wallet
TXN-0002902,STORE-008,PROD-00145,CUST-000739,1,210.66,2026-01-27T10:47:05,cash
TXN-0004188,STORE-012,PROD-00139,CUST-000727,3,109.66,2026-04-04T06:44:28,cash
TXN-0000488,STORE-003,PROD-00211,CUST-000874,2,258.83,11/12/2025 08:58,mobile_wallet
TXN-0002222,STORE-001,PROD-00188,CUST-000886,2,61.17,2026-06-07T01:12:16,card
TXN-0000179,STORE-025,PROD-00080,CUST-000841,1,189.59,23-02-2026,mobile_wallet
TXN-0001373,STORE-018,PROD-00209,CUST-000395,4,46.91,2026-07-13T16:48:09,card
TXN-0003559,STORE-020,PROD-00066,CUST-000887,2,175.34,20-08-2026,mobile_wallet
TXN-0001072,STORE-005,PROD-00105,CUST-000594,1,126.39,11-02-2026,card
TXN-0002559,STORE-003,PROD-00268,CUST-000659,5,159.92,02/01/2026 15:25,mobile_wallet
TXN-0000577,STORE-021,PROD-00213,CUST-000754,2,158.8,06/10/2026 11:03,card
TXN-0003418,STORE-020,PROD-00242,CUST-000600,4,12.79,2026-04-07T21:52:44,mobile_wallet
TXN-0002330,STORE-018,PROD-00162,CUST-000488,3,101.72,04/02/2026 06:52,card
TXN-0001320,STORE-002,PROD-00051,CUST-000658,3,248.42,03/14/2026 22:56,card
TXN-0002734,STORE-002,PROD-00184,CUST-000692,2,232.98,12/09/2025 05:57,cash
TXN-0002029,STORE-005,PROD-00147,CUST-000028,1,80.88,07-07-2026,cash
TXN-0003073,STORE-025,PROD-00291,CUST-000327,3,387.67,23-03-2026,mobile_wallet
TXN-0003950,STORE-014,PROD-00058,CUST-000509,4,230.62,03/02/2026 12:48,mobile_wallet
TXN-0001653,STORE-021,PROD-00094,CUST-000627,4,215.98,25-06-2026,cash
TXN-0000567,STORE-006,PROD-00248,CUST-000665,2,31.77,08/11/2026 01:49,cash
TXN-0002792,STORE-021,PROD-00137,CUST-000350,1,-278.35,10/26/2025 18:38,card
TXN-0004452,STORE-010,PROD-00169,CUST-000474,1,262.44,25-12-2025,card
TXN-0001814,STORE-006,PROD-00141,CUST-000752,2,312.06,2026-04-15T01:32:24,card
TXN-0002623,STORE-005,PROD-00167,CUST-000971,4,331.85,20-08-2026,card
TXN-0003849,STORE-013,PROD-00036,CUST-000744,4,277.4,2026-07-20T07:12:12,card
TXN-0002621,STORE-015,PROD-00114,CUST-000302,5,3.79,2026-02-02T13:29:27,card
TXN-0004623,STORE-001,PROD-00292,CUST-000055,4,228.17,09/19/2025 22:03,card
TXN-0003399,STORE-007,PROD-00042,CUST-000204,1,3.53,2025-10-31T21:04:14,card
TXN-0001176,STORE-015,PROD-00155,CUST-000613,2,266.89,08-04-2026,cash
TXN-0002318,STORE-002,PROD-00180,CUST-000246,4,73.62,22-05-2026,cash
TXN-0001056,STORE-010,PROD-00244,CUST-000128,3,26.03,05/21/2026 21:11,cash
TXN-0000673,STORE-021,PROD-00127,CUST-000965,3,96.44,14-12-2025,cash
TXN-0004673,STORE-008,PROD-00055,CUST-000406,4,305.58,03-11-2025,mobile_wallet
TXN-0002806,STORE-013,PROD-00012,CUST-000373,4,272.48,2026-03-28T18:05:48,mobile_wallet
TXN-0000735,STORE-007,PROD-00282,CUST-000106,2,311.97,12/18/2025 02:04,cash
TXN-0002149,STORE-017,PROD-00234,CUST-000370,5,218.66,07-08-2026,cash
TXN-0004590,STORE-012,PROD-00243,CUST-000830,5,190.7,2026-05-30T11:33:18,cash
TXN-0000483,STORE-022,PROD-00154,CUST-000083,5,45.56,08/01/2026 12:58,mobile_wallet
TXN-0000008,STORE-018,PROD-00083,CUST-000894,4,243.21,07/06/2026 18:59,cash
TXN-0003586,STORE-005,PROD-00182,CUST-000566,2,92.63,11-06-2026,mobile_wallet
TXN-0004879,STORE-006,PROD-00170,CUST-000764,3,204.4,2026-01-02T07:45:23,mobile_wallet
TXN-0002206,STORE-007,SKU000220,CUST-000084,5,218.32,12/15/2025 21:20,cash
TXN-0002781,STORE-009,PROD-00200,CUST-000510,3,88.0,06/28/2026 16:28,card
TXN-0004236,STORE-020,PROD-00046,CUST-000638,5,68.42,29-04-2026,cash
TXN-0001836,STORE-010,PROD-00149,CUST-000875,3,197.41,2026-06-06T01:24:56,mobile_wallet
TXN-0000494,STORE-024,PROD-00047,CUST-000635,2,239.67,07-01-2026,card
TXN-0001165,STORE-014,PROD-00158,CUST-000084,2,8.9,2026-02-19T13:03:31,mobile_wallet
TXN-0000433,STORE-023,PROD-00164,CUST-000869,2,231.45,08/25/2025 22:36,cash
TXN-0004619,STORE-015,PROD-00097,CUST-000283,3,5.72,11/13/2025 23:52,cash
TXN-0004791,STORE-011,PROD-00249,CUST-000983,5,70.32,05-12-2025,cash
TXN-0002088,STORE-009,SKU000220,CUST-000313,4,218.32,06/10/2026 08:25,card
TXN-0004067,STORE-023,PROD-00191,CUST-000080,1,177.43,12-04-2026,cash
TXN-0003256,STORE-024,PROD-00208,CUST-000788,1,270.9,10/17/2025 14:45,mobile_wallet
TXN-0001713,STORE-008,PROD-00076,CUST-000906,2,27.66,2026-07-18T07:35:37,card
TXN-0001328,STORE-022,PROD-00176,CUST-000132,5,122.92,2025-09-22T10:04:37,card
TXN-0002685,STORE-014,PROD-00300,CUST-000477,1,124.65,04/20/2026 04:53,cash
TXN-0003508,STORE-023,PROD-00276,CUST-000265,4,193.7,10/21/2025 15:15,cash
TXN-0004609,STORE-020,PROD-00081,CUST-000502,3,411.67,2026-04-20T01:26:02,cash
TXN-0002243,STORE-006,PROD-00290,CUST-000768,1,322.63,01/23/2026 01:21,cash
TXN-0001435,STORE-019,PROD-00225,CUST-000801,4,372.01,2026-01-24T00:06:10,mobile_wallet
TXN-0004825,STORE-004,PROD-00033,CUST-000743,5,182.35,04/09/2026 08:27,card
TXN-0003935,STORE-007,PROD-00083,CUST-000565,1,243.21,12/06/2025 20:13,cash
TXN-0001293,STORE-022,PROD-00236,CUST-000166,5,47.02,2026-06-10T11:11:24,cash
TXN-0001392,STORE-008,PROD-00186,CUST-000182,5,108.59,27-02-2026,card
TXN-0002660,STORE-002,PROD-00285,CUST-000170,1,198.44,2025-10-29T20:48:11,cash
TXN-0004029,STORE-019,PROD-00210,CUST-000610,4,163.54,25-05-2026,cash
TXN-0000675,STORE-021,PROD-00199,CUST-000002,5,49.88,2026-05-27T21:55:09,cash
TXN-0000421,STORE-023,PROD-00204,CUST-000264,4,220.1,01/28/2026 18:17,cash
TXN-0004855,STORE-017,PROD-00071,CUST-000566,3,133.13,18-01-2026,cash
TXN-0003752,STORE-014,PROD-00138,CUST-000571,2,56.89,06-05-2026,card
TXN-0003435,STORE-022,PROD-00194,CUST-000244,2,137.35,07/09/2026 02:09,card
TXN-0002380,STORE-024,SKU000213,CUST-000764,4,158.8,2025-10-16T17:42:10,card
TXN-0004513,STORE-010,PROD-00291,CUST-000053,4,387.67,05/20/2026 01:09,cash
TXN-0002712,STORE-020,PROD-00151,CUST-000857,5,197.07,05-08-2026,cash
TXN-0001398,STORE-012,PROD-00100,CUST-000259,1,413.06,2026-07-30T14:24:41,cash
TXN-0004971,STORE-023,PROD-00209,CUST-000761,4,46.91,2025-12-27T13:11:11,mobile_wallet
TXN-0000623,STORE-015,PROD-00022,CUST-000059,5,30.81,2026-03-09T12:15:13,card
TXN-0002706,STORE-015,PROD-00165,CUST-000210,1,131.68,11/07/2025 20:42,cash
TXN-0001268,STORE-007,PROD-00060,CUST-000835,5,134.16,22-08-2026,mobile_wallet
TXN-0002889,STORE-015,PROD-00165,CUST-000867,3,131.68,07/30/2026 15:56,mobile_wallet
TXN-0004589,STORE-015,PROD-00055,CUST-000574,3,305.58,11/18/2025 10:17,mobile_wallet
TXN-0002065,STORE-010,PROD-00111,CUST-000172,1,15.96,2025-10-11T05:10:22,card
TXN-0003981,STORE-021,PROD-00188,CUST-000238,5,61.17,24-09-2025,mobile_wallet
TXN-0001831,STORE-024,PROD-00280,CUST-000963,3,30.75,08/26/2025 22:20,card
TXN-0003759,STORE-022,PROD-00138,CUST-000934,5,56.89,19-04-2026,mobile_wallet
TXN-0002644,STORE-009,PROD-00161,CUST-000171,2,244.6,07/27/2026 11:51,mobile_wallet
TXN-0002970,STORE-021,PROD-00274,CUST-000255,1,144.59,09/03/2025 00:07,mobile_wallet
TXN-0003419,STORE-014,PROD-00096,CUST-000443,4,221.49,27-09-2025,mobile_wallet
TXN-0003664,STORE-020,PROD-00098,CUST-000870,4,258.04,08/21/2026 22:08,mobile_wallet
TXN-0000312,STORE-011,PROD-00202,CUST-000392,4,87.32,2026-04-22T00:07:37,mobile_wallet
TXN-0002711,STORE-020,PROD-00251,CUST-000527,1,304.44,2026-05-06T05:35:36,card
TXN-0004840,STORE-020,PROD-00021,CUST-000170,2,130.87,18-10-2025,card
TXN-0003713,STORE-008,PROD-00023,CUST-000274,2,206.36,22-11-2025,mobile_wallet
TXN-0003856,STORE-023,PROD-00273,CUST-000372,2,440.02,16-04-2026,card
TXN-0002001,STORE-010,PROD-00039,CUST-000668,2,183.97,2026-02-10T14:24:22,cash
TXN-0002265,STORE-023,PROD-00030,CUST-000639,5,142.56,10/24/2025 15:48,cash
TXN-0001291,STORE-006,PROD-00099,CUST-000537,4,139.51,2025-09-10T04:54:11,cash
TXN-0002756,STORE-006,PROD-00057,CUST-000816,1,65.86,10/29/2025 11:12,card
TXN-0001970,STORE-008,PROD-00269,CUST-000092,4,340.17,2026-01-25T20:50:56,mobile_wallet
TXN-0003060,STORE-024,PROD-00148,CUST-000313,2,322.32,2025-10-08T07:21:26,mobile_wallet
TXN-0003321,STORE-003,PROD-00113,CUST-000101,1,188.3,2026-03-08T15:34:10,mobile_wallet
TXN-0002635,STORE-008,PROD-00046,CUST-000955,1,68.42,17-08-2026,card
TXN-0001919,STORE-008,PROD-00104,CUST-000443,1,124.94,03/26/2026 10:36,cash
TXN-0002860,STORE-009,PROD-00063,CUST-000517,5,222.33,03/01/2026 07:16,mobile_wallet
TXN-0004111,STORE-019,PROD-00183,CUST-000872,4,103.14,11/03/2025 22:01,card
TXN-0000499,STORE-016,PROD-00280,CUST-000016,2,30.75,2025-10-13T04:48:50,cash
TXN-0002404,STORE-003,PROD-00067,CUST-000487,1,234.05,20-08-2026,card
TXN-0004772,STORE-015,PROD-00069,CUST-000134,5,201.76,05-11-2025,mobile_wallet
TXN-0002829,STORE-009,PROD-00195,CUST-000958,5,66.89,23-04-2026,mobile_wallet
TXN-0002273,STORE-013,PROD-00120,CUST-000599,2,305.8,07/26/2026 04:41,cash
TXN-0001071,STORE-017,PROD-00083,CUST-000747,2,243.21,23-03-2026,card
TXN-0000192,STORE-023,PROD-00114,CUST-000634,-1,3.79,2025-10-06T06:35:57,cash
TXN-0004313,STORE-016,PROD-00038,CUST-000062,4,261.73,09/09/2025 12:39,card
TXN-0000851,STORE-007,PROD-00010,CUST-000153,1,96.14,17-11-2025,cash
TXN-0002341,STORE-019,PROD-00237,CUST-000374,4,56.05,15-10-2025,cash
TXN-0002547,STORE-002,PROD-00212,CUST-000043,1,171.06,09/26/2025 08:39,mobile_wallet
TXN-0003111,STORE-010,PROD-00190,CUST-000433,4,244.93,07/06/2026 13:24,cash
TXN-0001121,STORE-020,PROD-00014,CUST-000637,2,26.37,21-10-2025,mobile_wallet
TXN-0001354,STORE-001,PROD-00200,CUST-000295,2,88.0,2026-02-21T05:54:30,mobile_wallet
TXN-0003191,STORE-014,PROD-00074,CUST-000949,1,121.72,17-03-2026,card
TXN-0001062,STORE-025,PROD-00072,CUST-000763,3,73.06,08-12-2025,cash
TXN-0002384,STORE-011,PROD-00107,CUST-000936,1,70.64,10/11/2025 18:19,card
TXN-0004100,STORE-002,PROD-00147,CUST-000993,3,80.88,20-03-2026,card
TXN-0000726,STORE-011,PROD-00247,CUST-000143,1,30.45,05/28/2026 16:58,mobile_wallet
TXN-0000467,STORE-015,PROD-00061,CUST-000667,3,142.82,2025-10-17T14:45:13,card
TXN-0000714,STORE-025,PROD-00040,CUST-000526,1,330.8,08/21/2026 03:49,card
TXN-0001405,STORE-022,PROD-00186,CUST-000585,4,108.59,08/26/2025 05:00,card
TXN-0000671,STORE-013,PROD-00099,CUST-000616,3,139.51,28-11-2025,card
TXN-0002676,STORE-005,PROD-00153,CUST-000003,4,389.07,2026-08-02T14:40:08,card
TXN-0003983,STORE-023,SKU000125,CUST-000815,-1,373.21,03/21/2026 01:41,mobile_wallet
TXN-0000141,STORE-008,PROD-00139,CUST-000427,5,109.66,2025-10-03T12:48:25,mobile_wallet
TXN-0003218,STORE-010,PROD-00061,CUST-000629,3,142.82,2025-10-05T20:36:59,card
TXN-0003834,STORE-006,PROD-00056,CUST-000353,4,405.5,09/20/2025 01:36,mobile_wallet
TXN-0002518,STORE-012,PROD-00235,CUST-000642,4,100.21,06/28/2026 13:31,cash
TXN-0002927,STORE-008,PROD-00195,CUST-000159,4,66.89,2026-02-24T02:50:36,cash
TXN-0001733,STORE-006,PROD-00018,CUST-000190,4,398.31,2026-08-05T12:03:03,cash
TXN-0003434,STORE-020,PROD-00197,CUST-000836,2,58.81,01/27/2026 19:31,card
TXN-0000124,STORE-004,SKU000175,CUST-000483,5,215.19,15-02-2026,cash
TXN-0003486,STORE-020,PROD-00196,CUST-000176,3,190.23,12/07/2025 03:00,cash
TXN-0003139,STORE-001,PROD-00054,CUST-000050,3,267.97,21-12-2025,mobile_wallet
TXN-0003358,STORE-008,PROD-00129,CUST-000593,4,159.98,17-03-2026,card
TXN-0004519,STORE-005,PROD-00072,CUST-000777,2,73.06,26-09-2025,card
TXN-0002913,STORE-013,PROD-00004,CUST-000008,5,105.24,2026-05-20T00:36:44,cash
TXN-0004348,STORE-005,PROD-00077,CUST-000049,2,466.02,2025-12-29T17:25:10,mobile_wallet
TXN-0001093,STORE-003,SKU000063,CUST-000125,1,222.33,01/30/2026 19:23,mobile_wallet
TXN-0000209,STORE-025,PROD-00029,CUST-000550,3,235.83,10/27/2025 07:14,card
TXN-0003553,STORE-021,PROD-00276,CUST-000849,2,193.7,27-08-2025,cash
TXN-0002794,STORE-009,PROD-00201,CUST-000098,2,167.96,2026-07-28T23:38:08,card
TXN-0001937,STORE-008,PROD-00088,CUST-000024,3,250.66,11/01/2025 11:25,mobile_wallet
TXN-0000457,STORE-015,PROD-00054,CUST-000630,5,267.97,2025-08-29T11:30:29,cash
TXN-0004668,STORE-001,PROD-00280,CUST-000408,3,30.75,11-12-2025,cash
TXN-0001884,STORE-008,PROD-00021,CUST-000390,3,-130.87,19-10-2025,cash
TXN-0002300,STORE-004,PROD-00073,CUST-000294,1,41.57,2026-02-03T23:47:33,mobile_wallet
TXN-0000037,STORE-011,PROD-00204,CUST-000541,3,220.1,11/04/2025 20:45,mobile_wallet
TXN-0002593,STORE-014,PROD-00047,CUST-000298,5,239.67,21-09-2025,cash
TXN-0000847,STORE-017,PROD-00079,CUST-000470,2,410.73,10/21/2025 14:40,mobile_wallet
TXN-0004387,STORE-013,SKU000206,CUST-000474,1,275.13,2025-10-22T09:50:19,card
TXN-0002234,STORE-007,PROD-00168,CUST-000304,2,290.99,2025-10-25T07:04:53,cash
TXN-0001790,STORE-009,PROD-00251,CUST-000771,4,-304.44,03/12/2026 06:54,card
TXN-0004806,STORE-021,PROD-00021,CUST-000006,5,130.87,14-05-2026,cash
TXN-0003023,STORE-020,PROD-00165,CUST-000454,1,131.68,22-02-2026,mobile_wallet
TXN-0000331,STORE-019,PROD-00086,CUST-000236,3,24.26,2026-05-20T04:49:22,card
TXN-0000817,STORE-004,PROD-00054,CUST-000913,2,267.97,11-12-2025,cash
TXN-0002555,STORE-009,SKU000233,CUST-000974,3,381.82,28-08-2025,card
TXN-0003843,STORE-013,PROD-00212,CUST-000711,2,171.06,2025-11-05T05:47:05,cash
TXN-0000130,STORE-024,PROD-00094,CUST-000483,2,215.98,04-12-2025,card
TXN-0003560,STORE-015,PROD-00190,CUST-000103,2,244.93,01-04-2026,mobile_wallet
TXN-0003634,STORE-022,PROD-00267,CUST-000025,2,271.24,03-09-2025,mobile_wallet
TXN-0003195,STORE-010,PROD-00005,CUST-000374,2,93.78,03/29/2026 12:43,card
TXN-0001712,STORE-024,PROD-00256,CUST-000978,4,278.69,03/06/2026 22:40,card
TXN-0004380,STORE-015,PROD-00203,CUST-000906,3,264.67,09/04/2025 08:07,cash
TXN-0004922,STORE-018,PROD-00258,CUST-000037,4,46.18,18-07-2026,mobile_wallet
TXN-0003844,STORE-020,PROD-00052,CUST-000919,4,403.8,12/17/2025 08:04,cash
TXN-0004709,STORE-015,PROD-00182,CUST-000347,5,92.63,28-03-2026,cash
TXN-0003915,STORE-015,PROD-00034,CUST-000852,4,134.98,2025-09-20T23:54:01,card
TXN-0004088,STORE-020,PROD-00215,CUST-000479,3,320.74,2025-09-28T04:20:30,card
TXN-0002576,STORE-020,PROD-00018,CUST-000372,3,398.31,07/15/2026 09:23,mobile_wallet
TXN-0002786,STORE-006,PROD-00290,CUST-000830,3,322.63,2026-04-02T21:00:50,cash
TXN-0000236,STORE-005,PROD-00269,CUST-000944,4,340.17,2025-09-14T11:31:23,mobile_wallet
TXN-0001882,STORE-006,PROD-00261,CUST-000584,4,132.7,10/30/2025 15:13,cash
TXN-0004859,STORE-005,PROD-00082,CUST-000710,1,208.22,23-10-2025,card
TXN-0001397,STORE-006,PROD-00074,CUST-000108,2,121.72,02/13/2026 06:09,cash
TXN-0004128,STORE-013,PROD-00102,CUST-000258,4,281.32,11/19/2025 05:27,cash
TXN-0004013,STORE-001,PROD-00211,CUST-000428,5,258.83,2026-03-18T22:54:06,cash
TXN-0001748,STORE-019,PROD-00027,CUST-000590,2,103.95,2026-05-03T23:37:46,card
TXN-0003579,STORE-015,sku000098 ,CUST-000556,1,258.04,04/14/2026 18:15,cash
TXN-0003855,STORE-015,PROD-00237,CUST-000195,1,56.05,2026-03-25T01:54:25,card
TXN-0002652,STORE-025,PROD-00208,CUST-000647,1,270.9,2026-08-23T07:46:36,card
TXN-0003744,STORE-025,PROD-00290,CUST-000331,4,322.63,01/14/2026 04:51,card
TXN-0002239,STORE-008,PROD-00024,CUST-000563,1,131.49,22-06-2026,cash
TXN-0004913,STORE-010,PROD-00290,CUST-000473,2,322.63,02-01-2026,mobile_wallet
TXN-0004907,STORE-022,PROD-00077,CUST-000337,2,466.02,29-10-2025,cash
TXN-0002639,STORE-013,PROD-00215,CUST-000887,3,320.74,2026-07-12T05:02:51,card
TXN-0004251,STORE-025,PROD-00120,CUST-000627,2,305.8,08-04-2026,mobile_wallet
TXN-0004992,STORE-021,PROD-00171,CUST-000035,3,389.02,12-02-2026,mobile_wallet
TXN-0003017,STORE-019,PROD-00258,CUST-000789,1,46.18,2026-05-13T03:07:57,cash
TXN-0004742,STORE-007,PROD-00099,CUST-000663,3,139.51,08/30/2025 16:27,mobile_wallet
TXN-0002900,STORE-017,PROD-00250,CUST-000935,5,27.33,2026-06-12T17:16:52,mobile_wallet
TXN-0000555,STORE-001,PROD-00097,CUST-000276,2,5.72,2026-02-05T16:52:30,cash
TXN-0003467,STORE-010,PROD-00116,CUST-000464,1,162.81,2025-11-30T20:37:19,mobile_wallet
TXN-0004369,STORE-023,PROD-00157,CUST-000289,4,141.14,2025-11-22T15:52:37,card
TXN-0002021,STORE-022,PROD-00081,CUST-000976,4,411.67,2025-12-02T12:23:48,card
TXN-0001390,STORE-017,PROD-00204,CUST-000048,2,220.1,2026-03-19T10:58:40,card
TXN-0004001,STORE-020,PROD-00218,CUST-000229,3,279.94,08-07-2026,cash
TXN-0001826,STORE-021,PROD-00246,CUST-000865,5,295.15,2026-07-21T01:34:04,mobile_wallet
TXN-0003897,STORE-011,PROD-00199,CUST-000466,1,49.88,27-02-2026,mobile_wallet
TXN-0000114,STORE-013,PROD-00027,CUST-000521,1,103.95,07/21/2026 19:30,mobile_wallet
TXN-0003214,STORE-015,PROD-00002,CUST-000595,5,97.99,2025-09-21T18:15:48,card
TXN-0002109,STORE-022,PROD-00093,CUST-000033,4,253.66,07/18/2026 05:50,mobile_wallet
TXN-0001118,STORE-022,PROD-00191,CUST-000691,4,177.43,06/12/2026 06:51,card
TXN-0002210,STORE-013,PROD-00187,CUST-000370,2,300.08,2026-08-15T10:58:20,mobile_wallet
TXN-0002280,STORE-017,PROD-00264,CUST-000537,1,163.32,13-02-2026,mobile_wallet
TXN-0000695,STORE-015,PROD-00292,CUST-000911,3,228.17,29-06-2026,card
TXN-0002343,STORE-015,PROD-00095,CUST-000941,4,165.36,09/16/2025 05:20,mobile_wallet
TXN-0000553,STORE-013,PROD-00236,CUST-000124,5,47.02,25-02-2026,cash
TXN-0000506,STORE-004,PROD-00217,CUST-000725,2,123.22,07/07/2026 07:29,cash
TXN-0000266,STORE-014,PROD-00169,CUST-000345,5,262.44,2025-10-18T14:18:18,card
TXN-0001343,STORE-018,PROD-00294,CUST-000485,1,125.57,16-03-2026,mobile_wallet
TXN-0002141,STORE-003,PROD-00278,CUST-000798,5,401.02,2025-12-02T02:30:10,cash
TXN-0004140,STORE-002,PROD-00073,CUST-000593,2,41.57,2025-12-16T13:23:53,card
TXN-0003709,STORE-021,PROD-00119,CUST-000007,5,221.95,10/21/2025 06:30,cash
TXN-0004953,STORE-022,PROD-00043,CUST-000006,3,98.85,05/31/2026 09:59,mobile_wallet
TXN-0003119,STORE-020,PROD-00122,CUST-000036,5,427.3,2026-02-02T02:22:34,cash
TXN-0003237,STORE-013,PROD-00188,CUST-000406,3,61.17,03/16/2026 10:33,cash
TXN-0003786,STORE-020,PROD-00128,CUST-000381,1,102.36,2026-03-02T02:08:42,mobile_wallet
TXN-0000301,STORE-020,PROD-00212,CUST-000286,2,171.06,08/04/2026 04:05,card
TXN-0003047,STORE-022,PROD-00256,CUST-000577,2,278.69,06/29/2026 17:32,cash
TXN-0001156,STORE-023,PROD-00020,CUST-000223,3,55.46,2026-04-18T08:31:57,mobile_wallet
TXN-0002420,STORE-019,PROD-00081,CUST-000677,3,411.67,03/02/2026 20:23,card
TXN-0004490,STORE-016,PROD-00076,CUST-000042,4,27.66,11/22/2025 18:50,cash
TXN-0002165,STORE-006,PROD-00207,CUST-000318,1,170.21,08/10/2026 07:18,mobile_wallet
TXN-0000655,STORE-012,PROD-00261,CUST-000769,4,132.7,2025-08-29T03:34:03,card
TXN-0003204,STORE-006,PROD-00152,CUST-000375,5,131.51,07/04/2026 17:48,card
TXN-0004540,STORE-020,PROD-00093,CUST-000905,5,253.66,07/06/2026 22:31,card
TXN-0000493,STORE-020,PROD-00043,CUST-000065,3,98.85,04/23/2026 10:10,cash
TXN-0001415,STORE-009,PROD-00234,CUST-000066,3,218.66,2026-01-12T18:30:09,cash
TXN-0000925,STORE-001,PROD-00255,CUST-000092,2,31.8,2025-09-16T02:59:51,cash
TXN-0001095,STORE-009,PROD-00126,CUST-000345,3,120.27,2025-10-04T18:35:03,cash
TXN-0001859,STORE-020,PROD-00069,CUST-000453,1,201.76,09/03/2025 05:26,mobile_wallet
TXN-0004190,STORE-022,PROD-00102,CUST-000625,3,281.32,08/16/2026 21:34,mobile_wallet
TXN-0003405,STORE-014,PROD-00123,CUST-000071,5,217.36,2026-05-07T13:34:41,mobile_wallet
TXN-0004433,STORE-007,PROD-00222,CUST-000565,3,219.35,12-11-2025,cash
TXN-0004571,STORE-019,PROD-00038,CUST-000822,2,261.73,06-08-2026,cash
TXN-0001353,STORE-017,PROD-00174,CUST-000443,4,195.74,06/22/2026 04:26,card
TXN-0003938,STORE-016,PROD-00021,CUST-000465,5,130.87,20-04-2026,cash
TXN-0001534,STORE-022,PROD-00221,CUST-000717,-3,89.36,06/06/2026 08:09,mobile_wallet
TXN-0000432,STORE-017,PROD-00062,CUST-000204,0,189.58,2026-07-13T11:37:47,card
TXN-0002084,STORE-022,SKU000250,CUST-000435,5,27.33,04/08/2026 21:36,cash
TXN-0000014,STORE-011,PROD-00048,CUST-000242,2,363.63,08/05/2026 10:10,cash
TXN-0000362,STORE-019,PROD-00088,CUST-000377,1,250.66,02/20/2026 00:40,mobile_wallet
TXN-0003403,STORE-001,PROD-00025,CUST-000640,5,233.72,12/16/2025 03:47,cash
TXN-0000667,STORE-018,PROD-00090,CUST-000783,2,197.2,08/30/2025 13:23,card
TXN-0001565,STORE-019,PROD-00145,CUST-000265,5,210.66,26-11-2025,mobile_wallet
TXN-0001137,STORE-014,PROD-00231,CUST-000504,3,101.96,01-12-2025,card
TXN-0000019,STORE-023,PROD-00161,CUST-000159,5,244.6,27-12-2025,card
TXN-0002609,STORE-019,PROD-00234,CUST-000934,5,218.66,12/17/2025 04:25,mobile_wallet
TXN-0001350,STORE-018,PROD-00048,CUST-000813,1,363.63,2025-08-24T20:16:42,mobile_wallet
TXN-0000881,STORE-001,PROD-00194,CUST-000589,1,137.35,06-11-2025,card
TXN-0000839,STORE-006,PROD-00220,CUST-000251,5,218.32,10/16/2025 14:10,mobile_wallet
TXN-0000074,STORE-010,PROD-00282,CUST-000701,1,311.97,31-08-2025,cash
TXN-0004763,STORE-001,PROD-00144,CUST-000698,2,362.55,02/06/2026 09:05,mobile_wallet
